VTI,01/03/2011,65.6,"1,465,047"
VTI,01/04/2011,65.47,"1,475,177"
VTI,01/05/2011,65.83,"5,170,880"
VTI,01/06/2011,65.68,"4,318,017"
VTI,01/07/2011,65.53,"2,943,950"
VTI,01/10/2011,65.58,"1,829,992"
VTI,01/11/2011,65.84,"1,091,687"
VTI,01/12/2011,66.43,"4,015,816"
VTI,01/13/2011,66.33,"1,468,844"
VTI,01/14/2011,66.76,"1,292,733"
VTI,01/18/2011,66.93,"1,288,867"
VTI,01/19/2011,66.13,"1,567,618"
VTI,01/20/2011,65.93,"1,857,698"
VTI,01/21/2011,66.04,"1,341,909"
VTI,01/24/2011,66.41,"2,149,105"
VTI,01/25/2011,66.45,"1,157,468"
VTI,01/26/2011,66.83,"1,396,077"
VTI,01/27/2011,67.03,"1,096,818"
VTI,01/28/2011,65.83,"2,088,224"
VTI,01/31/2011,66.26,"1,255,165"
VTI,02/01/2011,67.35,"2,355,466"
VTI,02/02/2011,67.27,"1,688,878"
VTI,02/03/2011,67.42,"1,807,116"
VTI,02/04/2011,67.61,"1,343,999"
VTI,02/07/2011,68.06,"1,359,229"
VTI,02/08/2011,68.4,"1,621,861"
VTI,02/09/2011,68.225,"2,110,889"
VTI,02/10/2011,68.3,"1,904,370"
VTI,02/11/2011,68.75,"1,559,793"
VTI,02/14/2011,68.93,"1,554,773"
VTI,02/15/2011,68.71,"1,598,390"
VTI,02/16/2011,69.16,"1,926,244"
VTI,02/17/2011,69.41,"2,054,843"
VTI,02/18/2011,69.54,"1,761,535"
VTI,02/22/2011,68.05,"3,180,435"
VTI,02/23/2011,67.48,"3,430,376"
VTI,02/24/2011,67.49,"4,472,056"
VTI,02/25/2011,68.3375,"3,642,242"
VTI,02/28/2011,68.71,"2,694,939"
VTI,03/01/2011,67.55,"1,429,506"
VTI,03/02/2011,67.69,"1,591,982"
VTI,03/03/2011,68.92,"1,299,380"
VTI,03/04/2011,68.46,"2,724,804"
VTI,03/07/2011,67.84,"1,564,576"
VTI,03/08/2011,68.45,"1,123,780"
VTI,03/09/2011,68.349998,"1,566,591"
VTI,03/10/2011,67.04,"2,239,847"
VTI,03/11/2011,67.49,"2,151,256"
VTI,03/14/2011,67.08,"1,624,668"
VTI,03/15/2011,66.37,"4,797,913"
VTI,03/16/2011,65.22,"3,849,162"
VTI,03/17/2011,65.97,"1,712,544"
VTI,03/18/2011,66.28,"2,606,203"
VTI,03/21/2011,67.32,"1,680,060"
VTI,03/22/2011,67.1,"2,036,862"
VTI,03/23/2011,67.260002,"1,669,337"
VTI,03/24/2011,67.9,"2,420,554"
VTI,03/25/2011,67.86,"1,956,722"
VTI,03/28/2011,67.7,"1,740,430"
VTI,03/29/2011,68.2,"1,354,475"
VTI,03/30/2011,68.71,"1,276,354"
VTI,03/31/2011,68.71,"1,318,605"
VTI,04/01/2011,69.04,"1,707,904"
VTI,04/04/2011,69.099998,"1,092,407"
VTI,04/05/2011,69.14,"1,317,572"
VTI,04/06/2011,69.32,"1,396,940"
VTI,04/07/2011,69.12,"1,507,363"
VTI,04/08/2011,68.83,"1,390,992"
VTI,04/11/2011,68.58,"1,138,496"
VTI,04/12/2011,68,"1,700,090"
VTI,04/13/2011,68.04,"1,521,456"
VTI,04/14/2011,68.08,"1,434,959"
VTI,04/15/2011,68.41,"1,377,927"
VTI,04/18/2011,67.59,"2,325,576"
VTI,04/19/2011,67.98,"1,048,739"
VTI,04/20/2011,68.97,"1,327,751"
VTI,04/21/2011,69.31,"986,347"
VTI,04/25/2011,69.24,"888,823"
VTI,04/26/2011,69.85,"1,363,590"
VTI,04/27/2011,70.3099,"2,148,850"
VTI,04/28/2011,70.52,"2,222,300"
VTI,04/29/2011,70.7,"1,713,179"
VTI,05/02/2011,70.58,"1,506,059"
VTI,05/03/2011,70.19,"1,150,766"
VTI,05/04/2011,69.67,"1,717,479"
VTI,05/05/2011,69.11,"1,513,943"
VTI,05/06/2011,69.41,"1,711,957"
VTI,05/09/2011,69.78,"1,165,523"
VTI,05/10/2011,70.4,"2,354,836"
VTI,05/11/2011,69.68,"1,842,289"
VTI,05/12/2011,70.01,"1,860,730"
VTI,05/13/2011,69.370003,"1,907,745"
VTI,05/16/2011,68.89,"1,654,688"
VTI,05/17/2011,68.83,"2,059,764"
VTI,05/18/2011,69.49,"1,430,565"
VTI,05/19/2011,69.66,"1,347,562"
VTI,05/20/2011,69.14,"1,274,534"
VTI,05/23/2011,68.26,"1,385,185"
VTI,05/24/2011,68.19,"984,684"
VTI,05/25/2011,68.47,"1,159,434"
VTI,05/26/2011,68.88,"1,121,158"
VTI,05/27/2011,69.2,"937,689"
VTI,05/31/2011,69.95,"1,605,972"
VTI,06/01/2011,68.36,"1,760,565"
VTI,06/02/2011,68.23,"1,726,440"
VTI,06/03/2011,67.53,"2,139,750"
VTI,06/06/2011,66.75,"1,893,114"
VTI,06/07/2011,66.72,"1,370,921"
VTI,06/08/2011,66.37,"1,482,478"
VTI,06/09/2011,66.84,"1,047,848"
VTI,06/10/2011,65.89,"1,743,251"
VTI,06/13/2011,65.88,"2,814,591"
VTI,06/14/2011,66.79,"1,577,061"
VTI,06/15/2011,65.6,"3,630,887"
VTI,06/16/2011,65.71,"3,039,980"
VTI,06/17/2011,65.92,"5,544,359"
VTI,06/20/2011,66.23,"3,463,192"
VTI,06/21/2011,67.24,"1,916,606"
VTI,06/22/2011,66.87,"1,948,035"
VTI,06/23/2011,66.76,"2,929,491"
VTI,06/24/2011,65.72,"1,942,126"
VTI,06/27/2011,66.28,"1,570,197"
VTI,06/28/2011,67.2,"1,814,080"
VTI,06/29/2011,67.79,"2,576,767"
VTI,06/30/2011,68.4,"1,973,000"
VTI,07/01/2011,69.38,"2,021,223"
VTI,07/05/2011,69.37,"2,260,185"
VTI,07/06/2011,69.51,"1,753,511"
VTI,07/07/2011,70.26,"1,558,817"
VTI,07/08/2011,69.76,"1,598,015"
VTI,07/11/2011,68.47,"1,961,217"
VTI,07/12/2011,68.17,"2,109,212"
VTI,07/13/2011,68.43,"1,903,924"
VTI,07/14/2011,67.85,"2,059,585"
VTI,07/15/2011,68.28,"4,489,680"
VTI,07/18/2011,67.65,"4,783,117"
VTI,07/19/2011,68.79,"1,841,585"
VTI,07/20/2011,68.75,"1,391,069"
VTI,07/21/2011,69.59,"2,109,919"
VTI,07/22/2011,69.709999,"1,162,805"
VTI,07/25/2011,69.26,"3,125,918"
VTI,07/26/2011,68.97,"1,500,203"
VTI,07/27/2011,67.45,"2,133,986"
VTI,07/28/2011,67.22,"2,788,582"
VTI,07/29/2011,66.85,"5,091,925"
VTI,08/01/2011,66.55,"5,148,639"
VTI,08/02/2011,64.79,"3,528,720"
VTI,08/03/2011,65.15,"5,828,484"
VTI,08/04/2011,61.88,"7,792,687"
VTI,08/05/2011,61.62,"7,689,962"
VTI,08/08/2011,57.35,"11,877,750"
VTI,08/09/2011,60.22,"9,100,343"
VTI,08/10/2011,57.66,"6,008,764"
VTI,08/11/2011,60.3,"5,850,979"
VTI,08/12/2011,60.7,"3,018,795"
VTI,08/15/2011,62.02,"2,803,449"
VTI,08/16/2011,61.43,"3,085,229"
VTI,08/17/2011,61.44,"2,398,546"
VTI,08/18/2011,58.7,"5,826,042"
VTI,08/19/2011,57.65,"4,061,786"
VTI,08/22/2011,57.66,"2,331,001"
VTI,08/23/2011,59.64,"3,713,935"
VTI,08/24/2011,60.49,"3,164,383"
VTI,08/25/2011,59.48,"3,379,052"
VTI,08/26/2011,60.47,"2,648,922"
VTI,08/29/2011,62.36,"1,942,383"
VTI,08/30/2011,62.53,"2,464,943"
VTI,08/31/2011,62.78,"4,318,025"
VTI,09/01/2011,62.07,"3,652,542"
VTI,09/02/2011,60.37,"2,225,512"
VTI,09/06/2011,59.99,"2,405,552"
VTI,09/07/2011,61.78,"1,325,126"
VTI,09/08/2011,61.04,"2,727,311"
VTI,09/09/2011,59.45,"2,610,776"
VTI,09/12/2011,59.87,"2,692,084"
VTI,09/13/2011,60.47,"1,683,612"
VTI,09/14/2011,61.33,"2,517,162"
VTI,09/15/2011,62.4,"3,962,126"
VTI,09/16/2011,62.7,"1,550,424"
VTI,09/19/2011,62.04,"2,066,343"
VTI,09/20/2011,61.82,"3,734,145"
VTI,09/21/2011,59.81,"4,795,172"
VTI,09/22/2011,57.97,"7,423,427"
VTI,09/23/2011,58,"4,869,256"
VTI,09/26/2011,59.37,"2,532,078"
VTI,09/27/2011,60.12,"3,318,557"
VTI,09/28/2011,58.75,"2,326,925"
VTI,09/29/2011,59.18,"2,724,127"
VTI,09/30/2011,57.72,"2,520,410"
VTI,10/03/2011,55.81,"4,172,035"
VTI,10/04/2011,57.21,"4,982,222"
VTI,10/05/2011,58.38,"7,841,539"
VTI,10/06/2011,59.51,"2,284,434"
VTI,10/07/2011,58.97,"3,015,375"
VTI,10/10/2011,61,"1,637,084"
VTI,10/11/2011,61.049999,"2,688,713"
VTI,10/12/2011,61.63,"2,856,563"
VTI,10/13/2011,61.55,"2,149,056"
VTI,10/14/2011,62.67,"1,654,439"
VTI,10/17/2011,61.4,"3,652,240"
VTI,10/18/2011,62.64,"2,641,153"
VTI,10/19/2011,61.81,"2,145,953"
VTI,10/20/2011,62.09,"1,828,926"
VTI,10/21/2011,63.26,"1,808,326"
VTI,10/24/2011,64.32,"1,737,524"
VTI,10/25/2011,63.006,"3,056,511"
VTI,10/26/2011,63.69,"1,772,874"
VTI,10/27/2011,65.89,"5,321,386"
VTI,10/28/2011,65.95,"1,285,840"
VTI,10/31/2011,64.28,"1,729,893"
VTI,11/01/2011,62.57,"2,836,973"
VTI,11/02/2011,63.6,"2,117,716"
VTI,11/03/2011,64.84,"2,056,652"
VTI,11/04/2011,64.49,"1,625,736"
VTI,11/07/2011,64.82,"1,455,778"
VTI,11/08/2011,65.6,"1,909,560"
VTI,11/09/2011,63.1,"1,886,884"
VTI,11/10/2011,63.66,"1,363,044"
VTI,11/11/2011,64.92,"1,234,100"
VTI,11/14/2011,64.28,"1,190,299"
VTI,11/15/2011,64.67,"1,076,629"
VTI,11/16/2011,63.59,"3,342,321"
VTI,11/17/2011,62.55,"1,795,447"
VTI,11/18/2011,62.46,"2,139,758"
VTI,11/21/2011,61.3,"2,008,316"
VTI,11/22/2011,61.01,"1,586,548"
VTI,11/23/2011,59.648,"2,141,885"
VTI,11/25/2011,59.46,"1,010,996"
VTI,11/28/2011,61.25,"1,887,691"
VTI,11/29/2011,61.44,"1,229,655"
VTI,11/30/2011,64.04,"2,365,788"
VTI,12/01/2011,64.04,"1,561,307"
VTI,12/02/2011,64.01,"1,746,836"
VTI,12/05/2011,64.71,"2,032,936"
VTI,12/06/2011,64.74,"1,241,402"
VTI,12/07/2011,64.91,"3,885,735"
VTI,12/08/2011,63.44,"1,964,583"
VTI,12/09/2011,64.57,"2,100,921"
VTI,12/12/2011,63.58,"1,369,644"
VTI,12/13/2011,62.9,"1,525,456"
VTI,12/14/2011,62.18,"1,896,530"
VTI,12/15/2011,62.41,"5,062,369"
VTI,12/16/2011,62.62,"1,320,387"
VTI,12/19/2011,61.89,"2,382,857"
VTI,12/20/2011,63.83,"2,053,123"
VTI,12/21/2011,63.59,"1,728,212"
VTI,12/22/2011,64.25,"1,635,942"
VTI,12/23/2011,64.74,"3,193,948"
VTI,12/27/2011,64.75,"3,100,792"
VTI,12/28/2011,63.96,"2,096,214"
VTI,12/29/2011,64.59,"1,565,128"
VTI,12/30/2011,64.3,"1,267,522"
VTI,01/03/2012,65.21,"2,230,352"
VTI,01/04/2012,65.24,"1,647,893"
VTI,01/05/2012,65.53,"1,146,220"
VTI,01/06/2012,65.38,"1,640,002"
VTI,01/09/2012,65.53,"1,978,953"
VTI,01/10/2012,66.18,"1,368,132"
VTI,01/11/2012,66.3,"1,825,296"
VTI,01/12/2012,66.46,"944,932"
VTI,01/13/2012,66.15,"1,294,628"
VTI,01/17/2012,66.3,"2,181,656"
VTI,01/18/2012,67.1,"2,007,213"
VTI,01/19/2012,67.51,"4,201,242"
VTI,01/20/2012,67.53,"1,537,518"
VTI,01/23/2012,67.5487,"3,387,425"
VTI,01/24/2012,67.54,"1,551,824"
VTI,01/25/2012,68.16,"1,737,840"
VTI,01/26/2012,67.81,"2,633,588"
VTI,01/27/2012,67.86,"2,056,659"
VTI,01/30/2012,67.59,"1,760,461"
VTI,01/31/2012,67.56,"2,250,758"
VTI,02/01/2012,68.34,"1,993,168"
VTI,02/02/2012,68.46,"19,893,750"
VTI,02/03/2012,69.48,"2,399,632"
VTI,02/06/2012,69.44,"2,289,554"
VTI,02/07/2012,69.6,"1,966,961"
VTI,02/08/2012,69.75,"2,413,073"
VTI,02/09/2012,69.86,"1,780,802"
VTI,02/10/2012,69.31,"1,365,168"
VTI,02/13/2012,69.84,"1,499,542"
VTI,02/14/2012,69.74,"1,875,899"
VTI,02/15/2012,69.44,"2,022,813"
VTI,02/16/2012,70.27,"1,601,427"
VTI,02/17/2012,70.37,"2,093,283"
VTI,02/21/2012,70.34,"1,525,822"
VTI,02/22/2012,70.12,"1,781,753"
VTI,02/23/2012,70.51,"1,500,778"
VTI,02/24/2012,70.61,"1,267,387"
VTI,02/27/2012,70.67,"1,350,442"
VTI,02/28/2012,70.87,"1,839,296"
VTI,02/29/2012,70.41,"2,211,394"
VTI,03/01/2012,70.95,"2,414,052"
VTI,03/02/2012,70.6,"1,609,402"
VTI,03/05/2012,70.28,"2,700,308"
VTI,03/06/2012,69.15,"2,394,318"
VTI,03/07/2012,69.75,"1,410,954"
VTI,03/08/2012,70.47,"1,697,396"
VTI,03/09/2012,70.82,"1,462,156"
VTI,03/12/2012,70.77,"1,431,566"
VTI,03/13/2012,72.08,"1,521,211"
VTI,03/14/2012,71.93,"1,894,595"
VTI,03/15/2012,72.35,"1,713,816"
VTI,03/16/2012,72.46,"1,178,103"
VTI,03/19/2012,72.73,"1,963,964"
VTI,03/20/2012,72.48,"1,547,262"
VTI,03/21/2012,72.4,"2,033,539"
VTI,03/22/2012,71.82,"1,823,671"
VTI,03/23/2012,72.11,"1,260,594"
VTI,03/26/2012,72.8,"1,585,397"
VTI,03/27/2012,72.56,"2,398,079"
VTI,03/28/2012,72.2,"2,864,269"
VTI,03/29/2012,72.07,"1,567,290"
VTI,03/30/2012,72.26,"1,244,325"
VTI,04/02/2012,72.87,"2,391,021"
VTI,04/03/2012,72.63,"1,861,201"
VTI,04/04/2012,71.82,"2,401,925"
VTI,04/05/2012,71.77,"1,198,672"
VTI,04/09/2012,70.93,"1,735,620"
VTI,04/10/2012,69.6,"5,395,949"
VTI,04/11/2012,70.18,"2,120,432"
VTI,04/12/2012,71.24,"1,428,567"
VTI,04/13/2012,70.37,"1,568,162"
VTI,04/16/2012,70.3,"1,438,942"
VTI,04/17/2012,71.37,"1,287,832"
VTI,04/18/2012,71.12,"1,873,467"
VTI,04/19/2012,70.71,"2,368,278"
VTI,04/20/2012,70.82,"1,223,266"
VTI,04/23/2012,70.21,"2,151,682"
VTI,04/24/2012,70.44,"2,764,617"
VTI,04/25/2012,71.48,"1,536,236"
VTI,04/26/2012,72,"1,029,371"
VTI,04/27/2012,72.17,"1,160,028"
VTI,04/30/2012,71.8,"1,108,884"
VTI,05/01/2012,72.26,"2,125,631"
VTI,05/02/2012,72.099998,"1,403,668"
VTI,05/03/2012,71.470001,"1,432,539"
VTI,05/04/2012,70.28,"1,771,890"
VTI,05/07/2012,70.33,"1,105,562"
VTI,05/08/2012,70.07,"1,908,982"
VTI,05/09/2012,69.65,"2,191,907"
VTI,05/10/2012,69.83,"2,927,966"
VTI,05/11/2012,69.64,"1,075,394"
VTI,05/14/2012,68.85,"1,631,770"
VTI,05/15/2012,68.48,"1,185,173"
VTI,05/16/2012,68.16,"1,893,550"
VTI,05/17/2012,66.98,"2,499,532"
VTI,05/18/2012,66.42,"4,340,747"
VTI,05/21/2012,67.65,"2,172,349"
VTI,05/22/2012,67.67,"1,907,890"
VTI,05/23/2012,67.79,"1,777,040"
VTI,05/24/2012,67.92,"1,193,521"
VTI,05/25/2012,67.76,"692,803"
VTI,05/29/2012,68.58,"2,232,882"
VTI,05/30/2012,67.5,"962,336"
VTI,05/31/2012,67.33,"1,701,379"
VTI,06/01/2012,65.6,"2,883,349"
VTI,06/04/2012,65.54,"3,082,973"
VTI,06/05/2012,66.04,"1,918,893"
VTI,06/06/2012,67.58,"1,571,215"
VTI,06/07/2012,67.5,"2,965,682"
VTI,06/08/2012,68.09,"1,076,841"
VTI,06/11/2012,67.14,"1,440,132"
VTI,06/12/2012,67.87,"1,324,515"
VTI,06/13/2012,67.37,"1,517,003"
VTI,06/14/2012,68.07,"1,638,488"
VTI,06/15/2012,68.77,"3,737,147"
VTI,06/18/2012,68.97,"1,790,943"
VTI,06/19/2012,69.7,"1,461,019"
VTI,06/20/2012,69.57,"1,765,386"
VTI,06/21/2012,68,"1,732,652"
VTI,06/22/2012,68.55,"1,218,209"
VTI,06/25/2012,67.09,"3,125,454"
VTI,06/26/2012,67.41,"2,155,720"
VTI,06/27/2012,68.06,"2,700,294"
VTI,06/28/2012,67.92,"1,266,592"
VTI,06/29/2012,69.7,"2,008,584"
VTI,07/02/2012,69.89,"1,567,756"
VTI,07/03/2012,70.46,"1,297,007"
VTI,07/05/2012,70.17,"1,128,017"
VTI,07/06/2012,69.51,"2,092,959"
VTI,07/09/2012,69.34,"1,117,137"
VTI,07/10/2012,68.72,"1,234,784"
VTI,07/11/2012,68.67,"854,308"
VTI,07/12/2012,68.4,"1,466,560"
VTI,07/13/2012,69.47,"2,240,008"
VTI,07/16/2012,69.3,"670,878"
VTI,07/17/2012,69.76,"1,976,189"
VTI,07/18/2012,70.26,"1,975,401"
VTI,07/19/2012,70.38,"1,023,272"
VTI,07/20/2012,69.74,"1,028,535"
VTI,07/23/2012,68.97,"1,398,035"
VTI,07/24/2012,68.35,"1,128,441"
VTI,07/25/2012,68.36,"1,299,381"
VTI,07/26/2012,69.4,"1,120,931"
VTI,07/27/2012,70.77,"1,422,042"
VTI,07/30/2012,70.7,"1,882,844"
VTI,07/31/2012,70.31,"841,116"
VTI,08/01/2012,70.03,"1,300,580"
VTI,08/02/2012,69.55,"1,166,067"
VTI,08/03/2012,70.96,"1,486,318"
VTI,08/06/2012,71.14,"1,019,563"
VTI,08/07/2012,71.57,"1,085,900"
VTI,08/08/2012,71.66,"945,677"
VTI,08/09/2012,71.72,"699,196"
VTI,08/10/2012,71.86,"1,391,290"
VTI,08/13/2012,71.8,"1,489,402"
VTI,08/14/2012,71.78,"1,070,209"
VTI,08/15/2012,71.94,"897,302"
VTI,08/16/2012,72.49,"1,422,582"
VTI,08/17/2012,72.63,"1,140,306"
VTI,08/20/2012,72.62,"1,145,063"
VTI,08/21/2012,72.47,"2,609,321"
VTI,08/22/2012,72.38,"2,093,285"
VTI,08/23/2012,71.84,"1,682,269"
VTI,08/24/2012,72.25,"969,758"
VTI,08/27/2012,72.24,"933,523"
VTI,08/28/2012,72.23,"883,955"
VTI,08/29/2012,72.32,"1,231,521"
VTI,08/30/2012,71.78,"717,924"
VTI,08/31/2012,72.21,"1,273,528"
VTI,09/04/2012,72.16,"1,194,825"
VTI,09/05/2012,72.16,"998,137"
VTI,09/06/2012,73.6,"1,738,444"
VTI,09/07/2012,73.96,"1,408,209"
VTI,09/10/2012,73.52,"962,576"
VTI,09/11/2012,73.68,"1,335,000"
VTI,09/12/2012,73.99,"1,364,779"
VTI,09/13/2012,75.1,"2,242,345"
VTI,09/14/2012,75.5,"5,731,092"
VTI,09/17/2012,75.19,"1,347,811"
VTI,09/18/2012,75.06,"2,004,132"
VTI,09/19/2012,75.12,"836,068"
VTI,09/20/2012,75.02,"2,569,462"
VTI,09/21/2012,75.04,"954,526"
VTI,09/24/2012,74.51,"1,437,043"
VTI,09/25/2012,73.75,"1,619,147"
VTI,09/26/2012,73.26,"1,482,540"
VTI,09/27/2012,73.99,"956,883"
VTI,09/28/2012,73.65,"1,397,918"
VTI,10/01/2012,73.78,"1,864,039"
VTI,10/02/2012,73.89,"2,135,959"
VTI,10/03/2012,74.16,"1,118,760"
VTI,10/04/2012,74.72,"1,614,428"
VTI,10/05/2012,74.7,"1,317,303"
VTI,10/08/2012,74.41,"1,128,777"
VTI,10/09/2012,73.66,"4,611,511"
VTI,10/10/2012,73.23,"1,263,960"
VTI,10/11/2012,73.34,"1,405,763"
VTI,10/12/2012,73.02,"2,111,862"
VTI,10/15/2012,73.62,"948,774"
VTI,10/16/2012,74.38,"2,616,278"
VTI,10/17/2012,74.73,"1,265,164"
VTI,10/18/2012,74.58,"1,156,860"
VTI,10/19/2012,73.29,"1,466,694"
VTI,10/22/2012,73.29,"1,394,018"
VTI,10/23/2012,72.36,"2,302,350"
VTI,10/24/2012,72.16,"1,250,349"
VTI,10/25/2012,72.36,"1,092,506"
VTI,10/26/2012,72.28,"1,154,797"
VTI,10/31/2012,72.32,"1,373,191"
VTI,11/01/2012,73.23,"1,519,093"
VTI,11/02/2012,72.47,"1,467,130"
VTI,11/05/2012,72.7,"1,368,142"
VTI,11/06/2012,73.25,"1,066,632"
VTI,11/07/2012,71.61,"4,727,214"
VTI,11/08/2012,70.7,"1,926,021"
VTI,11/09/2012,70.77,"1,974,105"
VTI,11/12/2012,70.81,"3,436,500"
VTI,11/13/2012,70.54,"1,497,403"
VTI,11/14/2012,69.55,"3,587,611"
VTI,11/15/2012,69.37,"2,332,065"
VTI,11/16/2012,69.75,"1,807,155"
VTI,11/19/2012,71.19,"2,239,686"
VTI,11/20/2012,71.27,"2,151,197"
VTI,11/21/2012,71.45,"1,144,603"
VTI,11/23/2012,72.38,"787,890"
VTI,11/26/2012,72.29,"1,698,442"
VTI,11/27/2012,71.91,"1,655,526"
VTI,11/28/2012,72.48,"1,733,097"
VTI,11/29/2012,72.9,"3,237,058"
VTI,11/30/2012,72.88,"1,773,762"
VTI,12/03/2012,72.56,"1,671,147"
VTI,12/04/2012,72.46,"1,325,585"
VTI,12/05/2012,72.6,"1,913,698"
VTI,12/06/2012,72.83,"1,272,913"
VTI,12/07/2012,73.04,"1,845,687"
VTI,12/10/2012,73.13,"1,318,415"
VTI,12/11/2012,73.59,"2,300,622"
VTI,12/12/2012,73.6199,"2,046,113"
VTI,12/13/2012,73.2,"2,235,567"
VTI,12/14/2012,72.89,"1,810,601"
VTI,12/17/2012,73.8,"3,289,763"
VTI,12/18/2012,74.66,"3,438,881"
VTI,12/19/2012,74.2,"3,682,355"
VTI,12/20/2012,74.06,"4,600,919"
VTI,12/21/2012,73.43,"4,402,420"
VTI,12/24/2012,73.18,"1,430,529"
VTI,12/26/2012,72.83,"2,479,522"
VTI,12/27/2012,72.77,"3,277,481"
VTI,12/28/2012,71.98,"3,619,439"
VTI,12/31/2012,73.28,"8,360,211"
VTI,01/02/2013,75.14,"5,037,791"
VTI,01/03/2013,75.03,"2,634,581"
VTI,01/04/2013,75.43,"2,515,007"
VTI,01/07/2013,75.21,"2,511,151"
VTI,01/08/2013,75.01,"1,407,877"
VTI,01/09/2013,75.24,"1,421,860"
VTI,01/10/2013,75.76,"1,404,894"
VTI,01/11/2013,75.77,"1,248,485"
VTI,01/14/2013,75.69,"2,745,051"
VTI,01/15/2013,75.83,"1,109,099"
VTI,01/16/2013,75.77,"1,211,404"
VTI,01/17/2013,76.29,"1,534,789"
VTI,01/18/2013,76.5,"2,173,708"
VTI,01/22/2013,76.9,"3,583,897"
VTI,01/23/2013,76.99,"2,295,163"
VTI,01/24/2013,77.08,"5,386,731"
VTI,01/25/2013,77.51,"2,997,058"
VTI,01/28/2013,77.44,"1,634,073"
VTI,01/29/2013,77.7,"2,279,301"
VTI,01/30/2013,77.39,"2,074,184"
VTI,01/31/2013,77.25,"2,611,291"
VTI,02/01/2013,78,"2,549,920"
VTI,02/04/2013,77.18,"2,457,618"
VTI,02/05/2013,77.91,"1,609,726"
VTI,02/06/2013,78.05,"1,739,446"
VTI,02/07/2013,77.91,"2,260,093"
VTI,02/08/2013,78.38,"4,399,067"
VTI,02/11/2013,78.34,"2,112,681"
VTI,02/12/2013,78.47,"1,568,551"
VTI,02/13/2013,78.58,"1,346,478"
VTI,02/14/2013,78.68,"1,287,478"
VTI,02/15/2013,78.59,"1,248,363"
VTI,02/19/2013,79.14,"1,762,924"
VTI,02/20/2013,78.09,"2,507,558"
VTI,02/21/2013,77.56,"2,641,268"
VTI,02/22/2013,78.31,"1,833,141"
VTI,02/25/2013,76.87,"1,979,344"
VTI,02/26/2013,77.36,"2,505,679"
VTI,02/27/2013,78.31,"1,442,467"
VTI,02/28/2013,78.24,"1,569,286"
VTI,03/01/2013,78.42,"1,884,737"
VTI,03/04/2013,78.78,"1,418,035"
VTI,03/05/2013,79.57,"1,854,982"
VTI,03/06/2013,79.69,"2,044,933"
VTI,03/07/2013,79.88,"1,563,948"
VTI,03/08/2013,80.27,"1,987,322"
VTI,03/11/2013,80.5,"1,610,002"
VTI,03/12/2013,80.36,"1,506,418"
VTI,03/13/2013,80.51,"1,021,895"
VTI,03/14/2013,80.96,"1,328,113"
VTI,03/15/2013,80.87,"1,850,611"
VTI,03/18/2013,80.43,"1,983,377"
VTI,03/19/2013,80.21,"1,522,477"
VTI,03/20/2013,80.81,"1,475,817"
VTI,03/21/2013,80.16,"1,418,886"
VTI,03/22/2013,80.29,"1,648,168"
VTI,03/25/2013,80.02,"2,905,635"
VTI,03/26/2013,80.62,"1,322,817"
VTI,03/27/2013,80.68,"2,494,137"
VTI,03/28/2013,80.96,"1,897,616"
VTI,04/01/2013,80.53,"3,097,554"
VTI,04/02/2013,80.77,"2,480,868"
VTI,04/03/2013,79.89,"2,266,022"
VTI,04/04/2013,80.24,"1,317,801"
VTI,04/05/2013,79.96,"1,533,466"
VTI,04/08/2013,80.45,"1,927,447"
VTI,04/09/2013,80.68,"1,178,268"
VTI,04/10/2013,81.72,"2,209,439"
VTI,04/11/2013,82.03,"1,263,183"
VTI,04/12/2013,81.74,"1,413,431"
VTI,04/15/2013,79.75,"3,054,426"
VTI,04/16/2013,80.93,"1,945,486"
VTI,04/17/2013,79.72,"2,688,465"
VTI,04/18/2013,79.22,"1,505,732"
VTI,04/19/2013,79.98,"965,448"
VTI,04/22/2013,80.32,"1,237,158"
VTI,04/23/2013,81.19,"1,957,530"
VTI,04/24/2013,81.31,"1,039,735"
VTI,04/25/2013,81.64,"1,120,899"
VTI,04/26/2013,81.49,"1,150,153"
VTI,04/29/2013,82.01,"2,118,506"
VTI,04/30/2013,82.26,"1,740,806"
VTI,05/01/2013,81.42,"2,159,620"
VTI,05/02/2013,82.27,"1,616,163"
VTI,05/03/2013,83.04,"2,382,815"
VTI,05/06/2013,83.36,"1,879,055"
VTI,05/07/2013,83.82,"1,967,330"
VTI,05/08/2013,84.21,"1,734,875"
VTI,05/09/2013,83.93,"1,495,164"
VTI,05/10/2013,84.3,"1,333,185"
VTI,05/13/2013,84.32,"1,285,270"
VTI,05/14/2013,85.19,"1,440,016"
VTI,05/15/2013,85.56,"2,743,535"
VTI,05/16/2013,85.21,"2,006,233"
VTI,05/17/2013,86.08,"1,540,283"
VTI,05/20/2013,86.07,"1,680,805"
VTI,05/21/2013,86.21,"1,483,135"
VTI,05/22/2013,85.36,"3,377,933"
VTI,05/23/2013,85.2,"2,749,617"
VTI,05/24/2013,85.09,"1,151,685"
VTI,05/28/2013,85.64,"2,120,814"
VTI,05/29/2013,85.06,"2,420,793"
VTI,05/30/2013,85.41,"1,629,962"
VTI,05/31/2013,84.27,"2,005,196"
VTI,06/03/2013,84.61,"3,620,455"
VTI,06/04/2013,84.2,"2,311,817"
VTI,06/05/2013,83.01,"2,945,337"
VTI,06/06/2013,83.79,"2,633,816"
VTI,06/07/2013,84.83,"2,391,530"
VTI,06/10/2013,84.86,"3,643,580"
VTI,06/11/2013,84,"2,102,144"
VTI,06/12/2013,83.29,"2,568,602"
VTI,06/13/2013,84.58,"4,100,020"
VTI,06/14/2013,84.1,"1,653,451"
VTI,06/17/2013,84.69,"2,416,897"
VTI,06/18/2013,85.33,"2,095,060"
VTI,06/19/2013,84.24,"4,448,042"
VTI,06/20/2013,82.15,"4,933,132"
VTI,06/21/2013,82.36,"4,227,663"
VTI,06/24/2013,80.92,"5,378,382"
VTI,06/25/2013,81.73,"2,625,695"
VTI,06/26/2013,82.49,"2,496,901"
VTI,06/27/2013,83.1,"2,211,598"
VTI,06/28/2013,82.67,"3,023,144"
VTI,07/01/2013,83.36,"2,096,908"
VTI,07/02/2013,83.27,"1,958,485"
VTI,07/03/2013,83.39,"1,004,787"
VTI,07/05/2013,84.28,"2,433,974"
VTI,07/08/2013,84.73,"1,972,639"
VTI,07/09/2013,85.33,"2,229,821"
VTI,07/10/2013,85.37,"4,399,782"
VTI,07/11/2013,86.61,"3,560,846"
VTI,07/12/2013,86.69,"2,141,330"
VTI,07/15/2013,87.02,"2,340,161"
VTI,07/16/2013,86.63,"1,637,833"
VTI,07/17/2013,86.91,"1,718,720"
VTI,07/18/2013,87.4,"2,100,027"
VTI,07/19/2013,87.53,"1,604,279"
VTI,07/22/2013,87.72,"2,120,978"
VTI,07/23/2013,87.56,"1,915,157"
VTI,07/24/2013,87.21,"2,997,510"
VTI,07/25/2013,87.53,"1,781,783"
VTI,07/26/2013,87.54,"1,845,100"
VTI,07/29/2013,87.24,"1,681,843"
VTI,07/30/2013,87.33,"1,379,815"
VTI,07/31/2013,87.42,"2,211,463"
VTI,08/01/2013,88.53,"2,423,286"
VTI,08/02/2013,88.57,"2,224,435"
VTI,08/05/2013,88.58,"1,167,319"
VTI,08/06/2013,88,"1,587,847"
VTI,08/07/2013,87.65,"1,542,981"
VTI,08/08/2013,88.01,"2,251,221"
VTI,08/09/2013,87.79,"2,519,723"
VTI,08/12/2013,87.73,"1,102,109"
VTI,08/13/2013,87.92,"1,298,176"
VTI,08/14/2013,87.46,"1,369,533"
VTI,08/15/2013,86.16,"2,729,740"
VTI,08/16/2013,85.88,"4,933,539"
VTI,08/19/2013,85.3,"2,112,167"
VTI,08/20/2013,85.86,"2,047,454"
VTI,08/21/2013,85.36,"3,103,580"
VTI,08/22/2013,86.12,"2,065,158"
VTI,08/23/2013,86.48,"1,268,711"
VTI,08/26/2013,86.26,"1,981,913"
VTI,08/27/2013,84.73,"2,188,611"
VTI,08/28/2013,85.04,"1,444,073"
VTI,08/29/2013,85.27,"1,291,291"
VTI,08/30/2013,84.77,"2,437,688"
VTI,09/03/2013,85.2,"1,807,173"
VTI,09/04/2013,85.96,"2,610,909"
VTI,09/05/2013,86.06,"1,511,229"
VTI,09/06/2013,86.13,"1,807,564"
VTI,09/09/2013,87.1,"1,811,126"
VTI,09/10/2013,87.78,"3,454,854"
VTI,09/11/2013,88.01,"1,573,240"
VTI,09/12/2013,87.74,"1,124,595"
VTI,09/13/2013,87.92,"1,793,260"
VTI,09/16/2013,88.43,"2,525,666"
VTI,09/17/2013,88.9,"1,656,788"
VTI,09/18/2013,89.94,"2,702,732"
VTI,09/19/2013,89.8,"2,644,450"
VTI,09/20/2013,89.2,"2,673,422"
VTI,09/23/2013,88.37,"2,586,567"
VTI,09/24/2013,88.23,"4,013,450"
VTI,09/25/2013,88.07,"1,345,342"
VTI,09/26/2013,88.41,"1,209,964"
VTI,09/27/2013,88.06,"1,938,846"
VTI,09/30/2013,87.65,"2,522,110"
VTI,10/01/2013,88.41,"3,075,770"
VTI,10/02/2013,88.26,"2,014,438"
VTI,10/03/2013,87.51,"8,263,253"
VTI,10/04/2013,88.15,"2,509,787"
VTI,10/07/2013,87.36,"1,598,712"
VTI,10/08/2013,86.2,"3,431,779"
VTI,10/09/2013,86.14,"3,788,990"
VTI,10/10/2013,88.08,"4,044,292"
VTI,10/11/2013,88.7,"3,132,979"
VTI,10/14/2013,89.09,"1,851,466"
VTI,10/15/2013,88.41,"2,603,164"
VTI,10/16/2013,89.65,"2,427,801"
VTI,10/17/2013,90.31,"4,442,142"
VTI,10/18/2013,90.95,"2,996,694"
VTI,10/21/2013,90.9,"2,461,638"
VTI,10/22/2013,91.42,"3,757,725"
VTI,10/23/2013,90.99,"2,779,453"
VTI,10/24/2013,91.34,"1,713,387"
VTI,10/25/2013,91.67,"2,038,693"
VTI,10/28/2013,91.74,"1,713,980"
VTI,10/29/2013,92.2,"1,454,409"
VTI,10/30/2013,91.66,"2,641,225"
VTI,10/31/2013,91.385,"2,938,530"
VTI,11/01/2013,91.51,"2,477,587"
VTI,11/04/2013,91.925,"3,443,708"
VTI,11/05/2013,91.66,"2,301,321"
VTI,11/06/2013,91.9,"2,655,146"
VTI,11/07/2013,90.68,"2,876,240"
VTI,11/08/2013,91.89,"2,638,064"
VTI,11/11/2013,91.95,"1,729,480"
VTI,11/12/2013,91.81,"2,067,931"
VTI,11/13/2013,92.59,"1,837,936"
VTI,11/14/2013,93.03,"1,971,113"
VTI,11/15/2013,93.44,"1,623,907"
VTI,11/18/2013,93,"3,123,311"
VTI,11/19/2013,92.73,"1,828,706"
VTI,11/20/2013,92.44,"1,931,365"
VTI,11/21/2013,93.27,"2,720,658"
VTI,11/22/2013,93.73,"2,687,293"
VTI,11/25/2013,93.63,"1,719,504"
VTI,11/26/2013,93.72,"1,355,109"
VTI,11/27/2013,93.99,"1,480,838"
VTI,11/29/2013,93.86,"934,611"
VTI,12/02/2013,93.66,"3,209,499"
VTI,12/03/2013,93.3,"2,129,126"
VTI,12/04/2013,93.17,"2,300,829"
VTI,12/05/2013,92.9,"2,185,366"
VTI,12/06/2013,93.86,"2,071,554"
VTI,12/09/2013,94.07,"2,129,635"
VTI,12/10/2013,93.76,"2,404,230"
VTI,12/11/2013,92.6,"3,887,996"
VTI,12/12/2013,92.43,"3,587,024"
VTI,12/13/2013,92.46,"3,605,683"
VTI,12/16/2013,93.11,"3,207,498"
VTI,12/17/2013,92.83,"3,379,077"
VTI,12/18/2013,94.33,"4,089,920"
VTI,12/19/2013,94.2,"6,352,584"
VTI,12/20/2013,94.33,"6,210,338"
VTI,12/23/2013,94.89,"3,095,055"
VTI,12/24/2013,95.15,"1,362,122"
VTI,12/26/2013,95.6,"2,940,533"
VTI,12/27/2013,95.54,"2,370,565"
VTI,12/30/2013,95.57,"3,159,940"
VTI,12/31/2013,95.92,"4,575,304"
VTI,01/02/2014,95.08,"3,728,195"
VTI,01/03/2014,95.06,"3,206,257"
VTI,01/06/2014,94.81,"3,169,428"
VTI,01/07/2014,95.42,"2,617,173"
VTI,01/08/2014,95.49,"3,783,101"
VTI,01/09/2014,95.57,"3,440,502"
VTI,01/10/2014,95.84,"2,903,689"
VTI,01/13/2014,94.63,"4,322,679"
VTI,01/14/2014,95.67,"2,660,499"
VTI,01/15/2014,96.15,"2,525,070"
VTI,01/16/2014,96.08,"3,058,195"
VTI,01/17/2014,95.71,"2,716,468"
VTI,01/21/2014,96.03,"5,557,207"
VTI,01/22/2014,96.21,"1,860,933"
VTI,01/23/2014,95.38,"3,223,541"
VTI,01/24/2014,93.32,"7,277,811"
VTI,01/27/2014,92.72,"6,667,493"
VTI,01/28/2014,93.37,"10,136,083"
VTI,01/29/2014,92.41,"4,720,224"
VTI,01/30/2014,93.49,"2,540,836"
VTI,01/31/2014,92.88,"4,101,025"
VTI,02/03/2014,90.7,"6,569,089"
VTI,02/04/2014,91.39,"3,427,235"
VTI,02/05/2014,91.25,"3,407,334"
VTI,02/06/2014,92.36,"3,237,424"
VTI,02/07/2014,93.55,"3,541,428"
VTI,02/10/2014,93.66,"3,419,786"
VTI,02/11/2014,94.73,"4,287,872"
VTI,02/12/2014,94.86,"3,128,653"
VTI,02/13/2014,95.44,"2,726,441"
VTI,02/14/2014,95.9,"2,244,504"
VTI,02/18/2014,96.18,"3,006,450"
VTI,02/19/2014,95.54,"2,320,600"
VTI,02/20/2014,96.18,"2,657,942"
VTI,02/21/2014,96.1,"1,952,033"
VTI,02/24/2014,96.65,"2,357,611"
VTI,02/25/2014,96.61,"2,427,541"
VTI,02/26/2014,96.71,"1,934,625"
VTI,02/27/2014,97.22,"1,593,974"
VTI,02/28/2014,97.4,"2,302,777"
VTI,03/03/2014,96.69,"2,743,507"
VTI,03/04/2014,98.21,"3,105,445"
VTI,03/05/2014,98.23,"1,855,317"
VTI,03/06/2014,98.41,"2,084,504"
VTI,03/07/2014,98.38,"2,312,130"
VTI,03/10/2014,98.31,"2,586,580"
VTI,03/11/2014,97.76,"3,718,531"
VTI,03/12/2014,97.83,"2,225,616"
VTI,03/13/2014,96.7,"3,482,366"
VTI,03/14/2014,96.58,"2,892,370"
VTI,03/17/2014,97.35,"2,735,794"
VTI,03/18/2014,98.18,"3,673,393"
VTI,03/19/2014,97.62,"2,705,425"
VTI,03/20/2014,98.11,"1,466,975"
VTI,03/21/2014,97.75,"2,821,826"
VTI,03/24/2014,97.18,"3,922,560"
VTI,03/25/2014,97.1,"1,741,203"
VTI,03/26/2014,96.29,"2,895,955"
VTI,03/27/2014,96.09,"3,835,139"
VTI,03/28/2014,96.52,"1,533,265"
VTI,03/31/2014,97.47,"2,978,396"
VTI,04/01/2014,98.23,"3,882,619"
VTI,04/02/2014,98.54,"2,855,341"
VTI,04/03/2014,98.27,"2,169,733"
VTI,04/04/2014,96.92,"3,026,946"
VTI,04/07/2014,95.76,"5,316,174"
VTI,04/08/2014,96.18,"3,728,421"
VTI,04/09/2014,97.33,"1,976,352"
VTI,04/10/2014,95.19,"3,285,368"
VTI,04/11/2014,94.25,"3,380,149"
VTI,04/14/2014,94.89,"3,248,568"
VTI,04/15/2014,95.54,"3,339,352"
VTI,04/16/2014,96.54,"4,498,548"
VTI,04/17/2014,96.73,"2,241,079"
VTI,04/21/2014,97.12,"3,042,964"
VTI,04/22/2014,97.62,"2,442,433"
VTI,04/23/2014,97.37,"1,798,403"
VTI,04/24/2014,97.5,"1,471,378"
VTI,04/25/2014,96.55,"1,927,679"
VTI,04/28/2014,96.69,"2,046,041"
VTI,04/29/2014,97.17,"3,062,495"
VTI,04/30/2014,97.53,"1,423,873"
VTI,05/01/2014,97.56,"1,776,279"
VTI,05/02/2014,97.48,"1,687,944"
VTI,05/05/2014,97.64,"1,300,868"
VTI,05/06/2014,96.74,"1,335,358"
VTI,05/07/2014,97.19,"1,644,124"
VTI,05/08/2014,96.93,"1,863,494"
VTI,05/09/2014,97.17,"1,637,463"
VTI,05/12/2014,98.27,"1,847,358"
VTI,05/13/2014,98.21,"1,526,629"
VTI,05/14/2014,97.67,"1,387,462"
VTI,05/15/2014,96.77,"2,149,185"
VTI,05/16/2014,97.18,"1,151,766"
VTI,05/19/2014,97.63,"1,209,963"
VTI,05/20/2014,96.9,"1,858,833"
VTI,05/21/2014,97.65,"1,286,446"
VTI,05/22/2014,97.98,"962,381"
VTI,05/23/2014,98.49,"1,171,891"
VTI,05/27/2014,99.14,"1,458,809"
VTI,05/28/2014,99.03,"1,383,092"
VTI,05/29/2014,99.56,"1,320,144"
VTI,05/30/2014,99.58,"1,444,669"
VTI,06/02/2014,99.7,"2,762,567"
VTI,06/03/2014,99.66,"941,969"
VTI,06/04/2014,99.87,"1,754,136"
VTI,06/05/2014,100.68,"1,797,410"
VTI,06/06/2014,101.2,"1,929,381"
VTI,06/09/2014,101.37,"1,683,387"
VTI,06/10/2014,101.35,"1,569,781"
VTI,06/11/2014,101.01,"2,068,825"
VTI,06/12/2014,100.29,"2,197,374"
VTI,06/13/2014,100.62,"2,099,287"
VTI,06/16/2014,100.7,"2,778,042"
VTI,06/17/2014,101.06,"1,089,769"
VTI,06/18/2014,101.81,"1,326,213"
VTI,06/19/2014,101.93,"2,130,674"
VTI,06/20/2014,102.17,"1,952,843"
VTI,06/23/2014,102.14,"1,308,572"
VTI,06/24/2014,101.009,"1,613,472"
VTI,06/25/2014,101.52,"1,379,221"
VTI,06/26/2014,101.46,"1,423,897"
VTI,06/27/2014,101.73,"1,378,823"
VTI,06/30/2014,101.77,"1,600,811"
VTI,07/01/2014,102.5,"1,818,541"
VTI,07/02/2014,102.44,"1,504,485"
VTI,07/03/2014,102.98,"987,059"
VTI,07/07/2014,102.44,"2,199,762"
VTI,07/08/2014,101.66,"2,130,067"
VTI,07/09/2014,102.1,"1,866,593"
VTI,07/10/2014,101.65,"1,564,138"
VTI,07/11/2014,101.74,"1,253,044"
VTI,07/14/2014,102.23,"1,060,690"
VTI,07/15/2014,101.97,"2,591,159"
VTI,07/16/2014,102.23,"1,933,303"
VTI,07/17/2014,101.05,"1,980,424"
VTI,07/18/2014,102.14,"996,222"
VTI,07/21/2014,101.9,"1,434,685"
VTI,07/22/2014,102.42,"1,198,262"
VTI,07/23/2014,102.66,"736,525"
VTI,07/24/2014,102.68,"925,987"
VTI,07/25/2014,102.14,"1,145,682"
VTI,07/28/2014,102.11,"1,189,382"
VTI,07/29/2014,101.74,"1,090,872"
VTI,07/30/2014,101.81,"1,552,957"
VTI,07/31/2014,99.74,"2,939,894"
VTI,08/01/2014,99.49,"5,157,387"
VTI,08/04/2014,100.17,"3,320,072"
VTI,08/05/2014,99.29,"2,856,410"
VTI,08/06/2014,99.31,"1,763,235"
VTI,08/07/2014,98.79,"3,313,662"
VTI,08/08/2014,99.93,"1,566,847"
VTI,08/11/2014,100.29,"1,981,877"
VTI,08/12/2014,100.11,"1,375,270"
VTI,08/13/2014,100.82,"1,209,649"
VTI,08/14/2014,101.26,"1,850,375"
VTI,08/15/2014,101.27,"3,760,319"
VTI,08/18/2014,102.18,"2,718,599"
VTI,08/19/2014,102.69,"1,896,845"
VTI,08/20/2014,102.93,"2,929,799"
VTI,08/21/2014,103.16,"1,592,271"
VTI,08/22/2014,103.01,"1,746,499"
VTI,08/25/2014,103.55,"1,216,720"
VTI,08/26/2014,103.74,"1,464,906"
VTI,08/27/2014,103.68,"1,154,488"
VTI,08/28/2014,103.57,"1,429,743"
VTI,08/29/2014,103.88,"1,736,981"
VTI,09/02/2014,103.96,"1,738,410"
VTI,09/03/2014,103.85,"1,523,948"
VTI,09/04/2014,103.63,"1,591,152"
VTI,09/05/2014,104.11,"1,490,403"
VTI,09/08/2014,103.9,"1,416,202"
VTI,09/09/2014,103.17,"1,296,103"
VTI,09/10/2014,103.56,"1,290,855"
VTI,09/11/2014,103.75,"1,617,325"
VTI,09/12/2014,103.08,"2,477,253"
VTI,09/15/2014,102.81,"3,846,239"
VTI,09/16/2014,103.54,"1,242,455"
VTI,09/17/2014,103.65,"2,085,218"
VTI,09/18/2014,104.18,"1,829,160"
VTI,09/19/2014,103.98,"1,932,966"
VTI,09/22/2014,103.02,"2,333,101"
VTI,09/23/2014,102.3566,"1,965,294"
VTI,09/24/2014,102.69,"2,364,260"
VTI,09/25/2014,101.08,"3,000,939"
VTI,09/26/2014,101.9,"2,227,487"
VTI,09/29/2014,101.72,"2,828,096"
VTI,09/30/2014,101.24,"2,140,592"
VTI,10/01/2014,99.91,"3,990,407"
VTI,10/02/2014,99.96,"3,237,540"
VTI,10/03/2014,101.08,"2,303,773"
VTI,10/06/2014,100.88,"1,758,831"
VTI,10/07/2014,99.32,"2,152,221"
VTI,10/08/2014,100.97,"3,456,211"
VTI,10/09/2014,98.89,"3,023,011"
VTI,10/10/2014,97.66,"3,785,416"
VTI,10/13/2014,96.1,"5,352,591"
VTI,10/14/2014,96.4,"3,914,107"
VTI,10/15/2014,95.86,"8,266,780"
VTI,10/16/2014,96.07,"6,327,745"
VTI,10/17/2014,97.12,"3,855,146"
VTI,10/20/2014,98.09,"2,487,778"
VTI,10/21/2014,100.03,"4,004,368"
VTI,10/22/2014,99.25,"3,905,820"
VTI,10/23/2014,100.45,"4,211,561"
VTI,10/24/2014,101.15,"2,899,916"
VTI,10/27/2014,101.01,"2,585,921"
VTI,10/28/2014,102.32,"2,848,280"
VTI,10/29/2014,102.17,"2,621,164"
VTI,10/30/2014,102.8,"2,593,381"
VTI,10/31/2014,104.02,"3,276,341"
VTI,11/03/2014,104.08,"3,672,517"
VTI,11/04/2014,103.7,"2,584,189"
VTI,11/05/2014,104.19,"2,580,373"
VTI,11/06/2014,104.7,"2,096,219"
VTI,11/07/2014,104.78,"1,746,276"
VTI,11/10/2014,105.1,"2,923,502"
VTI,11/11/2014,105.2,"1,178,039"
VTI,11/12/2014,105.18,"1,089,817"
VTI,11/13/2014,105.16,"1,671,120"
VTI,11/14/2014,105.17,"2,173,866"
VTI,11/17/2014,105.16,"1,449,632"
VTI,11/18/2014,105.78,"1,485,999"
VTI,11/19/2014,105.51,"1,771,170"
VTI,11/20/2014,105.81,"1,502,527"
VTI,11/21/2014,106.37,"3,435,550"
VTI,11/24/2014,106.76,"3,990,925"
VTI,11/25/2014,106.74,"2,310,741"
VTI,11/26/2014,106.98,"1,178,328"
VTI,11/28/2014,106.6,"944,071"
VTI,12/01/2014,105.7,"2,754,667"
VTI,12/02/2014,106.36,"2,450,866"
VTI,12/03/2014,106.84,"3,299,494"
VTI,12/04/2014,106.71,"2,417,646"
VTI,12/05/2014,106.95,"3,314,663"
VTI,12/08/2014,106.19,"2,070,153"
VTI,12/09/2014,106.25,"3,044,080"
VTI,12/10/2014,104.51,"3,507,254"
VTI,12/11/2014,104.99,"3,340,104"
VTI,12/12/2014,103.34,"3,956,618"
VTI,12/15/2014,102.59,"4,328,145"
VTI,12/16/2014,101.83,"7,528,271"
VTI,12/17/2014,104.01,"4,949,023"
VTI,12/18/2014,106.47,"6,384,417"
VTI,12/19/2014,106.91,"3,575,627"
VTI,12/22/2014,106.77,"5,630,224"
VTI,12/23/2014,107.01,"4,050,508"
VTI,12/24/2014,107.04,"1,702,637"
VTI,12/26/2014,107.36,"3,293,504"
VTI,12/29/2014,107.59,"3,746,681"
VTI,12/30/2014,107.06,"4,472,965"
VTI,12/31/2014,106,"2,224,372"
VTI,01/02/2015,105.92,"5,298,337"
VTI,01/05/2015,104.1,"5,383,515"
VTI,01/06/2015,103.08,"4,226,088"
VTI,01/07/2015,104.31,"3,661,477"
VTI,01/08/2015,106.15,"2,796,199"
VTI,01/09/2015,105.27,"3,272,516"
VTI,01/12/2015,104.52,"3,705,861"
VTI,01/13/2015,104.28,"2,936,211"
VTI,01/14/2015,103.71,"3,291,596"
VTI,01/15/2015,102.66,"5,615,205"
VTI,01/16/2015,104.0199,"2,768,919"
VTI,01/20/2015,104.17,"3,186,869"
VTI,01/21/2015,104.64,"3,119,439"
VTI,01/22/2015,106.23,"3,583,462"
VTI,01/23/2015,105.75,"4,571,863"
VTI,01/26/2015,106.19,"4,106,519"
VTI,01/27/2015,104.95,"2,709,263"
VTI,01/28/2015,103.53,"2,830,435"
VTI,01/29/2015,104.52,"2,607,177"
VTI,01/30/2015,103.1,"4,486,875"
VTI,02/02/2015,104.26,"4,083,160"
VTI,02/03/2015,105.86,"3,321,993"
VTI,02/04/2015,105.49,"3,141,740"
VTI,02/05/2015,106.65,"3,163,473"
VTI,02/06/2015,106.33,"2,844,451"
VTI,02/09/2015,105.8,"1,773,849"
VTI,02/10/2015,106.88,"1,866,282"
VTI,02/11/2015,106.93,"2,184,558"
VTI,02/12/2015,107.96,"4,443,350"
VTI,02/13/2015,108.47,"3,147,665"
VTI,02/17/2015,108.64,"4,146,990"
VTI,02/18/2015,108.7,"2,542,592"
VTI,02/19/2015,108.67,"2,349,039"
VTI,02/20/2015,109.28,"2,402,621"
VTI,02/23/2015,109.27,"3,033,984"
VTI,02/24/2015,109.52,"2,856,494"
VTI,02/25/2015,109.48,"2,652,084"
VTI,02/26/2015,109.41,"1,741,959"
VTI,02/27/2015,109.02,"1,825,415"
VTI,03/02/2015,109.69,"2,681,108"
VTI,03/03/2015,109.24,"2,615,721"
VTI,03/04/2015,108.8,"1,949,922"
VTI,03/05/2015,108.97,"1,752,506"
VTI,03/06/2015,107.46,"2,798,958"
VTI,03/09/2015,107.86,"1,827,946"
VTI,03/10/2015,106.22,"3,543,754"
VTI,03/11/2015,106.14,"3,071,330"
VTI,03/12/2015,107.47,"3,907,553"
VTI,03/13/2015,106.87,"2,073,039"
VTI,03/16/2015,108.21,"2,706,579"
VTI,03/17/2015,108,"1,754,034"
VTI,03/18/2015,109.24,"3,662,875"
VTI,03/19/2015,108.85,"3,901,339"
VTI,03/20/2015,109.76,"1,741,058"
VTI,03/23/2015,109.57,"2,084,196"
VTI,03/24/2015,108.99,"3,398,636"
VTI,03/25/2015,106.79,"2,817,019"
VTI,03/26/2015,106.58,"3,164,547"
VTI,03/27/2015,106.87,"3,297,959"
VTI,03/30/2015,108.23,"1,885,808"
VTI,03/31/2015,107.25,"2,077,136"
VTI,04/01/2015,107.05,"11,026,362"
VTI,04/02/2015,107.39,"2,041,213"
VTI,04/06/2015,108.13,"2,186,632"
VTI,04/07/2015,107.77,"1,983,903"
VTI,04/08/2015,108.23,"2,454,253"
VTI,04/09/2015,108.61,"2,214,155"
VTI,04/10/2015,109.12,"2,406,098"
VTI,04/13/2015,108.69,"3,524,844"
VTI,04/14/2015,108.85,"1,460,817"
VTI,04/15/2015,109.4,"1,512,359"
VTI,04/16/2015,109.35,"1,490,204"
VTI,04/17/2015,108.08,"2,656,981"
VTI,04/20/2015,108.96,"2,005,044"
VTI,04/21/2015,108.93,"3,909,936"
VTI,04/22/2015,109.39,"1,469,299"
VTI,04/23/2015,109.73,"2,340,746"
VTI,04/24/2015,109.85,"1,775,126"
VTI,04/27/2015,109.28,"1,827,756"
VTI,04/28/2015,109.57,"2,595,002"
VTI,04/29/2015,109.09,"2,432,015"
VTI,04/30/2015,107.91,"3,635,879"
VTI,05/01/2015,108.9,"3,924,710"
VTI,05/04/2015,109.28,"1,713,296"
VTI,05/05/2015,107.98,"1,692,723"
VTI,05/06/2015,107.68,"3,691,661"
VTI,05/07/2015,108.09,"2,363,484"
VTI,05/08/2015,109.45,"1,796,447"
VTI,05/11/2015,108.99,"1,656,946"
VTI,05/12/2015,108.67,"1,657,497"
VTI,05/13/2015,108.73,"2,424,476"
VTI,05/14/2015,109.81,"1,579,239"
VTI,05/15/2015,109.94,"1,862,709"
VTI,05/18/2015,110.35,"2,769,075"
VTI,05/19/2015,110.3,"2,844,996"
VTI,05/20/2015,110.23,"2,478,426"
VTI,05/21/2015,110.51,"1,476,431"
VTI,05/22/2015,110.3,"1,187,856"
VTI,05/26/2015,109.15,"2,226,684"
VTI,05/27/2015,110.15,"2,562,163"
VTI,05/28/2015,110.05,"2,022,404"
VTI,05/29/2015,109.31,"1,943,247"
VTI,06/01/2015,109.58,"2,354,945"
VTI,06/02/2015,109.5,"1,925,339"
VTI,06/03/2015,109.88,"1,731,329"
VTI,06/04/2015,109,"1,845,802"
VTI,06/05/2015,108.91,"3,342,744"
VTI,06/08/2015,108.24,"2,990,676"
VTI,06/09/2015,108.15,"2,976,533"
VTI,06/10/2015,109.47,"1,592,645"
VTI,06/11/2015,109.78,"1,850,526"
VTI,06/12/2015,109.06,"1,490,940"
VTI,06/15/2015,108.56,"2,865,500"
VTI,06/16/2015,109.16,"2,604,836"
VTI,06/17/2015,109.34,"1,911,670"
VTI,06/18/2015,110.42,"2,496,324"
VTI,06/19/2015,109.94,"1,735,909"
VTI,06/22/2015,110.61,"1,864,810"
VTI,06/23/2015,110.72,"3,080,410"
VTI,06/24/2015,109.88,"4,931,195"
VTI,06/25/2015,109.54,"2,110,771"
VTI,06/26/2015,109.01,"1,503,910"
VTI,06/29/2015,106.73,"3,642,695"
VTI,06/30/2015,107.02,"3,394,044"
VTI,07/01/2015,107.72,"12,016,305"
VTI,07/02/2015,107.58,"3,139,960"
VTI,07/06/2015,107.3,"2,570,835"
VTI,07/07/2015,107.89,"3,329,559"
VTI,07/08/2015,106.09,"2,938,858"
VTI,07/09/2015,106.31,"3,064,823"
VTI,07/10/2015,107.6,"3,432,352"
VTI,07/13/2015,108.82,"2,835,289"
VTI,07/14/2015,109.31,"2,292,470"
VTI,07/15/2015,109.17,"2,555,651"
VTI,07/16/2015,109.93,"1,314,002"
VTI,07/17/2015,109.96,"1,295,372"
VTI,07/20/2015,109.97,"1,338,976"
VTI,07/21/2015,109.49,"1,661,039"
VTI,07/22/2015,109.33,"1,852,371"
VTI,07/23/2015,108.7,"1,569,545"
VTI,07/24/2015,107.56,"2,073,472"
VTI,07/27/2015,106.85,"2,958,428"
VTI,07/28/2015,108.12,"2,198,632"
VTI,07/29/2015,108.86,"1,624,215"
VTI,07/30/2015,108.95,"1,390,381"
VTI,07/31/2015,108.84,"2,422,731"
VTI,08/03/2015,108.45,"2,654,615"
VTI,08/04/2015,108.27,"1,600,020"
VTI,08/05/2015,108.63,"1,253,644"
VTI,08/06/2015,107.74,"1,969,453"
VTI,08/07/2015,107.43,"3,295,124"
VTI,08/10/2015,108.77,"1,981,326"
VTI,08/11/2015,107.79,"1,833,141"
VTI,08/12/2015,107.9,"2,611,345"
VTI,08/13/2015,107.75,"3,545,402"
VTI,08/14/2015,108.16,"1,154,508"
VTI,08/17/2015,108.85,"1,739,109"
VTI,08/18/2015,108.57,"2,694,955"
VTI,08/19/2015,107.6,"2,183,231"
VTI,08/20/2015,105.26,"4,377,939"
VTI,08/21/2015,102.23,"9,877,628"
VTI,08/24/2015,98.12,"18,137,015"
VTI,08/25/2015,96.95,"9,215,862"
VTI,08/26/2015,100.47,"8,299,079"
VTI,08/27/2015,102.9,"8,779,297"
VTI,08/28/2015,102.98,"5,165,601"
VTI,08/31/2015,102.21,"4,526,301"
VTI,09/01/2015,99.21,"9,264,707"
VTI,09/02/2015,101.08,"7,680,958"
VTI,09/03/2015,101.2,"5,151,309"
VTI,09/04/2015,99.76,"4,317,822"
VTI,09/08/2015,102.28,"3,342,020"
VTI,09/09/2015,100.88,"3,691,164"
VTI,09/10/2015,101.4,"3,695,957"
VTI,09/11/2015,101.86,"2,007,923"
VTI,09/14/2015,101.47,"3,711,098"
VTI,09/15/2015,102.75,"2,388,293"
VTI,09/16/2015,103.62,"2,447,541"
VTI,09/17/2015,103.48,"4,726,610"
VTI,09/18/2015,101.84,"3,271,785"
VTI,09/21/2015,102.25,"2,680,261"
VTI,09/22/2015,100.88,"3,034,019"
VTI,09/23/2015,100.68,"1,788,923"
VTI,09/24/2015,100.32,"3,723,369"
VTI,09/25/2015,99.61,"4,937,826"
VTI,09/28/2015,96.94,"5,606,436"
VTI,09/29/2015,96.92,"4,548,628"
VTI,09/30/2015,98.72,"3,747,848"
VTI,10/01/2015,98.92,"3,808,754"
VTI,10/02/2015,100.36,"3,654,495"
VTI,10/05/2015,102.21,"3,405,842"
VTI,10/06/2015,101.88,"2,463,143"
VTI,10/07/2015,102.8,"2,583,923"
VTI,10/08/2015,103.69,"2,521,034"
VTI,10/09/2015,103.83,"1,649,477"
VTI,10/12/2015,103.85,"1,680,112"
VTI,10/13/2015,103.09,"2,221,030"
VTI,10/14/2015,102.56,"1,902,908"
VTI,10/15/2015,104.11,"2,218,205"
VTI,10/16/2015,104.51,"1,902,066"
VTI,10/19/2015,104.63,"1,457,904"
VTI,10/20/2015,104.51,"1,806,066"
VTI,10/21/2015,103.69,"1,777,795"
VTI,10/22/2015,105.21,"1,979,172"
VTI,10/23/2015,106.31,"2,404,344"
VTI,10/26/2015,106.06,"3,078,292"
VTI,10/27/2015,105.71,"1,685,997"
VTI,10/28/2015,107.1,"2,421,690"
VTI,10/29/2015,106.94,"2,666,889"
VTI,10/30/2015,106.53,"2,203,173"
VTI,11/02/2015,107.93,"3,396,368"
VTI,11/03/2015,108.2,"3,100,772"
VTI,11/04/2015,107.94,"2,893,622"
VTI,11/05/2015,107.82,"2,143,958"
VTI,11/06/2015,107.84,"2,078,927"
VTI,11/09/2015,106.76,"2,620,785"
VTI,11/10/2015,107,"1,605,411"
VTI,11/11/2015,106.54,"1,342,225"
VTI,11/12/2015,104.95,"3,110,403"
VTI,11/13/2015,103.84,"3,003,691"
VTI,11/16/2015,105.35,"2,635,433"
VTI,11/17/2015,105.22,"2,243,298"
VTI,11/18/2015,106.9,"2,106,094"
VTI,11/19/2015,106.76,"1,623,479"
VTI,11/20/2015,107.22,"1,563,642"
VTI,11/23/2015,107.11,"3,145,011"
VTI,11/24/2015,107.39,"2,032,854"
VTI,11/25/2015,107.47,"1,820,310"
VTI,11/27/2015,107.63,"552,449"
VTI,11/30/2015,107.17,"3,618,076"
VTI,12/01/2015,108.18,"2,444,590"
VTI,12/02/2015,107.05,"2,937,734"
VTI,12/03/2015,105.45,"3,345,637"
VTI,12/04/2015,107.39,"4,520,885"
VTI,12/07/2015,106.55,"3,000,773"
VTI,12/08/2015,105.91,"3,149,595"
VTI,12/09/2015,105,"4,180,200"
VTI,12/10/2015,105.31,"3,685,071"
VTI,12/11/2015,103.24,"5,100,745"
VTI,12/14/2015,103.61,"7,237,788"
VTI,12/15/2015,104.72,"2,918,125"
VTI,12/16/2015,106.24,"5,972,417"
VTI,12/17/2015,104.68,"4,939,856"
VTI,12/18/2015,102.9,"4,207,675"
VTI,12/21/2015,103.13,"3,240,650"
VTI,12/22/2015,104.06,"2,876,558"
VTI,12/23/2015,105.36,"3,342,450"
VTI,12/24/2015,105.23,"1,460,512"
VTI,12/28/2015,105,"3,479,620"
VTI,12/29/2015,106.12,"2,508,257"
VTI,12/30/2015,105.32,"2,406,101"
VTI,12/31/2015,104.3,"3,652,676"
VTI,01/04/2016,102.74,"6,138,266"
VTI,01/05/2016,102.97,"3,652,342"
VTI,01/06/2016,101.59,"3,732,756"
VTI,01/07/2016,99.1,"9,256,180"
VTI,01/08/2016,97.97,"7,015,831"
VTI,01/11/2016,97.91,"6,863,777"
VTI,01/12/2016,98.58,"4,457,335"
VTI,01/13/2016,96.04,"6,163,017"
VTI,01/14/2016,97.51,"5,085,101"
VTI,01/15/2016,95.46,"8,101,664"
VTI,01/19/2016,95.36,"7,435,664"
VTI,01/20/2016,94.42,"13,845,346"
VTI,01/21/2016,94.79,"7,169,464"
VTI,01/22/2016,96.81,"3,701,497"
VTI,01/25/2016,95.22,"4,470,453"
VTI,01/26/2016,96.67,"3,333,445"
VTI,01/27/2016,95.57,"5,202,433"
VTI,01/28/2016,95.95,"4,540,660"
VTI,01/29/2016,98.33,"5,005,410"
VTI,02/01/2016,98.35,"3,869,089"
VTI,02/02/2016,96.45,"3,279,550"
VTI,02/03/2016,97.03,"5,457,594"
VTI,02/04/2016,97.26,"3,431,865"
VTI,02/05/2016,95.26,"3,993,569"
VTI,02/08/2016,93.78,"6,303,904"
VTI,02/09/2016,93.66,"4,793,969"
VTI,02/10/2016,93.72,"3,580,039"
VTI,02/11/2016,92.56,"7,239,662"
VTI,02/12/2016,94.36,"2,948,064"
VTI,02/16/2016,96.08,"3,577,722"
VTI,02/17/2016,97.67,"3,634,955"
VTI,02/18/2016,97.28,"2,432,109"
VTI,02/19/2016,97.3,"2,243,696"
VTI,02/22/2016,98.72,"2,235,382"
VTI,02/23/2016,97.53,"3,203,930"
VTI,02/24/2016,98.03,"3,253,420"
VTI,02/25/2016,99.19,"4,961,947"
VTI,02/26/2016,99.11,"3,194,369"
VTI,02/29/2016,98.32,"2,749,374"
VTI,03/01/2016,100.66,"2,955,735"
VTI,03/02/2016,101.22,"3,591,720"
VTI,03/03/2016,101.72,"2,703,609"
VTI,03/04/2016,102.07,"2,442,357"
VTI,03/07/2016,102.28,"2,964,056"
VTI,03/08/2016,101.01,"3,436,887"
VTI,03/09/2016,101.5,"2,132,075"
VTI,03/10/2016,101.47,"3,702,567"
VTI,03/11/2016,103.19,"3,253,498"
VTI,03/14/2016,103.07,"2,987,138"
VTI,03/15/2016,102.24,"2,992,775"
VTI,03/16/2016,102.88,"3,473,577"
VTI,03/17/2016,103.67,"3,472,464"
VTI,03/18/2016,104.13,"2,942,590"
VTI,03/21/2016,104.23,"2,539,322"
VTI,03/22/2016,104.2,"1,962,747"
VTI,03/23/2016,103.35,"6,087,063"
VTI,03/24/2016,103.32,"2,173,069"
VTI,03/28/2016,103.39,"2,103,399"
VTI,03/29/2016,104.54,"2,925,052"
VTI,03/30/2016,104.94,"2,258,796"
VTI,03/31/2016,104.82,"2,230,072"
VTI,04/01/2016,105.48,"2,996,045"
VTI,04/04/2016,105.04,"1,847,375"
VTI,04/05/2016,104.02,"2,572,465"
VTI,04/06/2016,105.16,"2,571,977"
VTI,04/07/2016,103.9,"2,135,038"
VTI,04/08/2016,104.2,"2,337,151"
VTI,04/11/2016,103.91,"2,276,323"
VTI,04/12/2016,104.92,"2,358,024"
VTI,04/13/2016,106.15,"2,864,527"
VTI,04/14/2016,106.11,"1,666,887"
VTI,04/15/2016,106.06,"1,622,619"
VTI,04/18/2016,106.77,"1,767,079"
VTI,04/19/2016,107.07,"2,103,937"
VTI,04/20/2016,107.18,"1,958,935"
VTI,04/21/2016,106.65,"1,675,161"
VTI,04/22/2016,106.8,"1,893,763"
VTI,04/25/2016,106.54,"2,088,345"
VTI,04/26/2016,106.83,"1,747,467"
VTI,04/27/2016,107.09,"2,268,144"
VTI,04/28/2016,106.13,"4,834,211"
VTI,04/29/2016,105.51,"3,067,995"
VTI,05/02/2016,106.33,"2,546,483"
VTI,05/03/2016,105.26,"5,172,643"
VTI,05/04/2016,104.64,"2,579,103"
VTI,05/05/2016,104.6,"1,616,677"
VTI,05/06/2016,104.98,"1,759,597"
VTI,05/09/2016,105.09,"1,747,328"
VTI,05/10/2016,106.34,"2,400,917"
VTI,05/11/2016,105.37,"1,531,611"
VTI,05/12/2016,105.33,"2,469,976"
VTI,05/13/2016,104.42,"3,754,798"
VTI,05/16/2016,105.46,"2,069,576"
VTI,05/17/2016,104.51,"2,792,411"
VTI,05/18/2016,104.5,"2,798,634"
VTI,05/19/2016,104.09,"2,616,815"
VTI,05/20/2016,104.89,"2,005,471"
VTI,05/23/2016,104.76,"1,662,457"
VTI,05/24/2016,106.16,"2,409,277"
VTI,05/25/2016,106.93,"3,267,056"
VTI,05/26/2016,106.91,"1,803,643"
VTI,05/27/2016,107.39,"1,691,428"
VTI,05/31/2016,107.34,"2,570,879"
VTI,06/01/2016,107.63,"2,679,647"
VTI,06/02/2016,107.99,"2,112,798"
VTI,06/03/2016,107.69,"2,502,472"
VTI,06/06/2016,108.25,"1,782,262"
VTI,06/07/2016,108.46,"1,271,484"
VTI,06/08/2016,108.84,"1,286,767"
VTI,06/09/2016,108.62,"1,743,501"
VTI,06/10/2016,107.5,"1,666,944"
VTI,06/13/2016,106.61,"2,378,771"
VTI,06/14/2016,105.95,"2,170,479"
VTI,06/15/2016,105.84,"1,841,566"
VTI,06/16/2016,106.15,"1,884,503"
VTI,06/17/2016,105.8,"1,713,104"
VTI,06/20/2016,106.52,"2,403,222"
VTI,06/21/2016,106.75,"2,248,555"
VTI,06/22/2016,106.51,"2,002,747"
VTI,06/23/2016,107.98,"1,622,336"
VTI,06/24/2016,104.04,"7,370,404"
VTI,06/27/2016,101.98,"5,218,039"
VTI,06/28/2016,103.85,"7,569,512"
VTI,06/29/2016,105.71,"2,635,744"
VTI,06/30/2016,107.16,"5,552,335"
VTI,07/01/2016,107.37,"2,938,114"
VTI,07/05/2016,106.57,"3,019,864"
VTI,07/06/2016,107.22,"1,767,721"
VTI,07/07/2016,107.17,"1,669,822"
VTI,07/08/2016,108.84,"2,362,227"
VTI,07/11/2016,109.29,"3,868,296"
VTI,07/12/2016,110.2,"3,222,836"
VTI,07/13/2016,110.14,"1,485,745"
VTI,07/14/2016,110.67,"1,561,056"
VTI,07/15/2016,110.55,"1,385,464"
VTI,07/18/2016,110.86,"1,360,000"
VTI,07/19/2016,110.64,"3,154,201"
VTI,07/20/2016,111.23,"1,135,936"
VTI,07/21/2016,110.79,"3,393,453"
VTI,07/22/2016,111.32,"3,546,728"
VTI,07/25/2016,111.03,"1,394,356"
VTI,07/26/2016,111.15,"1,432,674"
VTI,07/27/2016,111.02,"1,977,540"
VTI,07/28/2016,111.16,"1,945,813"
VTI,07/29/2016,111.42,"1,638,362"
VTI,08/01/2016,111.27,"2,093,446"
VTI,08/02/2016,110.43,"2,473,899"
VTI,08/03/2016,110.84,"1,353,615"
VTI,08/04/2016,110.97,"1,113,557"
VTI,08/05/2016,111.89,"1,379,619"
VTI,08/08/2016,111.82,"1,238,769"
VTI,08/09/2016,111.92,"1,032,620"
VTI,08/10/2016,111.59,"1,259,054"
VTI,08/11/2016,112.15,"1,378,235"
VTI,08/12/2016,112.04,"1,542,922"
VTI,08/15/2016,112.45,"1,442,990"
VTI,08/16/2016,111.81,"1,229,024"
VTI,08/17/2016,111.95,"2,791,730"
VTI,08/18/2016,112.3,"972,068"
VTI,08/19/2016,112.14,"1,000,647"
VTI,08/22/2016,112.17,"1,102,386"
VTI,08/23/2016,112.47,"3,252,632"
VTI,08/24/2016,111.84,"2,267,784"
VTI,08/25/2016,111.77,"1,205,186"
VTI,08/26/2016,111.54,"1,851,082"
VTI,08/29/2016,112.15,"1,071,153"
VTI,08/30/2016,111.97,"1,534,640"
VTI,08/31/2016,111.65,"1,393,758"
VTI,09/01/2016,111.71,"1,670,927"
VTI,09/02/2016,112.28,"1,563,214"
VTI,09/06/2016,112.6,"4,111,656"
VTI,09/07/2016,112.75,"1,589,960"
VTI,09/08/2016,112.46,"1,152,485"
VTI,09/09/2016,109.655,"3,337,356"
VTI,09/12/2016,111.19,"3,043,671"
VTI,09/13/2016,108.92,"5,122,124"
VTI,09/14/2016,108.93,"2,041,603"
VTI,09/15/2016,110.05,"2,960,402"
VTI,09/16/2016,109.61,"2,779,419"
VTI,09/19/2016,109.77,"3,430,165"
VTI,09/20/2016,109.72,"1,603,490"
VTI,09/21/2016,110.98,"1,971,782"
VTI,09/22/2016,111.79,"1,525,436"
VTI,09/23/2016,111.15,"1,532,059"
VTI,09/26/2016,110.27,"2,136,802"
VTI,09/27/2016,110.9,"1,292,748"
VTI,09/28/2016,111.55,"1,439,934"
VTI,09/29/2016,110.46,"2,037,346"
VTI,09/30/2016,111.33,"1,722,614"
VTI,10/03/2016,110.99,"2,207,599"
VTI,10/04/2016,110.49,"2,701,120"
VTI,10/05/2016,110.92,"2,119,016"
VTI,10/06/2016,110.96,"1,067,725"
VTI,10/07/2016,110.54,"1,770,625"
VTI,10/10/2016,111.14,"1,134,961"
VTI,10/11/2016,109.66,"1,996,992"
VTI,10/12/2016,109.79,"1,849,474"
VTI,10/13/2016,109.4,"1,986,165"
VTI,10/14/2016,109.37,"2,673,997"
VTI,10/17/2016,109.06,"2,507,712"
VTI,10/18/2016,109.7,"1,635,215"
VTI,10/19/2016,110.05,"1,408,238"
VTI,10/20/2016,109.84,"2,016,977"
VTI,10/21/2016,109.8,"1,234,425"
VTI,10/24/2016,110.35,"2,004,855"
VTI,10/25/2016,109.88,"2,079,087"
VTI,10/26/2016,109.55,"1,827,448"
VTI,10/27/2016,109.18,"1,598,109"
VTI,10/28/2016,108.82,"2,868,068"
VTI,10/31/2016,108.89,"1,913,647"
VTI,11/01/2016,108.08,"3,169,752"
VTI,11/02/2016,107.33,"2,957,396"
VTI,11/03/2016,106.86,"2,096,498"
VTI,11/04/2016,106.79,"2,805,438"
VTI,11/07/2016,109.15,"2,527,683"
VTI,11/08/2016,109.62,"2,074,192"
VTI,11/09/2016,111,"6,482,023"
VTI,11/10/2016,111.37,"5,083,515"
VTI,11/11/2016,111.41,"4,005,183"
VTI,11/14/2016,111.7,"5,234,135"
VTI,11/15/2016,112.57,"6,037,248"
VTI,11/16/2016,112.41,"7,113,854"
VTI,11/17/2016,112.98,"1,874,960"
VTI,11/18/2016,112.77,"2,298,224"
VTI,11/21/2016,113.62,"2,493,871"
VTI,11/22/2016,113.95,"2,673,635"
VTI,11/23/2016,114.11,"1,818,707"
VTI,11/25/2016,114.55,"889,818"
VTI,11/28/2016,113.89,"1,849,844"
VTI,11/29/2016,114.05,"1,544,243"
VTI,11/30/2016,113.78,"4,406,342"
VTI,12/01/2016,113.31,"2,601,218"
VTI,12/02/2016,113.31,"1,755,885"
VTI,12/05/2016,114.1,"3,843,070"
VTI,12/06/2016,114.68,"2,357,053"
VTI,12/07/2016,116.1,"3,999,999"
VTI,12/08/2016,116.52,"2,679,840"
VTI,12/09/2016,117.15,"2,310,201"
VTI,12/12/2016,116.85,"4,224,688"
VTI,12/13/2016,117.53,"4,394,138"
VTI,12/14/2016,116.47,"3,885,394"
VTI,12/15/2016,116.95,"3,343,080"
VTI,12/16/2016,116.77,"1,991,626"
VTI,12/19/2016,117.1,"2,405,748"
VTI,12/20/2016,116.87,"2,942,518"
VTI,12/21/2016,116.54,"2,248,950"
VTI,12/22/2016,116.24,"3,105,779"
VTI,12/23/2016,116.42,"2,325,820"
VTI,12/27/2016,116.71,"3,386,903"
VTI,12/28/2016,115.74,"2,591,078"
VTI,12/29/2016,115.75,"1,622,737"
VTI,12/30/2016,115.32,"2,910,108"
VTI,01/03/2017,116.2,"2,731,646"
VTI,01/04/2017,117.09,"3,228,738"
VTI,01/05/2017,116.86,"2,604,038"
VTI,01/06/2017,117.23,"2,317,806"
VTI,01/09/2017,116.78,"2,461,680"
VTI,01/10/2017,116.87,"2,055,428"
VTI,01/11/2017,117.24,"2,751,838"
VTI,01/12/2017,116.93,"2,342,402"
VTI,01/13/2017,117.22,"2,031,780"
VTI,01/17/2017,116.7,"2,583,709"
VTI,01/18/2017,116.97,"1,901,752"
VTI,01/19/2017,116.51,"1,899,267"
VTI,01/20/2017,116.91,"2,636,114"
VTI,01/23/2017,116.6,"1,938,950"
VTI,01/24/2017,117.51,"2,165,876"
VTI,01/25/2017,118.52,"2,427,847"
VTI,01/26/2017,118.35,"2,178,512"
VTI,01/27/2017,118.16,"1,479,541"
VTI,01/30/2017,117.36,"3,006,131"
VTI,01/31/2017,117.46,"3,309,743"
VTI,02/01/2017,117.45,"2,614,514"
VTI,02/02/2017,117.53,"1,745,302"
VTI,02/03/2017,118.42,"1,837,627"
VTI,02/06/2017,118.14,"1,598,846"
VTI,02/07/2017,118.13,"3,366,070"
VTI,02/08/2017,118.26,"1,835,984"
VTI,02/09/2017,119.04,"1,635,319"
VTI,02/10/2017,119.54,"1,837,821"
VTI,02/13/2017,120.14,"1,985,570"
VTI,02/14/2017,120.58,"2,051,179"
VTI,02/15/2017,121.24,"1,998,213"
VTI,02/16/2017,121.13,"2,034,805"
VTI,02/17/2017,121.31,"1,948,471"
VTI,02/21/2017,122.03,"2,423,039"
VTI,02/22/2017,121.87,"1,973,959"
VTI,02/23/2017,121.78,"2,024,945"
VTI,02/24/2017,121.98,"2,962,944"
VTI,02/27/2017,122.25,"2,625,148"
VTI,02/28/2017,121.8,"2,231,827"
VTI,03/01/2017,123.44,"2,874,677"
VTI,03/02/2017,122.65,"2,421,598"
VTI,03/03/2017,122.75,"1,651,644"
VTI,03/06/2017,122.27,"1,716,343"
VTI,03/07/2017,121.88,"1,612,658"
VTI,03/08/2017,121.54,"2,374,579"
VTI,03/09/2017,121.6,"3,852,842"
VTI,03/10/2017,122.04,"2,987,473"
VTI,03/13/2017,122.13,"2,003,857"
VTI,03/14/2017,121.69,"2,269,587"
VTI,03/15/2017,122.79,"1,892,226"
VTI,03/16/2017,122.64,"2,050,110"
VTI,03/17/2017,122.57,"1,973,987"
VTI,03/20/2017,122.2717,"3,239,871"
VTI,03/21/2017,120.57,"3,355,145"
VTI,03/22/2017,120.73,"2,896,603"
VTI,03/23/2017,120.69,"2,257,114"
VTI,03/24/2017,120.16,"2,305,692"
VTI,03/27/2017,120.02,"2,927,702"
VTI,03/28/2017,120.86,"2,699,241"
VTI,03/29/2017,121.08,"3,196,549"
VTI,03/30/2017,121.53,"2,076,852"
VTI,03/31/2017,121.32,"1,815,860"
VTI,04/03/2017,121.02,"3,103,060"
VTI,04/04/2017,121.08,"2,462,645"
VTI,04/05/2017,120.59,"3,905,750"
VTI,04/06/2017,120.97,"2,056,068"
VTI,04/07/2017,120.88,"1,997,440"
VTI,04/10/2017,121.03,"1,669,475"
VTI,04/11/2017,120.99,"2,895,455"
VTI,04/12/2017,120.37,"1,967,393"
VTI,04/13/2017,119.55,"2,852,219"
VTI,04/17/2017,120.59,"3,198,909"
VTI,04/18/2017,120.33,"1,865,766"
VTI,04/19/2017,120.23,"1,807,017"
VTI,04/20/2017,121.22,"1,783,429"
VTI,04/21/2017,120.83,"2,006,549"
VTI,04/24/2017,122.11,"2,178,763"
VTI,04/25/2017,122.87,"2,145,193"
VTI,04/26/2017,122.9,"3,080,062"
VTI,04/27/2017,123.02,"1,868,179"
VTI,04/28/2017,122.61,"1,795,827"
VTI,05/01/2017,122.93,"1,983,507"
VTI,05/02/2017,122.93,"1,756,917"
VTI,05/03/2017,122.63,"3,690,976"
VTI,05/04/2017,122.72,"1,564,459"
VTI,05/05/2017,123.33,"2,057,663"
VTI,05/08/2017,123.14,"2,150,873"
VTI,05/09/2017,123.1,"1,846,216"
VTI,05/10/2017,123.37,"1,468,633"
VTI,05/11/2017,123.01,"1,500,018"
VTI,05/12/2017,122.77,"1,235,304"
VTI,05/15/2017,123.43,"3,097,149"
VTI,05/16/2017,123.36,"2,128,403"
VTI,05/17/2017,121.14,"3,703,517"
VTI,05/18/2017,121.5,"2,883,455"
VTI,05/19/2017,122.37,"2,144,173"
VTI,05/22/2017,123.02,"1,810,055"
VTI,05/23/2017,123.23,"1,796,602"
VTI,05/24/2017,123.59,"1,553,843"
VTI,05/25/2017,124.11,"1,492,278"
VTI,05/26/2017,124.09,"1,320,846"
VTI,05/30/2017,123.89,"1,348,311"
VTI,05/31/2017,123.85,"2,043,851"
VTI,06/01/2017,125,"1,926,671"
VTI,06/02/2017,125.41,"2,839,385"
VTI,06/05/2017,125.25,"1,494,246"
VTI,06/06/2017,124.93,"2,985,175"
VTI,06/07/2017,125.07,"1,253,346"
VTI,06/08/2017,125.29,"1,827,022"
VTI,06/09/2017,125.19,"2,585,550"
VTI,06/12/2017,125.17,"1,973,626"
VTI,06/13/2017,125.79,"1,567,671"
VTI,06/14/2017,125.61,"2,584,291"
VTI,06/15/2017,125.33,"2,483,525"
VTI,06/16/2017,125.25,"2,018,198"
VTI,06/19/2017,126.27,"1,816,545"
VTI,06/20/2017,125.41,"1,359,474"
VTI,06/21/2017,124.69,"3,364,563"
VTI,06/22/2017,124.74,"1,639,327"
VTI,06/23/2017,125.05,"1,829,284"
VTI,06/26/2017,125.14,"2,605,865"
VTI,06/27/2017,124.11,"2,386,257"
VTI,06/28/2017,125.28,"2,444,525"
VTI,06/29/2017,124.28,"2,354,612"
VTI,06/30/2017,124.45,"1,910,033"
VTI,07/03/2017,124.75,"1,645,734"
VTI,07/05/2017,124.89,"2,167,500"
VTI,07/06/2017,123.66,"1,981,844"
VTI,07/07/2017,124.52,"1,710,113"
VTI,07/10/2017,124.61,"1,404,761"
VTI,07/11/2017,124.58,"1,560,180"
VTI,07/12/2017,125.47,"1,993,253"
VTI,07/13/2017,125.67,"1,514,053"
VTI,07/14/2017,126.23,"1,410,947"
VTI,07/17/2017,126.23,"1,798,467"
VTI,07/18/2017,126.31,"2,010,037"
VTI,07/19/2017,127.04,"1,276,392"
VTI,07/20/2017,127.12,"1,463,843"
VTI,07/21/2017,126.95,"1,819,509"
VTI,07/24/2017,126.96,"4,897,687"
VTI,07/25/2017,127.38,"1,709,368"
VTI,07/26/2017,127.29,"1,624,423"
VTI,07/27/2017,127.07,"1,708,123"
VTI,07/28/2017,126.86,"1,468,420"
VTI,07/31/2017,126.79,"1,496,716"
VTI,08/01/2017,127.05,"1,790,596"
VTI,08/02/2017,126.93,"2,929,534"
VTI,08/03/2017,126.64,"2,582,505"
VTI,08/04/2017,126.91,"972,373"
VTI,08/07/2017,127.16,"1,114,756"
VTI,08/08/2017,126.81,"1,360,306"
VTI,08/09/2017,126.67,"1,679,930"
VTI,08/10/2017,124.81,"2,455,308"
VTI,08/11/2017,125.04,"2,039,164"
VTI,08/14/2017,126.32,"1,467,446"
VTI,08/15/2017,126.2,"1,523,041"
VTI,08/16/2017,126.43,"1,379,829"
VTI,08/17/2017,124.42,"3,440,515"
VTI,08/18/2017,124.21,"2,836,476"
VTI,08/21/2017,124.39,"1,627,396"
VTI,08/22/2017,125.64,"2,090,008"
VTI,08/23/2017,125.26,"1,268,854"
VTI,08/24/2017,125.06,"1,381,941"
VTI,08/25/2017,125.36,"1,158,233"
VTI,08/28/2017,125.41,"1,788,224"
VTI,08/29/2017,125.46,"1,312,403"
VTI,08/30/2017,126.12,"1,730,700"
VTI,08/31/2017,126.98,"3,384,425"
VTI,09/01/2017,127.27,"2,122,830"
VTI,09/05/2017,126.29,"2,318,980"
VTI,09/06/2017,126.64,"1,449,904"
VTI,09/07/2017,126.58,"1,218,674"
VTI,09/08/2017,126.49,"1,206,255"
VTI,09/11/2017,127.85,"1,346,941"
VTI,09/12/2017,128.34,"2,264,212"
VTI,09/13/2017,128.4,"1,692,523"
VTI,09/14/2017,128.36,"1,493,235"
VTI,09/15/2017,128.6,"1,531,454"
VTI,09/18/2017,128.91,"1,792,347"
VTI,09/19/2017,128.97,"1,241,660"
VTI,09/20/2017,129.18,"1,729,440"
VTI,09/21/2017,128.82,"1,730,813"
VTI,09/22/2017,128.37,"1,601,623"
VTI,09/25/2017,128.16,"2,185,979"
VTI,09/26/2017,128.19,"1,851,553"
VTI,09/27/2017,128.89,"2,374,427"
VTI,09/28/2017,129.1,"1,484,847"
VTI,09/29/2017,129.52,"1,720,608"
VTI,10/02/2017,130.2,"2,678,088"
VTI,10/03/2017,130.46,"1,825,142"
VTI,10/04/2017,130.59,"1,495,730"
VTI,10/05/2017,131.28,"2,387,491"
VTI,10/06/2017,131.19,"1,635,094"
VTI,10/09/2017,130.93,"1,012,116"
VTI,10/10/2017,131.24,"2,915,401"
VTI,10/11/2017,131.42,"2,012,689"
VTI,10/12/2017,131.26,"2,171,233"
VTI,10/13/2017,131.36,"1,544,046"
VTI,10/16/2017,131.45,"1,789,809"
VTI,10/17/2017,131.51,"1,340,788"
VTI,10/18/2017,131.68,"1,471,106"
VTI,10/19/2017,131.71,"1,942,639"
VTI,10/20/2017,132.42,"1,751,127"
VTI,10/23/2017,131.86,"1,755,907"
VTI,10/24/2017,132.09,"1,574,473"
VTI,10/25/2017,131.4,"2,186,507"
VTI,10/26/2017,131.57,"5,396,704"
VTI,10/27/2017,132.64,"2,672,839"
VTI,10/30/2017,132.06,"1,689,237"
VTI,10/31/2017,132.33,"2,378,463"
VTI,11/01/2017,132.44,"2,275,546"
VTI,11/02/2017,132.47,"5,097,180"
VTI,11/03/2017,132.82,"2,677,437"
VTI,11/06/2017,133.07,"2,017,896"
VTI,11/07/2017,132.84,"2,527,684"
VTI,11/08/2017,133.06,"1,267,652"
VTI,11/09/2017,132.52,"4,320,598"
VTI,11/10/2017,132.54,"2,042,414"
VTI,11/13/2017,132.61,"1,876,086"
VTI,11/14/2017,132.37,"3,776,831"
VTI,11/15/2017,131.69,"1,772,352"
VTI,11/16/2017,132.89,"1,730,708"
VTI,11/17/2017,132.64,"4,850,402"
VTI,11/20/2017,132.98,"1,805,766"
VTI,11/21/2017,133.9,"1,956,913"
VTI,11/22/2017,133.8,"1,295,577"
VTI,11/24/2017,134.11,"670,545"
VTI,11/27/2017,133.97,"1,754,740"
VTI,11/28/2017,135.3,"2,922,948"
VTI,11/29/2017,135.3,"2,066,469"
VTI,11/30/2017,136.34,"2,854,394"
VTI,12/01/2017,136.07,"3,585,673"
VTI,12/04/2017,135.89,"3,119,361"
VTI,12/05/2017,135.31,"2,583,328"
VTI,12/06/2017,135.23,"2,835,638"
VTI,12/07/2017,135.77,"1,537,680"
VTI,12/08/2017,136.48,"1,502,610"
VTI,12/11/2017,136.8,"1,934,509"
VTI,12/12/2017,136.95,"1,517,177"
VTI,12/13/2017,136.97,"1,859,155"
VTI,12/14/2017,136.33,"1,856,193"
VTI,12/15/2017,137.55,"2,293,033"
VTI,12/18/2017,138.5,"2,696,332"
VTI,12/19/2017,137.94,"3,642,122"
VTI,12/20/2017,137.93,"2,522,466"
VTI,12/21/2017,137.57,"2,111,216"
VTI,12/22/2017,137.52,"1,926,229"
VTI,12/26/2017,137.41,"2,051,626"
VTI,12/27/2017,137.46,"2,242,570"
VTI,12/28/2017,137.76,"2,936,469"
VTI,12/29/2017,137.25,"2,256,486"
VTI,01/02/2018,138.22,"3,699,677"
VTI,01/03/2018,139.02,"3,052,284"
VTI,01/04/2018,139.55,"2,572,445"
VTI,01/05/2018,140.37,"2,188,628"
VTI,01/08/2018,140.69,"2,655,542"
VTI,01/09/2018,140.95,"2,625,547"
VTI,01/10/2018,140.73,"2,014,899"
VTI,01/11/2018,141.92,"2,188,037"
VTI,01/12/2018,142.75,"2,661,773"
VTI,01/16/2018,142.12,"3,973,396"
VTI,01/17/2018,143.43,"2,756,401"
VTI,01/18/2018,143.18,"2,706,146"
VTI,01/19/2018,143.92,"2,119,076"
VTI,01/22/2018,145.06,"2,849,859"
VTI,01/23/2018,145.42,"2,261,308"
VTI,01/24/2018,145.28,"3,409,464"
VTI,01/25/2018,145.34,"4,234,596"
VTI,01/26/2018,146.86,"1,995,947"
VTI,01/29/2018,145.9,"2,688,224"
VTI,01/30/2018,144.38,"4,898,220"
VTI,01/31/2018,144.43,"4,670,400"
VTI,02/01/2018,144.37,"2,924,847"
VTI,02/02/2018,141.3,"5,323,550"
VTI,02/05/2018,135.74,"10,357,428"
VTI,02/06/2018,137.96,"10,791,175"
VTI,02/07/2018,137.35,"6,176,267"
VTI,02/08/2018,132.41,"7,683,298"
VTI,02/09/2018,134.23,"9,474,028"
VTI,02/12/2018,136.02,"4,251,913"
VTI,02/13/2018,136.45,"2,973,177"
VTI,02/14/2018,138.36,"3,076,820"
VTI,02/15/2018,140.05,"2,853,211"
VTI,02/16/2018,140.11,"2,813,489"
VTI,02/20/2018,139.27,"2,490,012"
VTI,02/21/2018,138.62,"2,182,218"
VTI,02/22/2018,138.71,"2,111,956"
VTI,02/23/2018,140.86,"1,439,896"
VTI,02/26/2018,142.34,"1,765,701"
VTI,02/27/2018,140.55,"2,305,363"
VTI,02/28/2018,139,"2,290,851"
VTI,03/01/2018,137.35,"4,846,702"
VTI,03/02/2018,138.24,"3,021,296"
VTI,03/05/2018,139.8,"2,916,936"
VTI,03/06/2018,140.31,"2,788,017"
VTI,03/07/2018,140.43,"2,569,511"
VTI,03/08/2018,140.96,"2,307,547"
VTI,03/09/2018,143.3,"2,325,327"
VTI,03/12/2018,143.22,"1,999,165"
VTI,03/13/2018,142.33,"2,080,807"
VTI,03/14/2018,141.61,"2,103,406"
VTI,03/15/2018,141.42,"1,927,886"
VTI,03/16/2018,141.66,"2,641,396"
VTI,03/19/2018,139.84,"3,154,271"
VTI,03/20/2018,140.05,"1,671,966"
VTI,03/21/2018,139.93,"2,106,651"
VTI,03/22/2018,135.95,"3,130,574"
VTI,03/23/2018,133.1,"5,697,042"
VTI,03/26/2018,136.61,"3,859,790"
VTI,03/27/2018,134.19,"3,309,854"
VTI,03/28/2018,133.88,"4,740,435"
VTI,03/29/2018,135.72,"2,350,389"
VTI,04/02/2018,132.63,"5,704,090"
VTI,04/03/2018,134.28,"3,737,634"
VTI,04/04/2018,135.79,"2,928,175"
VTI,04/05/2018,136.74,"2,683,636"
VTI,04/06/2018,133.87,"4,942,619"
VTI,04/09/2018,134.32,"2,239,413"
VTI,04/10/2018,136.5,"2,154,435"
VTI,04/11/2018,135.87,"2,063,805"
VTI,04/12/2018,136.97,"1,858,713"
VTI,04/13/2018,136.58,"2,192,597"
VTI,04/16/2018,137.72,"2,892,553"
VTI,04/17/2018,139.17,"2,219,864"
VTI,04/18/2018,139.36,"1,554,589"
VTI,04/19/2018,138.6,"4,003,952"
VTI,04/20/2018,137.5,"1,669,640"
VTI,04/23/2018,137.45,"2,034,128"
VTI,04/24/2018,135.8,"3,053,646"
VTI,04/25/2018,135.95,"2,275,355"
VTI,04/26/2018,137.24,"1,284,584"
VTI,04/27/2018,137.33,"1,133,874"
VTI,04/30/2018,136.33,"2,277,079"
VTI,05/01/2018,136.54,"1,762,742"
VTI,05/02/2018,135.75,"1,661,568"
VTI,05/03/2018,135.38,"2,638,020"
VTI,05/04/2018,137.13,"2,379,386"
VTI,05/07/2018,137.73,"1,448,023"
VTI,05/08/2018,137.78,"1,357,374"
VTI,05/09/2018,139.08,"1,451,742"
VTI,05/10/2018,140.29,"1,810,308"
VTI,05/11/2018,140.57,"1,199,363"
VTI,05/14/2018,140.64,"1,397,024"
VTI,05/15/2018,139.79,"2,279,744"
VTI,05/16/2018,140.47,"1,345,969"
VTI,05/17/2018,140.51,"1,658,539"
VTI,05/18/2018,140.2,"910,248"
VTI,05/21/2018,141.25,"1,299,979"
VTI,05/22/2018,140.73,"1,212,989"
VTI,05/23/2018,141.1,"1,431,757"
VTI,05/24/2018,140.87,"1,405,061"
VTI,05/25/2018,140.6,"1,264,531"
VTI,05/29/2018,139.21,"2,694,971"
VTI,05/30/2018,141.01,"1,587,053"
VTI,05/31/2018,140.04,"1,700,905"
VTI,06/01/2018,141.5,"1,857,761"
VTI,06/04/2018,142.16,"1,592,076"
VTI,06/05/2018,142.37,"2,952,164"
VTI,06/06/2018,143.63,"3,011,062"
VTI,06/07/2018,143.42,"1,663,479"
VTI,06/08/2018,143.91,"1,084,242"
VTI,06/11/2018,144.12,"1,664,568"
VTI,06/12/2018,144.42,"1,582,287"
VTI,06/13/2018,143.88,"1,402,047"
VTI,06/14/2018,144.29,"1,809,770"
VTI,06/15/2018,144.15,"3,328,544"
VTI,06/18/2018,143.99,"1,606,110"
VTI,06/19/2018,143.51,"1,962,527"
VTI,06/20/2018,143.84,"1,468,385"
VTI,06/21/2018,142.85,"1,881,270"
VTI,06/22/2018,142.45,"1,226,467"
VTI,06/25/2018,140.45,"4,347,684"
VTI,06/26/2018,140.77,"2,085,564"
VTI,06/27/2018,139.46,"2,958,960"
VTI,06/28/2018,140.33,"2,490,646"
VTI,06/29/2018,140.43,"1,849,639"
VTI,07/02/2018,140.77,"2,825,879"
VTI,07/03/2018,140.41,"1,325,978"
VTI,07/05/2018,141.6,"2,796,422"
VTI,07/06/2018,142.79,"1,756,480"
VTI,07/09/2018,144.09,"2,153,146"
VTI,07/10/2018,144.46,"1,437,018"
VTI,07/11/2018,143.43,"2,042,602"
VTI,07/12/2018,144.61,"1,440,593"
VTI,07/13/2018,144.7,"1,965,410"
VTI,07/16/2018,144.47,"1,571,319"
VTI,07/17/2018,145.13,"1,767,208"
VTI,07/18/2018,145.45,"1,327,678"
VTI,07/19/2018,145.1,"2,034,581"
VTI,07/20/2018,144.84,"1,507,878"
VTI,07/23/2018,145.07,"1,444,525"
VTI,07/24/2018,145.39,"2,340,093"
VTI,07/25/2018,146.63,"2,126,581"
VTI,07/26/2018,146.39,"2,084,649"
VTI,07/27/2018,145.22,"2,535,119"
VTI,07/30/2018,144.27,"5,379,740"
VTI,07/31/2018,145.09,"2,004,218"
VTI,08/01/2018,144.92,"1,524,128"
VTI,08/02/2018,145.78,"1,508,735"
VTI,08/03/2018,146.27,"1,977,541"
VTI,08/06/2018,146.93,"1,802,179"
VTI,08/07/2018,147.41,"2,532,728"
VTI,08/08/2018,147.27,"1,270,632"
VTI,08/09/2018,147.17,"1,233,807"
VTI,08/10/2018,146.25,"1,854,313"
VTI,08/13/2018,145.69,"1,898,236"
VTI,08/14/2018,146.65,"1,784,336"
VTI,08/15/2018,145.49,"2,684,923"
VTI,08/16/2018,146.63,"1,347,589"
VTI,08/17/2018,147.17,"2,188,475"
VTI,08/20/2018,147.45,"5,759,790"
VTI,08/21/2018,148,"2,090,866"
VTI,08/22/2018,148.05,"1,169,609"
VTI,08/23/2018,147.76,"1,351,215"
VTI,08/24/2018,148.68,"1,712,840"
VTI,08/27/2018,149.75,"2,126,027"
VTI,08/28/2018,149.84,"3,015,535"
VTI,08/29/2018,150.63,"2,688,570"
VTI,08/30/2018,150.01,"2,150,500"
VTI,08/31/2018,150.07,"2,537,512"
VTI,09/04/2018,149.86,"2,342,718"
VTI,09/05/2018,149.37,"2,772,163"
VTI,09/06/2018,148.92,"2,592,428"
VTI,09/07/2018,148.58,"2,334,576"
VTI,09/10/2018,148.9,"2,156,343"
VTI,09/11/2018,149.4,"2,575,399"
VTI,09/12/2018,149.41,"2,181,426"
VTI,09/13/2018,150.16,"1,906,001"
VTI,09/14/2018,150.28,"1,363,920"
VTI,09/17/2018,149.33,"1,661,949"
VTI,09/18/2018,150.13,"1,665,536"
VTI,09/19/2018,150.15,"1,809,967"
VTI,09/20/2018,151.31,"1,714,284"
VTI,09/21/2018,151.16,"1,986,111"
VTI,09/24/2018,150.61,"1,668,813"
VTI,09/25/2018,150.53,"2,318,989"
VTI,09/26/2018,149.95,"4,903,522"
VTI,09/27/2018,150.3,"1,808,332"
VTI,09/28/2018,149.65,"1,797,156"
VTI,10/01/2018,149.88,"2,719,182"
VTI,10/02/2018,149.66,"2,159,458"
VTI,10/03/2018,149.86,"2,564,328"
VTI,10/04/2018,148.59,"3,220,964"
VTI,10/05/2018,147.63,"3,198,024"
VTI,10/08/2018,147.52,"2,515,629"
VTI,10/09/2018,147.26,"3,690,610"
VTI,10/10/2018,142.57,"6,890,284"
VTI,10/11/2018,139.53,"11,707,878"
VTI,10/12/2018,141.37,"7,981,221"
VTI,10/15/2018,140.74,"3,386,416"
VTI,10/16/2018,143.84,"3,990,411"
VTI,10/17/2018,143.8,"3,148,305"
VTI,10/18/2018,141.72,"3,783,811"
VTI,10/19/2018,141.35,"2,997,909"
VTI,10/22/2018,140.79,"3,220,566"
VTI,10/23/2018,139.96,"4,981,584"
VTI,10/24/2018,135.61,"6,013,670"
VTI,10/25/2018,138.16,"4,885,982"
VTI,10/26/2018,135.77,"6,623,856"
VTI,10/29/2018,135.02,"5,167,312"
VTI,10/30/2018,137.13,"3,675,607"
VTI,10/31/2018,138.56,"4,034,663"
VTI,11/01/2018,140.13,"3,713,883"
VTI,11/02/2018,139.56,"3,171,400"
VTI,11/05/2018,140.24,"3,140,186"
VTI,11/06/2018,141.04,"2,029,999"
VTI,11/07/2018,143.92,"2,781,209"
VTI,11/08/2018,143.64,"1,874,791"
VTI,11/09/2018,142.17,"2,226,884"
VTI,11/12/2018,139.44,"3,530,714"
VTI,11/13/2018,139.24,"2,290,533"
VTI,11/14/2018,138.22,"2,766,049"
VTI,11/15/2018,139.78,"3,627,640"
VTI,11/16/2018,140.08,"2,272,315"
VTI,11/19/2018,137.65,"3,481,785"
VTI,11/20/2018,135.2,"4,627,286"
VTI,11/21/2018,135.86,"4,151,435"
VTI,11/23/2018,135.13,"1,300,011"
VTI,11/26/2018,137.23,"4,699,685"
VTI,11/27/2018,137.4,"2,860,130"
VTI,11/28/2018,140.6,"6,061,227"
VTI,11/29/2018,140.34,"2,895,020"
VTI,11/30/2018,141.35,"2,142,095"
VTI,12/03/2018,143,"3,655,543"
VTI,12/04/2018,138.33,"3,917,715"
VTI,12/06/2018,138.16,"6,542,944"
VTI,12/07/2018,134.9,"4,986,861"
VTI,12/10/2018,135.05,"5,046,755"
VTI,12/11/2018,135.02,"3,459,208"
VTI,12/12/2018,135.79,"3,720,085"
VTI,12/13/2018,135.46,"3,298,447"
VTI,12/14/2018,133.12,"4,503,463"
VTI,12/17/2018,130.28,"7,193,148"
VTI,12/18/2018,130.24,"8,065,590"
VTI,12/19/2018,128.24,"8,010,824"
VTI,12/20/2018,126.17,"13,120,148"
VTI,12/21/2018,123.49,"13,605,032"
VTI,12/24/2018,119.7,"14,488,502"
VTI,12/26/2018,125.46,"12,512,324"
VTI,12/27/2018,126.59,"16,128,459"
VTI,12/28/2018,126.43,"11,668,682"
VTI,12/31/2018,127.63,"9,414,804"
VTI,01/02/2019,127.73,"5,093,162"
VTI,01/03/2019,124.77,"5,253,273"
VTI,01/04/2019,128.9,"4,776,991"
VTI,01/07/2019,130.2,"4,485,145"
VTI,01/08/2019,131.54,"3,949,427"
VTI,01/09/2019,132.16,"6,405,370"
VTI,01/10/2019,132.81,"2,685,675"
VTI,01/11/2019,132.84,"3,033,939"
VTI,01/14/2019,132,"2,479,452"
VTI,01/15/2019,133.44,"4,542,135"
VTI,01/16/2019,133.82,"2,963,158"
VTI,01/17/2019,134.9,"4,401,077"
VTI,01/18/2019,136.65,"4,224,885"
VTI,01/22/2019,134.78,"5,037,882"
VTI,01/23/2019,134.92,"3,934,222"
VTI,01/24/2019,135.2,"3,785,480"
VTI,01/25/2019,136.47,"2,987,329"
VTI,01/28/2019,135.47,"4,371,642"
VTI,01/29/2019,135.28,"2,975,051"
VTI,01/30/2019,137.32,"3,060,684"
VTI,01/31/2019,138.53,"3,932,952"
VTI,02/01/2019,138.73,"3,225,350"
VTI,02/04/2019,139.72,"4,938,202"
VTI,02/05/2019,140.3,"2,759,102"
VTI,02/06/2019,140.16,"2,945,194"
VTI,02/07/2019,138.83,"5,097,572"
VTI,02/08/2019,138.97,"2,105,845"
VTI,02/11/2019,139.26,"2,337,166"
VTI,02/12/2019,141,"3,312,319"
VTI,02/13/2019,141.44,"2,369,412"
VTI,02/14/2019,141.19,"2,731,593"
VTI,02/15/2019,142.74,"2,537,630"
VTI,02/19/2019,143.02,"2,469,874"
VTI,02/20/2019,143.32,"2,357,401"
VTI,02/21/2019,142.83,"3,685,264"
VTI,02/22/2019,143.77,"1,838,422"
VTI,02/25/2019,143.98,"3,919,989"
VTI,02/26/2019,143.71,"2,155,194"
VTI,02/27/2019,143.76,"2,046,803"
VTI,02/28/2019,143.46,"2,275,205"
VTI,03/01/2019,144.42,"2,985,134"
VTI,03/04/2019,143.75,"3,555,436"
VTI,03/05/2019,143.48,"2,838,008"
VTI,03/06/2019,142.39,"2,139,572"
VTI,03/07/2019,141.28,"2,851,774"
VTI,03/08/2019,140.99,"2,327,960"
VTI,03/11/2019,143.06,"1,910,401"
VTI,03/12/2019,143.54,"1,966,086"
VTI,03/13/2019,144.46,"2,013,751"
VTI,03/14/2019,144.34,"1,493,994"
VTI,03/15/2019,145.01,"2,324,306"
VTI,03/18/2019,145.55,"2,489,764"
VTI,03/19/2019,145.52,"6,104,611"
VTI,03/20/2019,144.92,"2,900,905"
VTI,03/21/2019,146.62,"2,949,723"
VTI,03/22/2019,143.56,"5,150,985"
VTI,03/25/2019,142.69,"3,676,498"
VTI,03/26/2019,143.79,"2,861,396"
VTI,03/27/2019,143.13,"3,402,785"
VTI,03/28/2019,143.76,"2,654,778"
VTI,03/29/2019,144.71,"3,614,659"
VTI,04/01/2019,146.39,"3,666,802"
VTI,04/02/2019,146.38,"4,292,798"
VTI,04/03/2019,146.73,"2,404,449"
VTI,04/04/2019,147.04,"2,248,427"
VTI,04/05/2019,147.78,"1,744,467"
VTI,04/08/2019,147.91,"2,130,517"
VTI,04/09/2019,147.02,"2,150,772"
VTI,04/10/2019,147.7,"2,019,021"
VTI,04/11/2019,147.69,"1,794,589"
VTI,04/12/2019,148.68,"2,612,084"
VTI,04/15/2019,148.56,"2,083,038"
VTI,04/16/2019,148.6,"2,953,275"
VTI,04/17/2019,148.05,"2,983,878"
VTI,04/18/2019,148.27,"2,457,090"
VTI,04/22/2019,148.31,"2,148,667"
VTI,04/23/2019,149.8,"2,344,183"
VTI,04/24/2019,149.6,"1,924,756"
VTI,04/25/2019,149.35,"2,428,605"
VTI,04/26/2019,150.16,"2,184,506"
VTI,04/29/2019,150.38,"2,461,877"
VTI,04/30/2019,150.39,"2,224,568"
VTI,05/01/2019,149.27,"3,761,540"
VTI,05/02/2019,149.02,"2,537,824"
VTI,05/03/2019,150.63,"2,147,145"
VTI,05/06/2019,150.15,"2,635,339"
VTI,05/07/2019,147.56,"4,385,772"
VTI,05/08/2019,147.32,"2,492,088"
VTI,05/09/2019,146.85,"2,768,002"
VTI,05/10/2019,147.53,"3,175,474"
VTI,05/13/2019,143.8,"4,242,118"
VTI,05/14/2019,145.1,"3,090,493"
VTI,05/15/2019,145.96,"2,072,281"
VTI,05/16/2019,147.28,"2,319,528"
VTI,05/17/2019,146.24,"1,923,948"
VTI,05/20/2019,145.2,"1,669,331"
VTI,05/21/2019,146.62,"1,438,804"
VTI,05/22/2019,146.09,"1,539,829"
VTI,05/23/2019,144.23,"2,701,356"
VTI,05/24/2019,144.58,"1,381,924"
VTI,05/28/2019,143.31,"3,866,068"
VTI,05/29/2019,142.33,"2,955,070"
VTI,05/30/2019,142.61,"2,621,700"
VTI,05/31/2019,140.69,"2,836,563"
VTI,06/03/2019,140.41,"4,765,473"
VTI,06/04/2019,143.56,"2,767,665"
VTI,06/05/2019,144.66,"5,059,723"
VTI,06/06/2019,145.47,"2,795,552"
VTI,06/07/2019,146.79,"1,668,251"
VTI,06/10/2019,147.61,"2,260,005"
VTI,06/11/2019,147.47,"1,724,530"
VTI,06/12/2019,147.27,"1,729,920"
VTI,06/13/2019,147.95,"1,726,623"
VTI,06/14/2019,147.63,"1,401,000"
VTI,06/17/2019,147.19,"2,506,104"
VTI,06/18/2019,148.8,"2,261,097"
VTI,06/19/2019,149.31,"4,049,930"
VTI,06/20/2019,150.68,"2,968,296"
VTI,06/21/2019,150.7,"2,414,269"
VTI,06/24/2019,149.86,"1,977,281"
VTI,06/25/2019,148.44,"2,309,499"
VTI,06/26/2019,148.16,"1,904,009"
VTI,06/27/2019,149.05,"2,392,246"
VTI,06/28/2019,150.09,"2,589,603"
VTI,07/01/2019,151.15,"3,968,482"
VTI,07/02/2019,151.5,"2,705,428"
VTI,07/03/2019,152.64,"2,286,751"
VTI,07/05/2019,152.55,"2,446,292"
VTI,07/08/2019,151.73,"2,611,289"
VTI,07/09/2019,152,"3,177,994"
VTI,07/10/2019,152.62,"1,852,587"
VTI,07/11/2019,152.83,"2,641,034"
VTI,07/12/2019,153.61,"1,656,068"
VTI,07/15/2019,153.51,"2,155,042"
VTI,07/16/2019,153.12,"1,778,589"
VTI,07/17/2019,152.11,"2,575,536"
VTI,07/18/2019,152.67,"1,468,557"
VTI,07/19/2019,151.8,"1,487,931"
VTI,07/22/2019,152.16,"1,510,363"
VTI,07/23/2019,153.18,"1,643,752"
VTI,07/24/2019,154.12,"2,169,091"
VTI,07/25/2019,153.3,"2,045,988"
VTI,07/26/2019,154.41,"1,721,689"
VTI,07/29/2019,154.04,"1,587,719"
VTI,07/30/2019,153.89,"1,970,511"
VTI,07/31/2019,152.21,"2,512,001"
VTI,08/01/2019,150.8,"3,901,538"
VTI,08/02/2019,149.58,"7,062,278"
VTI,08/05/2019,145.14,"5,701,779"
VTI,08/06/2019,147.03,"3,408,406"
VTI,08/07/2019,147.19,"3,195,935"
VTI,08/08/2019,149.99,"4,143,169"
VTI,08/09/2019,148.92,"2,350,082"
VTI,08/12/2019,147.08,"2,610,167"
VTI,08/13/2019,149.18,"2,721,561"
VTI,08/14/2019,144.87,"3,938,765"
VTI,08/15/2019,145.14,"3,592,092"
VTI,08/16/2019,147.34,"3,659,567"
VTI,08/19/2019,149.09,"2,875,419"
VTI,08/20/2019,147.95,"1,739,215"
VTI,08/21/2019,149.2,"1,440,705"
VTI,08/22/2019,149.07,"1,730,745"
VTI,08/23/2019,145.31,"3,809,068"
VTI,08/26/2019,146.78,"3,623,623"
VTI,08/27/2019,146.1,"1,986,677"
VTI,08/28/2019,147.14,"1,981,150"
VTI,08/29/2019,149.09,"2,576,181"
VTI,08/30/2019,149.04,"2,268,779"
VTI,09/03/2019,148.07,"4,307,855"
VTI,09/04/2019,149.65,"2,071,883"
VTI,09/05/2019,151.65,"2,991,865"
VTI,09/06/2019,151.68,"1,568,717"
VTI,09/09/2019,151.77,"2,575,630"
VTI,09/10/2019,151.92,"3,435,179"
VTI,09/11/2019,153.16,"3,848,134"
VTI,09/12/2019,153.62,"3,486,754"
VTI,09/13/2019,153.47,"3,002,677"
VTI,09/16/2019,152.46,"1,690,960"
VTI,09/17/2019,152.83,"2,104,805"
VTI,09/18/2019,152.81,"1,717,104"
VTI,09/19/2019,152.71,"2,063,229"
VTI,09/20/2019,152.04,"2,106,618"
VTI,09/23/2019,152.12,"2,052,005"
VTI,09/24/2019,150.71,"4,236,036"
VTI,09/25/2019,151.66,"6,144,372"
VTI,09/26/2019,151.2,"1,723,819"
VTI,09/27/2019,150.3,"1,940,213"
VTI,09/30/2019,151,"1,703,267"
VTI,10/01/2019,149.03,"2,823,598"
VTI,10/02/2019,146.61,"3,812,355"
VTI,10/03/2019,147.8,"4,380,756"
VTI,10/04/2019,149.73,"2,510,543"
VTI,10/07/2019,149.14,"2,237,477"
VTI,10/08/2019,146.73,"2,215,017"
VTI,10/09/2019,148.08,"3,295,815"
VTI,10/10/2019,149.03,"3,513,663"
VTI,10/11/2019,150.63,"3,378,040"
VTI,10/14/2019,150.49,"1,213,672"
VTI,10/15/2019,151.97,"2,153,431"
VTI,10/16/2019,151.69,"1,596,363"
VTI,10/17/2019,152.19,"1,640,487"
VTI,10/18/2019,151.58,"1,720,382"
VTI,10/21/2019,152.57,"1,710,244"
VTI,10/22/2019,152.11,"1,713,238"
VTI,10/23/2019,152.42,"1,804,395"
VTI,10/24/2019,152.84,"1,582,511"
VTI,10/25/2019,153.45,"2,462,686"
VTI,10/28/2019,154.38,"2,725,834"
VTI,10/29/2019,154.35,"1,561,685"
VTI,10/30/2019,154.72,"2,288,238"
VTI,10/31/2019,154.18,"2,224,482"
VTI,11/01/2019,155.83,"2,408,556"
VTI,11/04/2019,156.4,"2,216,474"
VTI,11/05/2019,156.26,"2,377,292"
VTI,11/06/2019,156.19,"2,289,486"
VTI,11/07/2019,156.72,"2,407,990"
VTI,11/08/2019,157.16,"2,132,643"
VTI,11/11/2019,156.85,"1,739,304"
VTI,11/12/2019,157.12,"1,731,027"
VTI,11/13/2019,157.19,"2,189,706"
VTI,11/14/2019,157.35,"2,096,923"
VTI,11/15/2019,158.55,"2,615,456"
VTI,11/18/2019,158.64,"3,143,152"
VTI,11/19/2019,158.69,"2,225,393"
VTI,11/20/2019,158.19,"3,336,937"
VTI,11/21/2019,157.79,"2,220,535"
VTI,11/22/2019,158.14,"1,886,328"
VTI,11/25/2019,159.64,"2,527,400"
VTI,11/26/2019,159.98,"1,885,416"
VTI,11/27/2019,160.74,"2,344,060"
VTI,11/29/2019,160.02,"1,170,966"
VTI,12/02/2019,158.57,"3,769,716"
VTI,12/03/2019,157.63,"4,040,566"
VTI,12/04/2019,158.65,"2,132,290"
VTI,12/05/2019,158.88,"1,858,086"
VTI,12/06/2019,160.29,"2,021,049"
VTI,12/09/2019,159.78,"1,934,342"
VTI,12/10/2019,159.64,"2,150,764"
VTI,12/11/2019,160.02,"1,781,276"
VTI,12/12/2019,161.33,"3,012,892"
VTI,12/13/2019,161.33,"3,023,454"
VTI,12/16/2019,162.51,"2,466,553"
VTI,12/17/2019,162.57,"4,421,574"
VTI,12/18/2019,162.64,"2,139,862"
VTI,12/19/2019,163.35,"3,018,818"
VTI,12/20/2019,164.19,"3,142,931"
VTI,12/23/2019,164.29,"3,823,857"
VTI,12/24/2019,163.44,"1,624,944"
VTI,12/26/2019,164.23,"2,516,180"
VTI,12/27/2019,164.08,"2,356,758"
VTI,12/30/2019,163.19,"4,504,084"
VTI,12/31/2019,163.62,"3,264,485"
VTI,01/02/2020,164.98,"3,291,790"
VTI,01/03/2020,163.93,"3,625,467"
VTI,01/06/2020,164.49,"6,814,345"
VTI,01/07/2020,164.1,"2,506,286"
VTI,01/08/2020,164.91,"4,246,165"
VTI,01/09/2020,165.94,"2,217,027"
VTI,01/10/2020,165.46,"4,023,446"
VTI,01/13/2020,166.59,"3,997,159"
VTI,01/14/2020,166.5,"3,062,057"
VTI,01/15/2020,166.91,"2,479,196"
VTI,01/16/2020,168.34,"2,205,567"
VTI,01/17/2020,168.76,"2,272,024"
VTI,01/21/2020,168.4,"3,174,159"
VTI,01/22/2020,168.5,"2,113,594"
VTI,01/23/2020,168.69,"2,370,043"
VTI,01/24/2020,167.09,"3,292,479"
VTI,01/27/2020,164.58,"4,693,039"
VTI,01/28/2020,166.17,"4,010,898"
VTI,01/29/2020,166.06,"1,751,809"
VTI,01/30/2020,166.46,"2,835,853"
VTI,01/31/2020,163.52,"4,525,336"
VTI,02/03/2020,164.96,"2,783,910"
VTI,02/04/2020,167.56,"2,732,900"
VTI,02/05/2020,169.21,"4,133,721"
VTI,02/06/2020,169.68,"2,202,679"
VTI,02/07/2020,168.71,"2,579,243"
VTI,02/10/2020,169.95,"2,494,122"
VTI,02/11/2020,170.42,"2,922,085"
VTI,02/12/2020,171.49,"2,154,123"
VTI,02/13/2020,171.42,"2,827,640"
VTI,02/14/2020,171.7,"2,527,813"
VTI,02/18/2020,171.3,"2,460,051"
VTI,02/19/2020,172.17,"2,488,116"
VTI,02/20/2020,171.65,"7,061,599"
VTI,02/21/2020,169.89,"2,984,389"
VTI,02/24/2020,164.3,"8,710,887"
VTI,02/25/2020,159.28,"10,112,335"
VTI,02/26/2020,158.4,"8,217,060"
VTI,02/27/2020,151.46,"14,384,245"
VTI,02/28/2020,150.44,"22,283,349"
VTI,03/02/2020,156.67,"12,071,608"
VTI,03/03/2020,152.63,"8,623,081"
VTI,03/04/2020,158.73,"5,226,594"
VTI,03/05/2020,153.44,"5,343,365"
VTI,03/06/2020,150.59,"9,947,744"
VTI,03/09/2020,138.5,"18,537,125"
VTI,03/10/2020,145.37,"11,693,320"
VTI,03/11/2020,138.01,"10,797,615"
VTI,03/12/2020,124.59,"20,969,501"
VTI,03/13/2020,135.93,"15,351,610"
VTI,03/16/2020,120.46,"14,652,948"
VTI,03/17/2020,126.5,"16,645,835"
VTI,03/18/2020,119.21,"15,388,040"
VTI,03/19/2020,120.09,"11,083,539"
VTI,03/20/2020,115.19,"12,264,894"
VTI,03/23/2020,111.91,"16,442,958"
VTI,03/24/2020,122.53,"10,986,938"
VTI,03/25/2020,124.22,"14,428,143"
VTI,03/26/2020,131.11,"10,549,134"
VTI,03/27/2020,126.93,"9,731,535"
VTI,03/30/2020,130.78,"10,416,329"
VTI,03/31/2020,128.91,"8,664,872"
VTI,04/01/2020,122.96,"7,911,466"
VTI,04/02/2020,125.52,"6,244,306"
VTI,04/03/2020,123.38,"6,584,392"
VTI,04/06/2020,132.01,"9,369,426"
VTI,04/07/2020,132.16,"10,469,914"
VTI,04/08/2020,136.8,"6,610,419"
VTI,04/09/2020,139.36,"9,315,671"
VTI,04/13/2020,137.7,"7,291,608"
VTI,04/14/2020,141.88,"5,609,276"
VTI,04/15/2020,138.55,"5,164,079"
VTI,04/16/2020,139.2,"5,301,218"
VTI,04/17/2020,143.14,"6,411,164"
VTI,04/20/2020,140.82,"5,413,970"
VTI,04/21/2020,136.45,"6,367,548"
VTI,04/22/2020,139.53,"6,342,857"
VTI,04/23/2020,139.55,"6,198,326"
VTI,04/24/2020,141.63,"4,407,501"
VTI,04/27/2020,144.14,"4,968,198"
VTI,04/28/2020,143.69,"3,594,939"
VTI,04/29/2020,147.76,"4,990,906"
VTI,04/30/2020,145.84,"4,228,764"
VTI,05/01/2020,141.81,"4,232,478"
VTI,05/04/2020,142.35,"4,741,199"
VTI,05/05/2020,143.67,"3,665,891"
VTI,05/06/2020,142.88,"3,927,285"
VTI,05/07/2020,144.75,"3,798,011"
VTI,05/08/2020,147.47,"4,251,204"
VTI,05/11/2020,147.49,"4,240,948"
VTI,05/12/2020,144.35,"4,864,369"
VTI,05/13/2020,141.45,"5,862,103"
VTI,05/14/2020,142.97,"7,561,043"
VTI,05/15/2020,143.83,"3,845,700"
VTI,05/18/2020,148.6,"4,558,802"
VTI,05/19/2020,147.02,"3,180,859"
VTI,05/20/2020,149.74,"3,893,993"
VTI,05/21/2020,148.84,"3,419,215"
VTI,05/22/2020,149.26,"3,003,046"
VTI,05/26/2020,151.34,"4,197,924"
VTI,05/27/2020,153.73,"5,077,748"
VTI,05/28/2020,153.2,"4,602,622"
VTI,05/29/2020,153.71,"4,777,117"
VTI,06/01/2020,154.75,"3,482,872"
VTI,06/02/2020,155.92,"4,157,219"
VTI,06/03/2020,158.35,"9,496,421"
VTI,06/04/2020,157.85,"5,629,234"
VTI,06/05/2020,161.9,"4,373,362"
VTI,06/08/2020,164.1,"5,851,275"
VTI,06/09/2020,162.6,"3,200,448"
VTI,06/10/2020,161.39,"4,292,883"
VTI,06/11/2020,151.87,"12,504,612"
VTI,06/12/2020,153.97,"6,882,084"
VTI,06/15/2020,155.62,"4,860,192"
VTI,06/16/2020,158.61,"4,583,642"
VTI,06/17/2020,157.84,"3,702,208"
VTI,06/18/2020,157.97,"2,797,839"
VTI,06/19/2020,157.08,"3,824,932"
VTI,06/22/2020,158.17,"2,561,275"
VTI,06/23/2020,158.79,"2,555,142"
VTI,06/24/2020,154.48,"3,729,120"
VTI,06/25/2020,155.64,"4,029,197"
VTI,06/26/2020,152.02,"3,508,478"
VTI,06/29/2020,154.25,"3,161,581"
VTI,06/30/2020,156.53,"4,317,415"
VTI,07/01/2020,157.44,"3,640,948"
VTI,07/02/2020,158.07,"3,181,623"
VTI,07/06/2020,160.56,"3,307,610"
VTI,07/07/2020,158.93,"2,357,415"
VTI,07/08/2020,160.23,"2,435,084"
VTI,07/09/2020,159.24,"2,465,192"
VTI,07/10/2020,160.95,"2,391,827"
VTI,07/13/2020,159.21,"4,694,747"
VTI,07/14/2020,161.3,"3,221,331"
VTI,07/15/2020,163.3,"3,747,849"
VTI,07/16/2020,162.57,"2,190,948"
VTI,07/17/2020,163.19,"2,141,341"
VTI,07/20/2020,164.44,"3,113,424"
VTI,07/21/2020,164.91,"2,347,469"
VTI,07/22/2020,165.77,"2,723,157"
VTI,07/23/2020,163.96,"3,114,881"
VTI,07/24/2020,162.69,"2,360,911"
VTI,07/27/2020,164.09,"2,423,544"
VTI,07/28/2020,162.89,"1,904,878"
VTI,07/29/2020,165.05,"2,153,251"
VTI,07/30/2020,164.68,"2,473,306"
VTI,07/31/2020,165.52,"3,159,796"
VTI,08/03/2020,166.96,"4,341,959"
VTI,08/04/2020,167.62,"2,811,708"
VTI,08/05/2020,168.84,"2,683,234"
VTI,08/06/2020,169.66,"2,150,856"
VTI,08/07/2020,169.8,"2,194,155"
VTI,08/10/2020,170.27,"2,496,692"
VTI,08/11/2020,168.9,"3,124,986"
VTI,08/12/2020,171.16,"3,365,388"
VTI,08/13/2020,171.03,"2,247,211"
VTI,08/14/2020,170.98,"2,214,103"
VTI,08/17/2020,171.71,"3,422,471"
VTI,08/18/2020,171.97,"3,551,481"
VTI,08/19/2020,171.3,"2,290,966"
VTI,08/20/2020,171.79,"2,184,395"
VTI,08/21/2020,172.22,"2,284,651"
VTI,08/24/2020,173.87,"2,467,515"
VTI,08/25/2020,174.45,"5,162,842"
VTI,08/26/2020,176.03,"2,441,127"
VTI,08/27/2020,176.45,"3,435,348"
VTI,08/28/2020,177.68,"4,163,149"
VTI,08/31/2020,177.28,"3,189,611"
VTI,09/01/2020,178.85,"2,881,475"
VTI,09/02/2020,181.24,"4,021,944"
VTI,09/03/2020,174.94,"5,341,383"
VTI,09/04/2020,173.45,"4,380,331"
VTI,09/08/2020,168.58,"3,976,020"
VTI,09/09/2020,171.88,"4,290,412"
VTI,09/10/2020,169.06,"3,507,705"
VTI,09/11/2020,169.12,"3,407,741"
VTI,09/14/2020,171.76,"3,080,821"
VTI,09/15/2020,172.74,"2,129,969"
VTI,09/16/2020,172.17,"2,827,182"
VTI,09/17/2020,170.75,"2,780,795"
VTI,09/18/2020,169.09,"3,178,029"
VTI,09/21/2020,167.05,"4,175,277"
VTI,09/22/2020,168.71,"2,090,853"
VTI,09/23/2020,164.64,"2,071,393"
VTI,09/24/2020,164.99,"3,792,190"
VTI,09/25/2020,166.96,"2,985,978"
VTI,09/28/2020,169.99,"3,291,301"
VTI,09/29/2020,169.04,"2,121,389"
VTI,09/30/2020,170.31,"4,786,367"
VTI,10/01/2020,171.73,"3,234,067"
VTI,10/02/2020,170.39,"2,325,608"
VTI,10/05/2020,173.46,"2,574,200"
VTI,10/06/2020,171.32,"2,803,289"
VTI,10/07/2020,174.31,"1,952,662"
VTI,10/08/2020,175.84,"2,335,209"
VTI,10/09/2020,177.32,"2,489,202"
VTI,10/12/2020,179.95,"2,895,762"
VTI,10/13/2020,179,"2,448,959"
VTI,10/14/2020,177.81,"2,155,683"
VTI,10/15/2020,177.87,"2,865,532"
VTI,10/16/2020,177.55,"1,910,310"
VTI,10/19/2020,175.01,"2,713,762"
VTI,10/20/2020,175.62,"2,625,933"
VTI,10/21/2020,175.02,"3,237,196"
VTI,10/22/2020,176.26,"3,763,545"
VTI,10/23/2020,176.84,"2,412,692"
VTI,10/26/2020,173.63,"3,873,585"
VTI,10/27/2020,172.93,"2,525,159"
VTI,10/28/2020,167.2,"4,617,505"
VTI,10/29/2020,168.78,"3,101,045"
VTI,10/30/2020,166.99,"3,991,637"
VTI,11/02/2020,168.73,"3,741,619"
VTI,11/03/2020,171.97,"4,095,960"
VTI,11/04/2020,175.72,"3,632,104"
VTI,11/05/2020,179.35,"3,678,118"
VTI,11/06/2020,179.26,"3,222,208"
VTI,11/09/2020,181.39,"5,549,833"
VTI,11/10/2020,181.09,"5,609,359"
VTI,11/11/2020,182.56,"2,878,914"
VTI,11/12/2020,180.76,"3,325,799"
VTI,11/13/2020,183.32,"4,771,512"
VTI,11/16/2020,185.56,"6,191,442"
VTI,11/17/2020,185.14,"5,733,468"
VTI,11/18/2020,183.18,"3,281,905"
VTI,11/19/2020,184.2,"3,038,547"
VTI,11/20/2020,183.23,"2,785,776"
VTI,11/23/2020,184.73,"4,390,904"
VTI,11/24/2020,187.59,"5,381,856"
VTI,11/25/2020,187.52,"3,459,403"
VTI,11/27/2020,188.18,"1,742,522"
VTI,11/30/2020,186.7,"3,721,753"
VTI,12/01/2020,189.07,"3,868,707"
VTI,12/02/2020,189.23,"3,831,384"
VTI,12/03/2020,189.61,"4,408,618"
VTI,12/04/2020,191.51,"4,401,562"
VTI,12/07/2020,191.3,"4,319,741"
VTI,12/08/2020,192.13,"3,448,990"
VTI,12/09/2020,190.24,"4,470,461"
VTI,12/10/2020,190.52,"3,223,497"
VTI,12/11/2020,190.18,"3,463,002"
VTI,12/14/2020,189.64,"3,530,473"
VTI,12/15/2020,192.24,"3,229,233"
VTI,12/16/2020,192.51,"2,983,891"
VTI,12/17/2020,194.02,"4,132,796"
VTI,12/18/2020,193.47,"4,542,076"
VTI,12/21/2020,192.91,"5,011,894"
VTI,12/22/2020,192.95,"4,338,732"
VTI,12/23/2020,193.28,"3,451,397"
VTI,12/24/2020,192.82,"1,744,035"
VTI,12/28/2020,194.04,"3,780,480"
VTI,12/29/2020,193.23,"4,606,179"
VTI,12/30/2020,193.75,"4,314,032"
VTI,12/31/2020,194.64,"3,746,410"
VTI,01/04/2021,191.87,"8,825,771"
VTI,01/05/2021,193.42,"3,893,996"
VTI,01/06/2021,195.16,"6,175,661"
VTI,01/07/2021,198.29,"4,830,893"
VTI,01/08/2021,199.25,"7,538,654"
VTI,01/11/2021,198.06,"3,860,661"
VTI,01/12/2021,198.76,"3,874,058"
VTI,01/13/2021,198.98,"3,465,834"
VTI,01/14/2021,198.79,"4,288,989"
VTI,01/15/2021,197.06,"3,444,835"
VTI,01/19/2021,198.86,"4,153,749"
VTI,01/20/2021,201.37,"5,224,929"
VTI,01/21/2021,201.22,"2,966,755"
VTI,01/22/2021,200.89,"3,045,862"
VTI,01/25/2021,201.46,"5,323,420"
VTI,01/26/2021,200.73,"4,046,934"
VTI,01/27/2021,195.91,"6,727,727"
VTI,01/28/2021,197.45,"5,310,074"
VTI,01/29/2021,193.99,"8,315,713"
VTI,02/01/2021,197.3,"3,900,677"
VTI,02/02/2021,200.13,"3,278,672"
VTI,02/03/2021,200.43,"2,905,649"
VTI,02/04/2021,202.97,"2,746,438"
VTI,02/05/2021,204.11,"3,127,208"
VTI,02/08/2021,205.94,"3,676,683"
VTI,02/09/2021,206.02,"3,384,784"
VTI,02/10/2021,205.93,"3,682,381"
VTI,02/11/2021,206.42,"2,630,148"
VTI,02/12/2021,207.49,"2,416,655"
VTI,02/16/2021,207.12,"4,955,666"
VTI,02/17/2021,206.69,"4,537,658"
VTI,02/18/2021,205.5,"3,659,561"
VTI,02/19/2021,205.97,"4,921,781"
VTI,02/22/2021,204.01,"4,400,344"
VTI,02/23/2021,203.98,"5,708,246"
VTI,02/24/2021,206.27,"3,722,779"
VTI,02/25/2021,200.88,"7,581,118"
VTI,02/26/2021,200.08,"6,324,563"
VTI,03/01/2021,205.22,"4,696,793"
VTI,03/02/2021,203.29,"4,858,986"
VTI,03/03/2021,200.36,"4,333,981"
VTI,03/04/2021,197.19,"7,198,829"
VTI,03/05/2021,200.75,"6,614,765"
VTI,03/08/2021,199.77,"4,281,410"
VTI,03/09/2021,202.87,"4,116,133"
VTI,03/10/2021,204.32,"4,133,772"
VTI,03/11/2021,206.99,"4,102,705"
VTI,03/12/2021,207.4,"4,068,984"
VTI,03/15/2021,208.85,"3,452,054"
VTI,03/16/2021,208.01,"4,599,911"
VTI,03/17/2021,208.8,"3,347,022"
VTI,03/18/2021,205,"3,647,862"
VTI,03/19/2021,205.26,"3,870,950"
VTI,03/22/2021,206.37,"3,603,913"
VTI,03/23/2021,204.02,"4,764,821"
VTI,03/24/2021,202.33,"4,014,518"
VTI,03/25/2021,203.15,"4,976,764"
VTI,03/26/2021,206.47,"3,554,937"
VTI,03/29/2021,205.5,"4,562,917"
VTI,03/30/2021,205.44,"3,960,465"
VTI,03/31/2021,206.69,"5,494,825"
VTI,04/01/2021,209.28,"4,543,279"
VTI,04/05/2021,211.72,"5,941,387"
VTI,04/06/2021,211.8,"4,029,868"
VTI,04/07/2021,211.62,"3,299,436"
VTI,04/08/2021,212.85,"3,628,920"
VTI,04/09/2021,214.14,"3,559,090"
VTI,04/12/2021,214.2,"3,882,769"
VTI,04/13/2021,214.8,"4,056,878"
VTI,04/14/2021,214.32,"3,765,609"
VTI,04/15/2021,216.6,"5,439,597"
VTI,04/16/2021,217.15,"4,306,032"
VTI,04/19/2021,215.73,"3,986,856"
VTI,04/20/2021,213.75,"5,210,303"
VTI,04/21/2021,216.3,"3,167,862"
VTI,04/22/2021,214.61,"4,394,838"
VTI,04/23/2021,217.21,"4,377,383"
VTI,04/26/2021,218,"3,202,476"
VTI,04/27/2021,217.9,"2,669,993"
VTI,04/28/2021,217.87,"2,603,909"
VTI,04/29/2021,218.7,"4,178,773"
VTI,04/30/2021,217.1,"3,256,608"
VTI,05/03/2021,217.48,"3,846,346"
VTI,05/04/2021,215.85,"4,899,970"
VTI,05/05/2021,215.81,"3,130,931"
VTI,05/06/2021,216.91,"4,131,239"
VTI,05/07/2021,218.75,"3,868,069"
VTI,05/10/2021,216.18,"4,443,785"
VTI,05/11/2021,214.44,"5,959,913"
VTI,05/12/2021,209.61,"5,788,414"
VTI,05/13/2021,211.92,"4,972,257"
VTI,05/14/2021,215.54,"4,292,564"
VTI,05/17/2021,215.08,"4,063,156"
VTI,05/18/2021,213.4,"3,173,141"
VTI,05/19/2021,212.78,"6,014,965"
VTI,05/20/2021,215.09,"3,478,339"
VTI,05/21/2021,214.97,"3,623,280"
VTI,05/24/2021,217.14,"2,873,655"
VTI,05/25/2021,216.54,"3,700,639"
VTI,05/26/2021,217.32,"3,258,066"
VTI,05/27/2021,217.72,"2,617,247"
VTI,05/28/2021,218.09,"2,639,652"
VTI,06/01/2021,218.18,"3,805,673"
VTI,06/02/2021,218.47,"3,599,636"
VTI,06/03/2021,217.5,"2,967,036"
VTI,06/04/2021,219.39,"2,287,141"
VTI,06/07/2021,219.57,"2,762,826"
VTI,06/08/2021,220.02,"2,831,662"
VTI,06/09/2021,219.4,"2,688,611"
VTI,06/10/2021,220.37,"2,936,714"
VTI,06/11/2021,221.02,"2,837,163"
VTI,06/14/2021,221.36,"3,189,351"
VTI,06/15/2021,220.78,"3,094,036"
VTI,06/16/2021,219.68,"3,459,612"
VTI,06/17/2021,219.47,"3,002,892"
VTI,06/18/2021,216.75,"4,538,330"
VTI,06/21/2021,219.74,"3,870,334"
VTI,06/22/2021,220.99,"2,684,282"
VTI,06/23/2021,220.9,"2,662,360"
VTI,06/24/2021,221.72,"2,931,620"
VTI,06/25/2021,222.55,"2,801,325"
VTI,06/28/2021,222.8,"3,094,871"
VTI,06/29/2021,222.81,"4,068,267"
VTI,06/30/2021,222.82,"3,041,724"
VTI,07/01/2021,224.03,"3,835,965"
VTI,07/02/2021,225.27,"3,026,358"
VTI,07/06/2021,224.78,"4,147,184"
VTI,07/07/2021,225.08,"4,042,470"
VTI,07/08/2021,223.18,"4,486,390"
VTI,07/09/2021,225.88,"3,886,588"
VTI,07/12/2021,226.51,"3,294,631"
VTI,07/13/2021,225.25,"4,668,405"
VTI,07/14/2021,224.94,"2,830,171"
VTI,07/15/2021,224.15,"3,276,480"
VTI,07/16/2021,222.39,"3,203,304"
VTI,07/19/2021,219.23,"6,966,215"
VTI,07/20/2021,223.02,"5,362,926"
VTI,07/21/2021,225.02,"2,542,533"
VTI,07/22/2021,225.21,"2,236,248"
VTI,07/23/2021,227.46,"2,982,715"
VTI,07/26/2021,227.92,"2,849,851"
VTI,07/27/2021,226.69,"4,169,619"
VTI,07/28/2021,227.04,"3,306,665"
VTI,07/29/2021,228.04,"2,960,948"
VTI,07/30/2021,226.69,"2,846,768"
VTI,08/02/2021,226.37,"3,558,108"
VTI,08/03/2021,227.99,"3,245,391"
VTI,08/04/2021,226.97,"3,374,500"
VTI,08/05/2021,228.59,"2,461,933"
VTI,08/06/2021,228.87,"2,343,355"
VTI,08/09/2021,228.78,"3,295,454"
VTI,08/10/2021,228.93,"2,946,671"
VTI,08/11/2021,229.38,"3,051,428"
VTI,08/12/2021,230.02,"2,747,173"
VTI,08/13/2021,230.15,"2,515,966"
VTI,08/16/2021,230.24,"3,195,416"
VTI,08/17/2021,228.53,"3,735,148"
VTI,08/18/2021,226.25,"3,194,088"
VTI,08/19/2021,226.08,"3,964,540"
VTI,08/20/2021,228.11,"2,655,130"
VTI,08/23/2021,230.32,"3,180,576"
VTI,08/24/2021,231.14,"2,772,623"
VTI,08/25/2021,231.8,"2,896,979"
VTI,08/26/2021,230.25,"3,351,951"
VTI,08/27/2021,232.73,"3,749,765"
VTI,08/30/2021,233.61,"3,193,974"
VTI,08/31/2021,233.17,"3,099,418"
VTI,09/01/2021,233.58,"3,533,123"
VTI,09/02/2021,234.37,"3,275,088"
VTI,09/03/2021,234.29,"2,484,310"
VTI,09/07/2021,233.28,"3,258,393"
VTI,09/08/2021,232.73,"3,027,557"
VTI,09/09/2021,231.92,"3,265,898"
VTI,09/10/2021,230.08,"3,385,627"
VTI,09/13/2021,230.6,"3,312,726"
VTI,09/14/2021,229.21,"3,158,875"
VTI,09/15/2021,231.1,"2,598,871"
VTI,09/16/2021,230.89,"2,537,174"
VTI,09/17/2021,229.04,"3,078,186"
VTI,09/20/2021,225.07,"7,749,278"
VTI,09/21/2021,225.05,"4,564,393"
VTI,09/22/2021,227.32,"4,187,319"
VTI,09/23/2021,230.09,"3,778,143"
VTI,09/24/2021,229.64,"3,122,838"
VTI,09/27/2021,229.14,"2,856,698"
VTI,09/28/2021,224.34,"5,078,645"
VTI,09/29/2021,224.49,"4,585,452"
VTI,09/30/2021,222.06,"5,084,013"
VTI,10/01/2021,225.12,"5,148,618"
VTI,10/04/2021,221.73,"4,983,982"
VTI,10/05/2021,223.8,"3,568,211"
VTI,10/06/2021,224.73,"3,076,020"
VTI,10/07/2021,226.89,"3,081,323"
VTI,10/08/2021,226.39,"1,922,568"
VTI,10/11/2021,224.76,"2,354,945"
VTI,10/12/2021,224.6,"2,898,446"
VTI,10/13/2021,225.62,"3,179,840"
VTI,10/14/2021,229.37,"2,689,701"
VTI,10/15/2021,230.73,"2,718,071"
VTI,10/18/2021,231.57,"3,078,252"
VTI,10/19/2021,233.26,"2,683,112"
VTI,10/20/2021,234.17,"2,838,391"
VTI,10/21/2021,234.81,"2,839,751"
VTI,10/22/2021,234.36,"2,144,779"
VTI,10/25/2021,235.8,"2,170,066"
VTI,10/26/2021,235.71,"2,759,904"
VTI,10/27/2021,234.1,"3,409,633"
VTI,10/28/2021,236.6,"2,104,898"
VTI,10/29/2021,236.91,"3,565,904"
VTI,11/01/2021,238.09,"3,967,507"
VTI,11/02/2021,238.83,"4,005,140"
VTI,11/03/2021,240.52,"3,704,418"
VTI,11/04/2021,241.43,"3,557,018"
VTI,11/05/2021,242.36,"3,919,399"
VTI,11/08/2021,242.76,"3,401,397"
VTI,11/09/2021,242.06,"2,764,135"
VTI,11/10/2021,239.68,"3,356,536"
VTI,11/11/2021,239.97,"2,277,075"
VTI,11/12/2021,241.75,"2,419,879"
VTI,11/15/2021,241.75,"3,630,715"
VTI,11/16/2021,242.79,"2,947,360"
VTI,11/17/2021,241.79,"2,809,299"
VTI,11/18/2021,242.17,"3,508,794"
VTI,11/19/2021,241.48,"3,354,681"
VTI,11/22/2021,240.32,"3,903,603"
VTI,11/23/2021,240.4,"3,827,112"
VTI,11/24/2021,241.21,"2,195,423"
VTI,11/26/2021,235.99,"5,730,319"
VTI,11/29/2021,238.21,"4,789,187"
VTI,11/30/2021,233.45,"7,231,373"
VTI,12/01/2021,230.16,"5,280,502"
VTI,12/02/2021,233.9,"4,257,385"
VTI,12/03/2021,231.19,"5,821,948"
VTI,12/06/2021,234.16,"4,210,580"
VTI,12/07/2021,239.17,"4,284,716"
VTI,12/08/2021,240.2,"3,417,403"
VTI,12/09/2021,237.91,"2,853,758"
VTI,12/10/2021,239.53,"2,610,844"
VTI,12/13/2021,237.35,"5,839,127"
VTI,12/14/2021,235.57,"3,360,383"
VTI,12/15/2021,239.2,"3,720,706"
VTI,12/16/2021,236.52,"3,876,065"
VTI,12/17/2021,235.44,"4,453,956"
VTI,12/20/2021,232.13,"5,839,757"
VTI,12/21/2021,236.68,"4,158,836"
VTI,12/22/2021,239.02,"3,202,945"
VTI,12/23/2021,240.67,"2,925,146"
VTI,12/27/2021,242.96,"4,395,779"
VTI,12/28/2021,242.46,"3,962,146"
VTI,12/29/2021,242.6,"3,044,289"
VTI,12/30/2021,242.21,"4,501,528"
VTI,12/31/2021,241.44,"3,499,916"
VTI,01/03/2022,242.97,"4,204,016"
VTI,01/04/2022,242.51,"4,216,978"
VTI,01/05/2022,237.25,"4,878,333"
VTI,01/06/2022,237.19,"4,519,248"
VTI,01/07/2022,236.11,"3,580,217"
VTI,01/10/2022,235.7,"5,819,550"
VTI,01/11/2022,238.05,"3,524,791"
VTI,01/12/2022,238.42,"4,033,137"
VTI,01/13/2022,234.93,"4,049,253"
VTI,01/14/2022,235.02,"3,829,926"
VTI,01/18/2022,230.45,"6,514,691"
VTI,01/19/2022,228.03,"4,868,091"
VTI,01/20/2022,225.37,"5,175,143"
VTI,01/21/2022,220.91,"8,582,608"
VTI,01/24/2022,222.33,"22,010,122"
VTI,01/25/2022,219.22,"6,600,378"
VTI,01/26/2022,218.37,"7,096,416"
VTI,01/27/2022,216.75,"5,791,524"
VTI,01/28/2022,222.09,"4,961,209"
VTI,01/31/2022,226.81,"5,306,436"
VTI,02/01/2022,228.54,"4,697,648"
VTI,02/02/2022,230.05,"4,048,246"
VTI,02/03/2022,224.58,"4,217,696"
VTI,02/04/2022,226.07,"3,585,291"
VTI,02/07/2022,225.5,"2,757,317"
VTI,02/08/2022,227.57,"3,075,478"
VTI,02/09/2022,231.27,"3,698,680"
VTI,02/10/2022,227.35,"3,511,241"
VTI,02/11/2022,222.94,"4,839,824"
VTI,02/14/2022,222.12,"4,402,059"
VTI,02/15/2022,226.07,"4,407,540"
VTI,02/16/2022,226.28,"4,812,386"
VTI,02/17/2022,221.14,"5,784,633"
VTI,02/18/2022,219.37,"7,007,895"
VTI,02/22/2022,216.85,"7,748,880"
VTI,02/23/2022,212.86,"7,684,541"
VTI,02/24/2022,216.59,"10,471,037"
VTI,02/25/2022,221.41,"4,615,081"
VTI,02/28/2022,221.17,"4,219,782"
VTI,03/01/2022,217.72,"4,764,986"
VTI,03/02/2022,221.85,"3,884,898"
VTI,03/03/2022,220.16,"4,161,744"
VTI,03/04/2022,217.96,"4,536,101"
VTI,03/07/2022,211.24,"7,953,356"
VTI,03/08/2022,210.05,"6,132,218"
VTI,03/09/2022,215.88,"4,558,389"
VTI,03/10/2022,214.91,"5,271,254"
VTI,03/11/2022,211.99,"5,510,961"
VTI,03/14/2022,209.9,"6,284,174"
VTI,03/15/2022,214.28,"6,490,951"
VTI,03/16/2022,219.64,"4,863,538"
VTI,03/17/2022,222.58,"6,570,052"
VTI,03/18/2022,225.18,"3,425,055"
VTI,03/21/2022,224.97,"2,802,236"
VTI,03/22/2022,227.73,"3,269,345"
VTI,03/23/2022,223.93,"2,695,449"
VTI,03/24/2022,227.12,"2,375,108"
VTI,03/25/2022,228.09,"3,851,908"
VTI,03/28/2022,229.57,"6,799,449"
VTI,03/29/2022,233.05,"4,470,472"
VTI,03/30/2022,231.16,"3,436,440"
VTI,03/31/2022,227.67,"4,087,002"
VTI,04/01/2022,228.58,"3,456,406"
VTI,04/04/2022,230.52,"3,241,105"
VTI,04/05/2022,227.15,"3,268,845"
VTI,04/06/2022,224.54,"4,121,968"
VTI,04/07/2022,225.39,"4,347,542"
VTI,04/08/2022,224.69,"2,954,839"
VTI,04/11/2022,221.18,"2,942,240"
VTI,04/12/2022,220.5,"3,164,196"
VTI,04/13/2022,223.39,"2,404,612"
VTI,04/14/2022,220.67,"2,465,507"
VTI,04/18/2022,220.29,"3,674,362"
VTI,04/19/2022,224.17,"2,631,238"
VTI,04/20/2022,223.88,"2,933,209"
VTI,04/21/2022,220.22,"3,172,082"
VTI,04/22/2022,214.22,"6,361,435"
VTI,04/25/2022,215.39,"9,271,765"
VTI,04/26/2022,209.25,"6,891,128"
VTI,04/27/2022,209.66,"4,955,886"
VTI,04/28/2022,214.77,"3,767,703"
VTI,04/29/2022,206.88,"7,330,456"
VTI,05/02/2022,208.44,"10,630,488"
VTI,05/03/2022,209.43,"3,901,750"
VTI,05/04/2022,215.57,"3,870,646"
VTI,05/05/2022,207.62,"5,186,663"
VTI,05/06/2022,205.95,"5,193,865"
VTI,05/09/2022,198.65,"9,551,391"
VTI,05/10/2022,199.05,"7,604,985"
VTI,05/11/2022,195.45,"6,365,535"
VTI,05/12/2022,195.66,"7,964,939"
VTI,05/13/2022,200.9,"4,543,150"
VTI,05/16/2022,199.91,"4,479,431"
VTI,05/17/2022,204.18,"3,954,519"
VTI,05/18/2022,196.19,"4,712,206"
VTI,05/19/2022,195.32,"5,710,913"
VTI,05/20/2022,195.32,"5,153,289"
VTI,05/23/2022,198.66,"5,017,991"
VTI,05/24/2022,196.67,"4,788,715"
VTI,05/25/2022,198.86,"4,921,925"
VTI,05/26/2022,202.93,"4,216,682"
VTI,05/27/2022,208.07,"4,381,082"
VTI,05/31/2022,206.36,"4,100,924"
VTI,06/01/2022,205,"3,087,840"
VTI,06/02/2022,209.18,"2,977,799"
VTI,06/03/2022,205.84,"2,694,121"
VTI,06/06/2022,206.45,"2,745,450"
VTI,06/07/2022,208.69,"3,350,475"
VTI,06/08/2022,206.35,"2,187,178"
VTI,06/09/2022,201.41,"3,061,139"
VTI,06/10/2022,195.43,"5,703,756"
VTI,06/13/2022,187.45,"10,468,323"
VTI,06/14/2022,186.92,"7,045,850"
VTI,06/15/2022,189.64,"5,011,669"
VTI,06/16/2022,183.02,"8,225,100"
VTI,06/17/2022,183.71,"5,252,732"
VTI,06/21/2022,188.16,"6,103,401"
VTI,06/22/2022,188.13,"7,321,298"
VTI,06/23/2022,189.08,"6,675,843"
VTI,06/24/2022,195.19,"3,856,396"
VTI,06/27/2022,194.59,"5,950,393"
VTI,06/28/2022,190.58,"6,018,574"
VTI,06/29/2022,190.26,"4,155,823"
VTI,06/30/2022,188.62,"4,250,256"
VTI,07/01/2022,190.61,"3,223,085"
VTI,07/05/2022,191.29,"3,986,078"
VTI,07/06/2022,191.67,"2,980,975"
VTI,07/07/2022,194.83,"2,919,254"
VTI,07/08/2022,194.63,"2,799,217"
VTI,07/11/2022,192.17,"3,033,759"
VTI,07/12/2022,190.51,"2,640,302"
VTI,07/13/2022,189.68,"3,322,439"
VTI,07/14/2022,188.84,"3,355,628"
VTI,07/15/2022,192.51,"2,914,570"
VTI,07/18/2022,191.18,"3,974,151"
VTI,07/19/2022,196.52,"3,287,492"
VTI,07/20/2022,198.11,"3,332,375"
VTI,07/21/2022,200.07,"2,929,346"
VTI,07/22/2022,197.9,"2,717,357"
VTI,07/25/2022,198.17,"2,997,086"
VTI,07/26/2022,195.72,"2,918,479"
VTI,07/27/2022,200.86,"2,902,247"
VTI,07/28/2022,203.48,"2,670,669"
VTI,07/29/2022,206.25,"3,342,437"
VTI,08/01/2022,205.77,"3,531,547"
VTI,08/02/2022,204.66,"3,020,876"
VTI,08/03/2022,207.95,"2,827,053"
VTI,08/04/2022,207.75,"2,261,824"
VTI,08/05/2022,207.68,"2,758,913"
VTI,08/08/2022,207.87,"3,024,898"
VTI,08/09/2022,206.56,"1,829,453"
VTI,08/10/2022,211.27,"2,878,186"
VTI,08/11/2022,211.28,"2,834,958"
VTI,08/12/2022,214.94,"2,366,502"
VTI,08/15/2022,215.78,"4,479,221"
VTI,08/16/2022,216.24,"2,835,621"
VTI,08/17/2022,214.3,"4,007,942"
VTI,08/18/2022,214.86,"1,640,228"
VTI,08/19/2022,211.79,"2,554,994"
VTI,08/22/2022,207.26,"3,142,894"
VTI,08/23/2022,206.87,"2,856,383"
VTI,08/24/2022,207.74,"1,790,926"
VTI,08/25/2022,210.75,"1,874,087"
VTI,08/26/2022,203.77,"3,550,241"
VTI,08/29/2022,202.28,"3,529,137"
VTI,08/30/2022,200.03,"4,799,365"
VTI,08/31/2022,198.56,"2,911,424"
VTI,09/01/2022,198.68,"4,555,843"
VTI,09/02/2022,196.71,"3,810,375"
VTI,09/06/2022,195.91,"5,382,874"
VTI,09/07/2022,199.53,"3,032,416"
VTI,09/08/2022,201.11,"2,971,251"
VTI,09/09/2022,204.45,"2,953,382"
VTI,09/12/2022,206.65,"2,736,926"
VTI,09/13/2022,197.77,"5,190,310"
VTI,09/14/2022,198.54,"2,793,429"
VTI,09/15/2022,196.42,"2,491,010"
VTI,09/16/2022,194.63,"4,966,052"
VTI,09/19/2022,196.01,"3,346,747"
VTI,09/20/2022,193.73,"3,244,231"
VTI,09/21/2022,190.42,"3,060,229"
VTI,09/22/2022,188.29,"5,279,702"
VTI,09/23/2022,184.26,"8,249,899"
VTI,09/26/2022,182.24,"6,603,455"
VTI,09/27/2022,181.97,"6,910,662"
VTI,09/28/2022,185.8,"6,929,095"
VTI,09/29/2022,181.94,"8,241,105"
VTI,09/30/2022,179.47,"8,431,686"
VTI,10/03/2022,184.03,"7,321,619"
VTI,10/04/2022,189.94,"6,212,784"
VTI,10/05/2022,189.58,"4,548,097"
VTI,10/06/2022,187.77,"3,784,145"
VTI,10/07/2022,182.4,"4,780,147"
VTI,10/10/2022,180.95,"4,303,970"
VTI,10/11/2022,179.79,"4,419,091"
VTI,10/12/2022,179.3,"5,016,686"
VTI,10/13/2022,183.75,"5,626,894"
VTI,10/14/2022,179.42,"3,800,449"
VTI,10/17/2022,184.21,"4,025,778"
VTI,10/18/2022,186.46,"3,906,830"
VTI,10/19/2022,184.87,"2,589,140"
VTI,10/20/2022,183.27,"2,636,230"
VTI,10/21/2022,187.49,"3,381,194"
VTI,10/24/2022,189.51,"4,527,769"
VTI,10/25/2022,192.94,"3,287,115"
VTI,10/26/2022,191.75,"4,091,096"
VTI,10/27/2022,190.85,"3,556,262"
VTI,10/28/2022,195.29,"3,178,849"
VTI,10/31/2022,194.03,"5,053,867"
VTI,11/01/2022,193.43,"9,873,764"
VTI,11/02/2022,188.34,"4,689,014"
VTI,11/03/2022,186.54,"3,935,573"
VTI,11/04/2022,188.94,"3,586,155"
VTI,11/07/2022,190.66,"3,419,955"
VTI,11/08/2022,191.66,"4,847,493"
VTI,11/09/2022,187.53,"13,959,592"
VTI,11/10/2022,198.14,"3,981,594"
VTI,11/11/2022,200.16,"4,550,171"
VTI,11/14/2022,198.35,"4,248,218"
VTI,11/15/2022,200.36,"4,606,211"
VTI,11/16/2022,198.32,"2,904,962"
VTI,11/17/2022,197.49,"3,705,403"
VTI,11/18/2022,198.42,"3,039,298"
VTI,11/21/2022,197.58,"2,962,114"
VTI,11/22/2022,200.17,"3,390,268"
VTI,11/23/2022,201.39,"2,685,706"
VTI,11/25/2022,201.54,"1,289,076"
VTI,11/28/2022,198.27,"3,366,776"
VTI,11/29/2022,197.96,"2,640,711"
VTI,11/30/2022,204.06,"4,201,324"
VTI,12/01/2022,204.18,"4,354,537"
VTI,12/02/2022,203.99,"2,917,063"
VTI,12/05/2022,199.98,"3,840,516"
VTI,12/06/2022,196.98,"3,901,011"
VTI,12/07/2022,196.66,"3,438,113"
VTI,12/08/2022,198.36,"3,982,559"
VTI,12/09/2022,196.7,"3,784,948"
VTI,12/12/2022,199.53,"3,931,575"
VTI,12/13/2022,201.02,"4,191,885"
VTI,12/14/2022,199.9,"3,331,221"
VTI,12/15/2022,194.92,"5,544,545"
VTI,12/16/2022,192.69,"4,755,411"
VTI,12/19/2022,190.75,"6,433,831"
VTI,12/20/2022,191.15,"5,637,787"
VTI,12/21/2022,194.04,"4,973,432"
VTI,12/22/2022,190.37,"5,153,889"
VTI,12/23/2022,191.42,"4,214,440"
VTI,12/27/2022,190.62,"6,037,700"
VTI,12/28/2022,188.22,"5,711,907"
VTI,12/29/2022,191.68,"5,425,657"
VTI,12/30/2022,191.19,"5,979,830"
VTI,01/03/2023,190.41,"4,092,466"
VTI,01/04/2023,192.1,"3,852,482"
VTI,01/05/2023,189.85,"4,149,991"
VTI,01/06/2023,194.04,"3,184,261"
VTI,01/09/2023,194.12,"3,888,341"
VTI,01/10/2023,195.65,"2,963,520"
VTI,01/11/2023,198.23,"3,435,333"
VTI,01/12/2023,199.19,"3,552,746"
VTI,01/13/2023,200.04,"2,798,612"
VTI,01/17/2023,199.77,"5,426,661"
VTI,01/18/2023,196.62,"3,890,198"
VTI,01/19/2023,195.02,"2,282,524"
VTI,01/20/2023,198.76,"2,429,314"
VTI,01/23/2023,201.28,"3,438,142"
VTI,01/24/2023,200.95,"2,679,390"
VTI,01/25/2023,201.05,"2,801,970"
VTI,01/26/2023,203.12,"2,806,240"
VTI,01/27/2023,203.94,"4,521,882"
VTI,01/30/2023,201.21,"2,992,250"
VTI,01/31/2023,204.43,"4,827,629"
VTI,02/01/2023,206.92,"4,385,573"
VTI,02/02/2023,210.01,"3,730,807"
VTI,02/03/2023,207.84,"2,854,159"
VTI,02/06/2023,206.28,"2,841,716"
VTI,02/07/2023,208.88,"3,028,103"
VTI,02/08/2023,206.65,"2,945,397"
VTI,02/09/2023,204.64,"2,705,943"
VTI,02/10/2023,205.01,"2,159,772"
VTI,02/13/2023,207.45,"3,467,200"
VTI,02/14/2023,207.53,"2,743,414"
VTI,02/15/2023,208.46,"2,003,152"
VTI,02/16/2023,205.68,"2,458,759"
VTI,02/17/2023,205.08,"2,324,041"
VTI,02/21/2023,200.83,"3,110,758"
VTI,02/22/2023,200.66,"3,011,715"
VTI,02/23/2023,201.73,"3,440,076"
VTI,02/24/2023,199.48,"3,020,598"
VTI,02/27/2023,200.19,"2,850,494"
VTI,02/28/2023,199.52,"2,299,124"
VTI,03/01/2023,200,"4,176,017"
VTI,03/02/2023,200.31,"3,366,143"
VTI,03/03/2023,203.57,"2,484,710"
VTI,03/06/2023,203.3,"3,812,890"
VTI,03/07/2023,200.27,"3,346,744"
VTI,03/08/2023,200.53,"1,985,879"
VTI,03/09/2023,196.57,"2,974,271"
VTI,03/10/2023,193.26,"6,310,531"
VTI,03/13/2023,192.46,"6,253,729"
VTI,03/14/2023,195.89,"4,473,782"
VTI,03/15/2023,194.38,"3,855,377"
VTI,03/16/2023,197.74,"3,225,511"
VTI,03/17/2023,195.19,"2,902,376"
VTI,03/20/2023,196.89,"2,898,137"
VTI,03/21/2023,199.7,"2,421,657"
VTI,03/22/2023,196.13,"2,187,887"
VTI,03/23/2023,195.7,"2,629,691"
VTI,03/24/2023,196.93,"2,324,909"
VTI,03/27/2023,197.43,"2,425,422"
VTI,03/28/2023,197.15,"3,678,717"
VTI,03/29/2023,199.99,"3,486,491"
VTI,03/30/2023,201.07,"2,259,151"
VTI,03/31/2023,204.1,"2,986,275"
VTI,04/03/2023,204.64,"3,068,203"
VTI,04/04/2023,203.27,"2,881,821"
VTI,04/05/2023,202.53,"3,119,362"
VTI,04/06/2023,203.2,"1,989,792"
VTI,04/10/2023,203.66,"2,545,287"
VTI,04/11/2023,203.87,"3,389,481"
VTI,04/12/2023,203.01,"2,431,429"
VTI,04/13/2023,205.65,"2,197,609"
VTI,04/14/2023,205.08,"4,142,040"
VTI,04/17/2023,205.9,"2,780,375"
VTI,04/18/2023,206,"2,784,451"
VTI,04/19/2023,206.1,"2,531,413"
VTI,04/20/2023,204.82,"2,563,130"
VTI,04/21/2023,205,"2,341,577"
VTI,04/24/2023,205.08,"3,704,562"
VTI,04/25/2023,201.66,"2,606,411"
VTI,04/26/2023,200.75,"2,762,335"
VTI,04/27/2023,204.52,"2,254,594"
VTI,04/28/2023,206.3,"2,309,056"
VTI,05/01/2023,206.2,"2,838,492"
VTI,05/02/2023,203.68,"2,700,634"
VTI,05/03/2023,202.49,"2,153,981"
VTI,05/04/2023,200.98,"2,577,646"
VTI,05/05/2023,204.69,"1,942,273"
VTI,05/08/2023,204.91,"2,632,608"
VTI,05/09/2023,204.07,"1,802,529"
VTI,05/10/2023,204.97,"2,677,618"
VTI,05/11/2023,204.7,"2,108,256"
VTI,05/12/2023,204.22,"2,252,503"
VTI,05/15/2023,205.09,"3,240,021"
VTI,05/16/2023,203.5,"1,884,873"
VTI,05/17/2023,206.14,"2,650,070"
VTI,05/18/2023,208.19,"2,370,198"
VTI,05/19/2023,207.69,"2,683,854"
VTI,05/22/2023,208.05,"2,229,402"
VTI,05/23/2023,205.85,"2,386,678"
VTI,05/24/2023,204.26,"2,083,662"
VTI,05/25/2023,205.65,"2,230,416"
VTI,05/26/2023,208.36,"2,347,048"
VTI,05/30/2023,208.43,"2,772,306"
VTI,05/31/2023,207.18,"2,325,393"
VTI,06/01/2023,209.25,"2,696,735"
VTI,06/02/2023,212.71,"3,018,681"
VTI,06/05/2023,212.15,"2,584,978"
VTI,06/06/2023,213.12,"2,227,748"
VTI,06/07/2023,212.7,"2,272,783"
VTI,06/08/2023,213.7,"1,943,444"
VTI,06/09/2023,213.93,"2,086,509"
VTI,06/12/2023,215.85,"2,481,229"
VTI,06/13/2023,217.44,"4,295,664"
VTI,06/14/2023,217.44,"4,131,038"
VTI,06/15/2023,220.09,"2,895,122"
VTI,06/16/2023,219.26,"4,763,693"
VTI,06/20/2023,218.18,"3,157,722"
VTI,06/21/2023,216.98,"2,713,394"
VTI,06/22/2023,217.56,"2,669,590"
VTI,06/23/2023,214.94,"3,338,434"
VTI,06/26/2023,214.19,"2,846,758"
VTI,06/27/2023,216.8,"2,653,041"
VTI,06/28/2023,216.98,"4,362,128"
VTI,06/29/2023,218.02,"2,857,869"
VTI,06/30/2023,220.28,"3,444,112"
VTI,07/03/2023,220.94,"2,423,617"
VTI,07/05/2023,220.27,"3,341,767"
VTI,07/06/2023,218.31,"3,404,304"
VTI,07/07/2023,218.04,"2,771,947"
VTI,07/10/2023,218.99,"2,080,530"
VTI,07/11/2023,220.71,"2,158,194"
VTI,07/12/2023,222.4,"3,030,200"
VTI,07/13/2023,224.28,"4,113,258"
VTI,07/14/2023,223.95,"2,914,073"
VTI,07/17/2023,224.8,"2,688,802"
VTI,07/18/2023,226.59,"2,949,451"
VTI,07/19/2023,227.18,"3,106,669"
VTI,07/20/2023,225.54,"2,651,745"
VTI,07/21/2023,225.52,"2,296,817"
VTI,07/24/2023,226.32,"2,291,652"
VTI,07/25/2023,226.89,"2,084,431"
VTI,07/26/2023,227.06,"1,985,589"
VTI,07/27/2023,225.31,"4,730,599"
VTI,07/28/2023,227.66,"2,260,779"
VTI,07/31/2023,228.35,"2,659,508"
VTI,08/01/2023,227.73,"3,062,774"
VTI,08/02/2023,224.5,"4,243,193"
VTI,08/03/2023,223.85,"2,927,252"
VTI,08/04/2023,222.9,"3,024,603"
VTI,08/07/2023,224.61,"2,376,584"
VTI,08/08/2023,223.57,"2,796,353"
VTI,08/09/2023,221.97,"2,203,402"
VTI,08/10/2023,222.01,"3,033,313"
VTI,08/11/2023,221.8,"2,220,365"
VTI,08/14/2023,222.9,"2,435,097"
VTI,08/15/2023,220.37,"2,997,270"
VTI,08/16/2023,218.55,"2,933,529"
VTI,08/17/2023,216.76,"3,135,922"
VTI,08/18/2023,217.01,"2,933,259"
VTI,08/21/2023,218.26,"2,755,426"
VTI,08/22/2023,217.68,"2,892,264"
VTI,08/23/2023,220.06,"2,560,157"
VTI,08/24/2023,217.11,"3,099,433"
VTI,08/25/2023,218.59,"3,631,038"
VTI,08/28/2023,219.99,"2,364,716"
VTI,08/29/2023,223.19,"3,160,291"
VTI,08/30/2023,224.18,"2,420,846"
VTI,08/31/2023,223.94,"3,043,967"
VTI,09/01/2023,224.68,"3,047,624"
VTI,09/05/2023,223.34,"2,531,516"
VTI,09/06/2023,221.94,"2,473,650"
VTI,09/07/2023,221.18,"2,964,686"
VTI,09/08/2023,221.42,"2,244,708"
VTI,09/11/2023,222.81,"2,087,940"
VTI,09/12/2023,221.73,"2,448,512"
VTI,09/13/2023,221.76,"1,989,996"
VTI,09/14/2023,223.66,"2,002,386"
VTI,09/15/2023,221.03,"2,639,169"
VTI,09/18/2023,221.05,"2,259,567"
VTI,09/19/2023,220.49,"2,978,021"
VTI,09/20/2023,218.54,"2,448,369"
VTI,09/21/2023,214.09,"4,194,994"
VTI,09/22/2023,213.64,"3,262,885"
VTI,09/25/2023,214.5,"3,440,029"
VTI,09/26/2023,211.41,"4,371,935"
VTI,09/27/2023,211.63,"4,407,264"
VTI,09/28/2023,213.03,"2,952,364"
VTI,09/29/2023,212.41,"4,441,367"
VTI,10/02/2023,212.13,"4,358,137"
VTI,10/03/2023,209.05,"4,389,145"
VTI,10/04/2023,210.56,"3,045,402"
VTI,10/05/2023,210.45,"2,679,653"
VTI,10/06/2023,212.96,"3,666,530"
VTI,10/09/2023,214.3,"2,869,741"
VTI,10/10/2023,215.63,"3,494,612"
VTI,10/11/2023,216.48,"3,033,014"
VTI,10/12/2023,214.74,"3,244,177"
VTI,10/13/2023,213.53,"3,269,321"
VTI,10/16/2023,216.01,"3,361,558"
VTI,10/17/2023,216.29,"3,627,690"
VTI,10/18/2023,213.09,"3,254,961"
VTI,10/19/2023,211.08,"4,322,728"
VTI,10/20/2023,208.47,"4,447,576"
VTI,10/23/2023,207.9,"5,472,980"
VTI,10/24/2023,209.47,"3,180,907"
VTI,10/25/2023,206.36,"3,454,535"
VTI,10/26/2023,204.22,"4,133,356"
VTI,10/27/2023,203.12,"4,290,651"
VTI,10/30/2023,205.46,"3,562,658"
VTI,10/31/2023,206.79,"3,325,262"
VTI,11/01/2023,208.86,"5,789,255"
VTI,11/02/2023,213.01,"4,111,550"
VTI,11/03/2023,215.41,"4,217,119"
VTI,11/06/2023,215.5,"2,915,024"
VTI,11/07/2023,216.14,"3,194,330"
VTI,11/08/2023,216.11,"2,813,801"
VTI,11/09/2023,214.27,"2,771,197"
VTI,11/10/2023,217.46,"3,303,916"
VTI,11/13/2023,217.33,"2,829,434"
VTI,11/14/2023,222.15,"4,055,052"
VTI,11/15/2023,222.7,"2,819,245"
VTI,11/16/2023,222.55,"2,754,455"
VTI,11/17/2023,223.11,"3,124,318"
VTI,11/20/2023,224.79,"2,876,890"
VTI,11/21/2023,224.18,"2,513,822"
VTI,11/22/2023,225.14,"2,880,548"
VTI,11/24/2023,225.38,"1,219,467"
VTI,11/27/2023,225.09,"2,409,965"
VTI,11/28/2023,225.23,"2,761,895"
VTI,11/29/2023,225.33,"2,653,679"
VTI,11/30/2023,226.26,"3,147,997"
VTI,12/01/2023,228.17,"4,078,686"
VTI,12/04/2023,227.35,"3,837,805"
VTI,12/05/2023,226.91,"3,019,047"
VTI,12/06/2023,225.95,"3,172,934"
VTI,12/07/2023,227.76,"2,724,304"
VTI,12/08/2023,228.85,"2,740,235"
VTI,12/11/2023,229.79,"3,076,566"
VTI,12/12/2023,230.66,"3,214,921"
VTI,12/13/2023,234.24,"4,231,060"
VTI,12/14/2023,235.63,"5,014,530"
VTI,12/15/2023,235.31,"4,298,616"
VTI,12/18/2023,236.33,"3,855,054"
VTI,12/19/2023,238.06,"3,731,693"
VTI,12/20/2023,234.51,"5,149,738"
VTI,12/21/2023,236.09,"4,427,026"
VTI,12/22/2023,236.63,"3,662,383"
VTI,12/26/2023,237.8,"3,829,400"
VTI,12/27/2023,238.25,"5,103,732"
VTI,12/28/2023,238.13,"4,099,416"
VTI,12/29/2023,237.22,"4,188,762"
VTI,01/02/2024,235.63,"4,847,610"
VTI,01/03/2024,233.37,"3,925,518"
VTI,01/04/2024,232.77,"3,681,857"
VTI,01/05/2024,233.12,"3,305,525"
VTI,01/08/2024,236.45,"4,156,552"
VTI,01/09/2024,236.01,"4,524,784"
VTI,01/10/2024,237.23,"3,343,377"
VTI,01/11/2024,237.07,"3,375,598"
VTI,01/12/2024,237.11,"3,053,406"
VTI,01/16/2024,236.01,"3,646,664"
VTI,01/17/2024,234.59,"3,336,627"
VTI,01/18/2024,236.66,"3,509,912"
VTI,01/19/2024,239.54,"3,850,769"
VTI,01/22/2024,240.58,"3,952,716"
VTI,01/23/2024,241.02,"3,015,293"
VTI,01/24/2024,240.98,"3,002,976"
VTI,01/25/2024,242.32,"2,993,885"
VTI,01/26/2024,242.12,"2,858,242"
VTI,01/29/2024,244.32,"3,463,378"
VTI,01/30/2024,243.98,"3,098,878"
VTI,01/31/2024,239.87,"3,884,488"
VTI,02/01/2024,243.1,"3,986,825"
VTI,02/02/2024,245.18,"3,876,617"
VTI,02/05/2024,244.02,"3,324,777"
VTI,02/06/2024,244.85,"2,568,422"
VTI,02/07/2024,246.78,"2,305,718"
VTI,02/08/2024,247.39,"2,668,150"
VTI,02/09/2024,248.9,"2,367,717"
VTI,02/12/2024,249.14,"2,769,737"
VTI,02/13/2024,245.15,"5,832,619"
VTI,02/14/2024,247.86,"2,606,859"
VTI,02/15/2024,249.77,"3,181,946"
VTI,02/16/2024,248.46,"2,909,166"
VTI,02/20/2024,246.9,"3,445,129"
VTI,02/21/2024,246.95,"2,174,914"
VTI,02/22/2024,251.83,"3,872,960"
VTI,02/23/2024,252,"2,855,952"
VTI,02/26/2024,251.24,"2,585,834"
VTI,02/27/2024,251.94,"2,024,611"
VTI,02/28/2024,251.52,"2,192,249"
VTI,02/29/2024,252.58,"2,610,405"
VTI,03/01/2024,254.9,"3,693,844"
VTI,03/04/2024,254.65,"4,966,760"
VTI,03/05/2024,251.95,"3,134,811"
VTI,03/06/2024,253.44,"2,501,680"
VTI,03/07/2024,255.91,"2,940,907"
VTI,03/08/2024,254.43,"3,673,475"
VTI,03/11/2024,254.02,"3,038,679"
VTI,03/12/2024,256.53,"4,380,105"
VTI,03/13/2024,256.21,"2,667,352"
VTI,03/14/2024,255.22,"3,664,126"
VTI,03/15/2024,253.71,"3,216,805"
VTI,03/18/2024,255,"3,455,369"
VTI,03/19/2024,256.47,"2,900,211"
VTI,03/20/2024,259.07,"2,480,790"
VTI,03/21/2024,260.14,"3,723,188"
VTI,03/22/2024,258.5,"2,465,312"
VTI,03/25/2024,257.92,"2,714,406"
VTI,03/26/2024,257.46,"2,591,495"
VTI,03/27/2024,259.73,"4,030,246"
VTI,03/28/2024,259.9,"2,669,112"
VTI,03/29/2024,,
VTI,04/01/2024,259.7,"3,292,260"
VTI,04/02/2024,257.3,"3,213,359"
VTI,04/03/2024,257.7,"3,241,579"
VTI,04/04/2024,254.61,"3,121,253"
VTI,04/05/2024,257.18,"4,178,477"
VTI,04/08/2024,257.48,"3,223,782"
VTI,04/09/2024,257.85,"2,944,127"
VTI,04/10/2024,254.97,"3,348,888"
VTI,04/11/2024,256.7,"3,434,244"
VTI,04/12/2024,253,"3,574,390"
VTI,04/15/2024,249.89,"4,804,258"
VTI,04/16/2024,249.14,"3,466,819"
VTI,04/17/2024,247.68,"2,861,393"
VTI,04/18/2024,247.17,"2,991,692"
VTI,04/19/2024,245.23,"3,469,003"
VTI,04/22/2024,247.64,"3,111,954"
VTI,04/23/2024,250.59,"2,399,022"
VTI,04/24/2024,250.65,"2,285,857"
VTI,04/25/2024,249.46,"2,473,299"
VTI,04/26/2024,251.78,"3,238,126"
VTI,04/29/2024,252.77,"2,086,019"
VTI,04/30/2024,248.61,"2,502,735"
VTI,05/01/2024,247.99,"3,509,546"
VTI,05/02/2024,250.56,"2,580,191"
VTI,05/03/2024,253.53,"2,350,197"
VTI,05/06/2024,256.25,"2,811,467"
VTI,05/07/2024,256.48,"1,829,855"
VTI,05/08/2024,256.3,"2,600,126"
VTI,05/09/2024,257.81,"2,418,707"
VTI,05/10/2024,258.05,"1,922,464"
VTI,05/13/2024,258.19,"1,948,407"
VTI,05/14/2024,259.45,"2,466,842"
VTI,05/15/2024,262.64,"2,508,701"
VTI,05/16/2024,261.93,"2,444,983"
VTI,05/17/2024,262.3,"2,208,726"
VTI,05/20/2024,262.57,"2,366,057"
VTI,05/21/2024,263.11,"2,241,920"
VTI,05/22/2024,262.22,"2,356,623"
VTI,05/23/2024,259.99,"6,603,017"
VTI,05/24/2024,261.87,"3,123,692"
VTI,05/28/2024,261.87,"3,078,124"
VTI,05/29/2024,259.72,"3,178,970"
VTI,05/30/2024,258.45,"3,031,239"
VTI,05/31/2024,260.44,"3,407,439"
VTI,06/03/2024,260.52,"6,203,385"
VTI,06/04/2024,260.49,"2,489,841"
VTI,06/05/2024,263.68,"2,384,042"
VTI,06/06/2024,263.45,"2,190,196"
VTI,06/07/2024,262.95,"1,838,937"
VTI,06/10/2024,263.83,"2,142,670"
VTI,06/11/2024,264.28,"3,017,331"
VTI,06/12/2024,266.77,"2,762,566"
VTI,06/13/2024,266.89,"2,285,244"
VTI,06/14/2024,266.69,"2,205,602"
VTI,06/17/2024,268.72,"2,452,013"
VTI,06/18/2024,269.4,"2,024,347"
VTI,06/20/2024,268.72,"3,168,616"
VTI,06/21/2024,268.31,"2,679,439"
VTI,06/24/2024,267.86,"2,226,503"
VTI,06/25/2024,268.74,"2,074,841"
VTI,06/26/2024,268.73,"1,857,531"
VTI,06/27/2024,269.38,"2,655,402"
VTI,06/28/2024,267.51,"2,822,789"
VTI,07/01/2024,268.05,"2,881,044"
VTI,07/02/2024,269.6,"4,207,844"
VTI,07/03/2024,270.71,"1,948,509"
VTI,07/05/2024,272.12,"4,237,515"
VTI,07/08/2024,272.49,"2,335,017"
VTI,07/09/2024,272.42,"2,703,874"
VTI,07/10/2024,275.06,"1,992,606"
VTI,07/11/2024,273.83,"3,598,789"
VTI,07/12/2024,275.64,"2,729,482"
VTI,07/15/2024,276.82,"3,386,136"
VTI,07/16/2024,279.1,"3,261,052"
VTI,07/17/2024,275.16,"3,346,145"
VTI,07/18/2024,272.76,"2,904,164"
VTI,07/19/2024,271.06,"2,414,152"
VTI,07/22/2024,273.89,"2,527,293"
VTI,07/23/2024,273.69,"2,229,532"
VTI,07/24/2024,267.53,"3,050,710"
VTI,07/25/2024,266.5,"3,237,817"
VTI,07/26/2024,269.69,"2,757,918"
VTI,07/29/2024,269.71,"2,814,350"
VTI,07/30/2024,268.59,"2,174,149"
VTI,07/31/2024,272.57,"2,541,526"
VTI,08/01/2024,268.3,"3,767,282"
VTI,08/02/2024,262.9,"4,744,241"
VTI,08/05/2024,255.18,"8,463,448"
VTI,08/06/2024,257.77,"5,255,153"
VTI,08/07/2024,255.8,"3,398,498"
VTI,08/08/2024,261.79,"2,922,782"
VTI,08/09/2024,262.92,"2,667,356"
VTI,08/12/2024,262.75,"2,548,507"
VTI,08/13/2024,267.12,"2,316,211"
VTI,08/14/2024,267.88,"2,335,278"
VTI,08/15/2024,272.52,"3,031,559"
VTI,08/16/2024,273.17,"2,571,935"
VTI,08/19/2024,275.75,"2,660,025"
VTI,08/20/2024,275.08,"2,041,866"
VTI,08/21/2024,276.46,"1,983,746"
VTI,08/22/2024,274.12,"2,554,281"
VTI,08/23/2024,277.59,"2,281,830"
VTI,08/26/2024,276.89,"2,263,765"
VTI,08/27/2024,277.14,"1,787,938"
VTI,08/28/2024,275.45,"1,856,390"
VTI,08/29/2024,275.72,"3,018,022"
VTI,08/30/2024,278.38,"2,029,264"
VTI,09/03/2024,272.39,"3,818,921"
VTI,09/04/2024,271.78,"2,946,704"
VTI,09/05/2024,270.94,"3,997,837"
VTI,09/06/2024,266.44,"3,599,857"
VTI,09/09/2024,269.29,"2,969,812"
VTI,09/10/2024,270.34,"1,874,652"
VTI,09/11/2024,273.03,"2,640,245"
VTI,09/12/2024,275.3,"2,422,039"
VTI,09/13/2024,277.22,"2,474,737"
VTI,09/16/2024,277.77,"2,065,742"
VTI,09/17/2024,278.05,"2,133,620"
VTI,09/18/2024,277.35,"3,389,903"
VTI,09/19/2024,282.05,"2,660,156"
VTI,09/20/2024,281.46,"2,293,603"
VTI,09/23/2024,282.16,"1,920,984"
VTI,09/24/2024,282.87,"1,952,093"
VTI,09/25/2024,281.94,"1,744,156"
VTI,09/26/2024,283.2,"2,616,759"
VTI,09/27/2024,282.05,"2,644,098"
VTI,09/30/2024,283.16,"2,829,889"
VTI,10/01/2024,280.58,"4,874,903"
VTI,10/02/2024,280.64,"3,637,510"
VTI,10/03/2024,280.04,"2,369,213"
VTI,10/04/2024,282.75,"2,337,305"
VTI,10/07/2024,280.17,"11,465,573"
VTI,10/08/2024,282.53,"2,164,584"
VTI,10/09/2024,284.5,"2,123,833"
VTI,10/10/2024,283.91,"2,547,233"
VTI,10/11/2024,286.11,"1,799,457"
VTI,10/14/2024,288.34,"1,997,049"
VTI,10/15/2024,286.36,"3,260,844"
VTI,10/16/2024,287.82,"2,215,254"
VTI,10/17/2024,287.76,"2,810,628"
VTI,10/18/2024,288.89,"1,822,120"
VTI,10/21/2024,287.98,"2,320,088"
VTI,10/22/2024,287.65,"2,029,044"
VTI,10/23/2024,285.05,"2,637,314"
VTI,10/24/2024,285.81,"2,235,978"
VTI,10/25/2024,285.54,"2,813,744"
VTI,10/28/2024,286.7,"1,874,278"
VTI,10/29/2024,287.08,"2,503,356"
VTI,10/30/2024,286.37,"2,204,072"
VTI,10/31/2024,281.03,"3,027,448"
VTI,11/01/2024,282.23,"2,449,367"
VTI,11/04/2024,281.72,"2,383,851"
VTI,11/05/2024,285.3,"2,060,261"
VTI,11/06/2024,293.28,"5,676,826"
VTI,11/07/2024,295.33,"4,108,983"
VTI,11/08/2024,296.71,"4,142,370"
VTI,11/11/2024,297.54,"3,200,894"
VTI,11/12/2024,296.37,"3,474,754"
VTI,11/13/2024,296.23,"2,829,056"
VTI,11/14/2024,294.04,"3,280,837"
VTI,11/15/2024,290.31,"4,025,769"
VTI,11/18/2024,291.49,"2,992,125"
VTI,11/19/2024,292.83,"2,342,168"
VTI,11/20/2024,293,"2,670,801"
VTI,11/21/2024,295.05,"2,560,659"
VTI,11/22/2024,296.51,"2,639,817"
VTI,11/25/2024,297.96,"3,384,633"
VTI,11/26/2024,299.05,"3,292,833"
VTI,11/27/2024,298.2,"2,730,493"
VTI,11/29/2024,299.86,"1,811,915"
VTI,12/02/2024,300.43,"3,583,654"
VTI,12/03/2024,300.43,"2,101,218"
VTI,12/04/2024,302.45,"3,258,052"
VTI,12/05/2024,301.61,"2,183,413"
VTI,12/06/2024,302.45,"2,332,856"
VTI,12/09/2024,300.52,"2,953,904"
VTI,12/10/2024,299.39,"2,557,081"
VTI,12/11/2024,301.8,"2,235,306"
VTI,12/12/2024,300.08,"2,119,999"
VTI,12/13/2024,299.93,"2,279,188"
VTI,12/16/2024,301.15,"2,545,400"
VTI,12/17/2024,299.66,"3,059,944"
VTI,12/18/2024,290.39,"3,890,871"
VTI,12/19/2024,289.98,"4,826,208"
VTI,12/20/2024,293.28,"3,836,973"
VTI,12/23/2024,294,"3,704,509"
VTI,12/24/2024,297.12,"2,642,219"
VTI,12/26/2024,297.29,"4,309,083"
VTI,12/27/2024,294.07,"3,636,790"
VTI,12/30/2024,290.82,"4,968,522"
VTI,12/31/2024,289.81,"3,893,235"
IWM,01/03/2011,79.6,"48,877,932"
IWM,01/04/2011,78.422,"77,510,581"
IWM,01/05/2011,79.34,"47,154,167"
IWM,01/06/2011,78.97,"39,396,635"
IWM,01/07/2011,78.52,"59,496,792"
IWM,01/10/2011,78.97,"55,023,923"
IWM,01/11/2011,79.29,"42,133,332"
IWM,01/12/2011,79.97,"38,446,158"
IWM,01/13/2011,79.94,"29,703,856"
IWM,01/14/2011,80.54,"38,038,932"
IWM,01/18/2011,80.6,"37,824,066"
IWM,01/19/2011,78.53,"70,707,363"
IWM,01/20/2011,77.71,"79,652,994"
IWM,01/21/2011,77.19,"56,677,827"
IWM,01/24/2011,77.76,"48,148,040"
IWM,01/25/2011,77.88,"47,021,625"
IWM,01/26/2011,79.12,"65,896,123"
IWM,01/27/2011,79.35,"48,174,773"
IWM,01/28/2011,77.41,"91,028,131"
IWM,01/31/2011,77.95,"53,271,407"
IWM,02/01/2011,79.75,"57,789,258"
IWM,02/02/2011,79.45,"39,938,573"
IWM,02/03/2011,79.728,"41,162,002"
IWM,02/04/2011,79.87,"39,537,230"
IWM,02/07/2011,80.66,"40,835,663"
IWM,02/08/2011,81.23,"37,563,835"
IWM,02/09/2011,80.87,"43,298,832"
IWM,02/10/2011,81.19,"48,006,361"
IWM,02/11/2011,82.07,"38,588,134"
IWM,02/14/2011,82.49,"36,734,075"
IWM,02/15/2011,82.018,"42,913,736"
IWM,02/16/2011,82.68,"38,285,670"
IWM,02/17/2011,83.26,"34,898,750"
IWM,02/18/2011,83.35,"39,514,245"
IWM,02/22/2011,81.21,"68,370,219"
IWM,02/23/2011,79.81,"91,261,701"
IWM,02/24/2011,80.318,"85,137,463"
IWM,02/25/2011,82.18,"58,567,274"
IWM,02/28/2011,82.268,"49,879,322"
IWM,03/01/2011,80.62,"70,867,952"
IWM,03/02/2011,80.96,"61,076,141"
IWM,03/03/2011,82.8,"78,943,982"
IWM,03/04/2011,82.44,"60,947,069"
IWM,03/07/2011,81.09,"90,799,049"
IWM,03/08/2011,82.41,"67,766,871"
IWM,03/09/2011,82.08,"51,237,194"
IWM,03/10/2011,79.97,"107,666,743"
IWM,03/11/2011,80.18,"83,241,225"
IWM,03/14/2011,79.75,"60,182,150"
IWM,03/15/2011,79.04,"84,974,437"
IWM,03/16/2011,78.25,"126,083,043"
IWM,03/17/2011,78.42,"64,028,646"
IWM,03/18/2011,79.46,"70,057,173"
IWM,03/21/2011,81.3,"50,644,291"
IWM,03/22/2011,80.87,"52,388,358"
IWM,03/23/2011,81.12,"58,047,001"
IWM,03/24/2011,81.51,"52,881,573"
IWM,03/25/2011,82.22,"78,215,245"
IWM,03/28/2011,82.04,"42,807,184"
IWM,03/29/2011,82.81,"40,970,358"
IWM,03/30/2011,83.88,"42,161,464"
IWM,03/31/2011,84.17,"41,635,490"
IWM,04/01/2011,84.54,"49,185,710"
IWM,04/04/2011,84.73,"42,241,007"
IWM,04/05/2011,85.19,"45,473,550"
IWM,04/06/2011,85.38,"59,046,473"
IWM,04/07/2011,84.87,"69,454,127"
IWM,04/08/2011,83.98,"63,655,008"
IWM,04/11/2011,83.23,"41,790,718"
IWM,04/12/2011,82.14,"58,127,874"
IWM,04/13/2011,82.25,"80,460,074"
IWM,04/14/2011,82.63,"58,541,893"
IWM,04/15/2011,83.51,"53,705,232"
IWM,04/18/2011,82.13,"58,617,106"
IWM,04/19/2011,82.1486,"31,998,508"
IWM,04/20/2011,83.83,"47,098,820"
IWM,04/21/2011,84.45,"30,383,924"
IWM,04/25/2011,84.34,"23,456,899"
IWM,04/26/2011,85.18,"53,163,410"
IWM,04/27/2011,85.69,"44,683,150"
IWM,04/28/2011,86.08,"43,474,913"
IWM,04/29/2011,86.39,"41,034,684"
IWM,05/02/2011,85.38,"48,978,647"
IWM,05/03/2011,84.3,"56,077,481"
IWM,05/04/2011,83.21,"64,787,531"
IWM,05/05/2011,82.83,"91,882,294"
IWM,05/06/2011,83.27,"76,495,218"
IWM,05/09/2011,84.24,"45,818,997"
IWM,05/10/2011,85.53,"44,421,302"
IWM,05/11/2011,83.95,"81,332,883"
IWM,05/12/2011,84.69,"80,117,223"
IWM,05/13/2011,83.51,"74,677,358"
IWM,05/16/2011,82.29,"68,783,579"
IWM,05/17/2011,82.03,"76,489,400"
IWM,05/18/2011,83.29,"54,523,305"
IWM,05/19/2011,83.47,"52,926,977"
IWM,05/20/2011,82.859,"56,026,221"
IWM,05/23/2011,81.37,"50,708,248"
IWM,05/24/2011,80.98,"60,226,212"
IWM,05/25/2011,82,"60,013,731"
IWM,05/26/2011,83.08,"51,833,306"
IWM,05/27/2011,83.65,"46,620,743"
IWM,05/31/2011,84.84,"77,456,146"
IWM,06/01/2011,82.11,"80,933,782"
IWM,06/02/2011,82.08,"64,676,926"
IWM,06/03/2011,80.88,"76,496,456"
IWM,06/06/2011,79.55,"63,792,152"
IWM,06/07/2011,79.74,"58,330,220"
IWM,06/08/2011,78.85,"67,750,237"
IWM,06/09/2011,79.27,"58,471,805"
IWM,06/10/2011,78,"71,824,901"
IWM,06/13/2011,77.78,"60,288,810"
IWM,06/14/2011,79.45,"66,668,808"
IWM,06/15/2011,78.03,"89,261,945"
IWM,06/16/2011,78.21,"81,850,216"
IWM,06/17/2011,78.23,"77,866,645"
IWM,06/20/2011,78.95,"53,351,221"
IWM,06/21/2011,80.66,"75,979,724"
IWM,06/22/2011,80.04,"55,852,300"
IWM,06/23/2011,80.35,"92,521,041"
IWM,06/24/2011,79.94,"73,867,732"
IWM,06/27/2011,80.56,"51,197,347"
IWM,06/28/2011,81.81,"54,021,705"
IWM,06/29/2011,82.2,"68,230,186"
IWM,06/30/2011,82.8,"59,919,644"
IWM,07/01/2011,84.09,"63,908,350"
IWM,07/05/2011,84.04,"48,268,894"
IWM,07/06/2011,84.38,"57,095,993"
IWM,07/07/2011,85.65,"68,558,746"
IWM,07/08/2011,85.13,"61,989,919"
IWM,07/11/2011,83.32,"59,769,749"
IWM,07/12/2011,82.85,"65,322,068"
IWM,07/13/2011,83.59,"79,327,155"
IWM,07/14/2011,82.26,"91,726,590"
IWM,07/15/2011,82.81,"75,497,307"
IWM,07/18/2011,81.48,"56,865,999"
IWM,07/19/2011,83.32,"56,068,397"
IWM,07/20/2011,83.18,"40,277,329"
IWM,07/21/2011,83.94,"63,407,231"
IWM,07/22/2011,84.05,"34,540,173"
IWM,07/25/2011,83.06,"49,769,403"
IWM,07/26/2011,82.43,"52,213,298"
IWM,07/27/2011,79.97,"97,533,234"
IWM,07/28/2011,79.84,"67,439,372"
IWM,07/29/2011,79.74,"93,519,528"
IWM,08/01/2011,79.22,"93,483,161"
IWM,08/02/2011,76.75,"95,669,571"
IWM,08/03/2011,77.26,"114,910,322"
IWM,08/04/2011,72.6,"130,904,785"
IWM,08/05/2011,71.33,"188,574,310"
IWM,08/08/2011,65.12,"170,163,465"
IWM,08/09/2011,69.46,"207,866,905"
IWM,08/10/2011,66.06,"182,376,325"
IWM,08/11/2011,69.36,"121,880,009"
IWM,08/12/2011,69.79,"86,476,523"
IWM,08/15/2011,71.76,"57,622,389"
IWM,08/16/2011,70.44,"79,484,228"
IWM,08/17/2011,70.46,"66,792,948"
IWM,08/18/2011,66.45,"110,700,724"
IWM,08/19/2011,65.28,"99,197,999"
IWM,08/22/2011,65.05,"72,216,153"
IWM,08/23/2011,68.19,"93,279,367"
IWM,08/24/2011,69.2,"67,697,917"
IWM,08/25/2011,67.5,"80,732,852"
IWM,08/26/2011,69.11,"84,472,796"
IWM,08/29/2011,72.38,"53,078,445"
IWM,08/30/2011,72.8,"67,801,572"
IWM,08/31/2011,72.65,"70,313,805"
IWM,09/01/2011,71.09,"86,788,765"
IWM,09/02/2011,68.46,"78,923,186"
IWM,09/06/2011,68.27,"71,503,867"
IWM,09/07/2011,70.85,"68,959,217"
IWM,09/08/2011,69.55,"71,124,024"
IWM,09/09/2011,67.5,"99,456,916"
IWM,09/12/2011,68.08,"100,109,854"
IWM,09/13/2011,69.18,"84,144,012"
IWM,09/14/2011,70.42,"77,019,129"
IWM,09/15/2011,71.41,"74,213,025"
IWM,09/16/2011,71.52,"75,773,277"
IWM,09/19/2011,70.24,"69,216,160"
IWM,09/20/2011,69.15,"63,453,186"
IWM,09/21/2011,66.59,"81,435,623"
IWM,09/22/2011,64.73,"159,808,173"
IWM,09/23/2011,65.14,"84,093,755"
IWM,09/26/2011,66.37,"75,558,690"
IWM,09/27/2011,67.8,"93,999,520"
IWM,09/28/2011,65.2,"85,412,561"
IWM,09/29/2011,66.33,"73,927,105"
IWM,09/30/2011,64.3,"72,139,314"
IWM,10/03/2011,60.99,"119,484,938"
IWM,10/04/2011,64.79,"165,084,384"
IWM,10/05/2011,65.68,"100,370,908"
IWM,10/06/2011,67.14,"85,789,684"
IWM,10/07/2011,65.5,"93,662,280"
IWM,10/10/2011,68.37,"76,366,622"
IWM,10/11/2011,68.84,"63,181,435"
IWM,10/12/2011,69.82,"88,579,978"
IWM,10/13/2011,69.76,"54,163,214"
IWM,10/14/2011,71.14,"69,768,508"
IWM,10/17/2011,68.98,"57,529,890"
IWM,10/18/2011,70.81,"98,951,098"
IWM,10/19/2011,69.43,"71,075,430"
IWM,10/20/2011,69.62,"91,000,037"
IWM,10/21/2011,71.13,"60,414,442"
IWM,10/24/2011,73.42,"81,405,897"
IWM,10/25/2011,71.36,"66,772,396"
IWM,10/26/2011,72.59,"76,643,302"
IWM,10/27/2011,76.42,"116,391,256"
IWM,10/28/2011,76.03,"82,397,501"
IWM,10/31/2011,74.01,"66,969,197"
IWM,11/01/2011,71.39,"110,064,861"
IWM,11/02/2011,73.15,"63,839,920"
IWM,11/03/2011,74.97,"74,629,822"
IWM,11/04/2011,74.6,"65,262,476"
IWM,11/07/2011,74.45,"67,142,710"
IWM,11/08/2011,75.54,"72,280,855"
IWM,11/09/2011,71.94,"78,806,336"
IWM,11/10/2011,72.47,"72,175,062"
IWM,11/11/2011,74.38,"62,457,645"
IWM,11/14/2011,73.31,"61,117,257"
IWM,11/15/2011,74.24,"65,795,225"
IWM,11/16/2011,73.038,"56,938,692"
IWM,11/17/2011,72,"78,929,156"
IWM,11/18/2011,71.98,"53,462,875"
IWM,11/21/2011,70.26,"58,236,865"
IWM,11/22/2011,69.67,"55,412,316"
IWM,11/23/2011,67.48,"69,734,163"
IWM,11/25/2011,66.62,"28,167,820"
IWM,11/28/2011,69.79,"59,167,082"
IWM,11/29/2011,69.66,"58,160,114"
IWM,11/30/2011,73.73,"93,811,987"
IWM,12/01/2011,73.2,"57,399,712"
IWM,12/02/2011,73.5,"47,677,946"
IWM,12/05/2011,74.76,"58,434,487"
IWM,12/06/2011,74.83,"43,602,091"
IWM,12/07/2011,74.68,"55,914,120"
IWM,12/08/2011,72.36,"71,486,615"
IWM,12/09/2011,74.54,"72,184,841"
IWM,12/12/2011,73.47,"47,638,582"
IWM,12/13/2011,71.94,"79,040,280"
IWM,12/14/2011,71.04,"77,704,850"
IWM,12/15/2011,71.7,"50,096,004"
IWM,12/16/2011,72.26,"66,230,352"
IWM,12/19/2011,71.01,"52,897,501"
IWM,12/20/2011,73.86,"74,174,303"
IWM,12/21/2011,74.161,"59,204,288"
IWM,12/22/2011,74.27,"41,507,207"
IWM,12/23/2011,74.55,"24,337,370"
IWM,12/27/2011,74.77,"26,926,597"
IWM,12/28/2011,73.41,"37,827,471"
IWM,12/29/2011,74.15,"27,096,234"
IWM,12/30/2011,73.75,"31,988,182"
IWM,01/03/2012,74.975,"60,508,752"
IWM,01/04/2012,74.56,"34,653,155"
IWM,01/05/2012,74.98,"57,274,909"
IWM,01/06/2012,74.795,"45,500,667"
IWM,01/09/2012,75.17,"52,045,194"
IWM,01/10/2012,76.27,"42,977,517"
IWM,01/11/2012,76.57,"33,452,291"
IWM,01/12/2012,76.8,"36,132,207"
IWM,01/13/2012,76.39,"42,602,832"
IWM,01/17/2012,76.36,"34,521,398"
IWM,01/18/2012,77.72,"49,330,704"
IWM,01/19/2012,78.2,"35,832,489"
IWM,01/20/2012,78.25,"42,225,396"
IWM,01/23/2012,78.15,"37,482,331"
IWM,01/24/2012,78.6,"49,860,323"
IWM,01/25/2012,79.27,"68,272,859"
IWM,01/26/2012,79.18,"52,758,609"
IWM,01/27/2012,79.72,"52,205,352"
IWM,01/30/2012,79.1,"46,332,320"
IWM,01/31/2012,79.02,"52,026,659"
IWM,02/01/2012,80.72,"67,292,166"
IWM,02/02/2012,81.18,"46,407,028"
IWM,02/03/2012,82.95,"72,740,966"
IWM,02/06/2012,82.68,"34,520,171"
IWM,02/07/2012,82.63,"41,623,666"
IWM,02/08/2012,82.81,"46,707,148"
IWM,02/09/2012,82.4,"48,716,712"
IWM,02/10/2012,81.27,"42,506,850"
IWM,02/13/2012,82.32,"38,574,008"
IWM,02/14/2012,81.95,"49,376,897"
IWM,02/15/2012,81.27,"59,836,593"
IWM,02/16/2012,82.8,"61,459,524"
IWM,02/17/2012,82.79,"33,298,974"
IWM,02/21/2012,82.23,"39,889,930"
IWM,02/22/2012,81.58,"42,626,851"
IWM,02/23/2012,82.8,"53,186,471"
IWM,02/24/2012,82.64,"37,608,585"
IWM,02/27/2012,82.5,"51,811,948"
IWM,02/28/2012,82.28,"47,687,255"
IWM,02/29/2012,81.05,"64,219,924"
IWM,03/01/2012,81.47,"69,526,443"
IWM,03/02/2012,80.25,"70,789,874"
IWM,03/05/2012,80.34,"44,334,738"
IWM,03/06/2012,78.74,"80,771,261"
IWM,03/07/2012,79.48,"57,457,911"
IWM,03/08/2012,80.5101,"43,803,095"
IWM,03/09/2012,81.6,"61,462,813"
IWM,03/12/2012,81.44,"34,086,062"
IWM,03/13/2012,83.06,"60,998,078"
IWM,03/14/2012,82.38,"46,708,552"
IWM,03/15/2012,83.07,"58,742,398"
IWM,03/16/2012,83,"42,046,092"
IWM,03/19/2012,83.7,"66,828,514"
IWM,03/20/2012,82.951,"43,830,060"
IWM,03/21/2012,82.93,"40,504,698"
IWM,03/22/2012,82.13,"60,103,812"
IWM,03/23/2012,82.68,"46,465,179"
IWM,03/26/2012,84.4,"56,453,997"
IWM,03/27/2012,83.81,"41,730,621"
IWM,03/28/2012,83.32,"48,841,260"
IWM,03/29/2012,83.08,"45,625,051"
IWM,03/30/2012,82.81,"45,904,617"
IWM,04/02/2012,83.83,"52,757,316"
IWM,04/03/2012,83.27,"52,014,404"
IWM,04/04/2012,81.94,"65,172,333"
IWM,04/05/2012,81.58,"31,978,694"
IWM,04/09/2012,80.24,"50,063,153"
IWM,04/10/2012,78.35,"101,231,179"
IWM,04/11/2012,79.46,"54,348,812"
IWM,04/12/2012,80.6,"60,728,671"
IWM,04/13/2012,79.542,"53,965,767"
IWM,04/16/2012,79.67,"44,729,253"
IWM,04/17/2012,80.82,"46,737,777"
IWM,04/18/2012,80.21,"49,010,138"
IWM,04/19/2012,79.75,"74,262,138"
IWM,04/20/2012,80.21,"46,639,153"
IWM,04/23/2012,79.1,"62,477,447"
IWM,04/24/2012,79.7,"44,817,154"
IWM,04/25/2012,80.94,"50,263,368"
IWM,04/26/2012,81.74,"43,151,117"
IWM,04/27/2012,82.38,"44,707,057"
IWM,04/30/2012,81.47,"38,095,545"
IWM,05/01/2012,81.55,"60,494,331"
IWM,05/02/2012,81.77,"52,098,770"
IWM,05/03/2012,80.62,"61,494,417"
IWM,05/04/2012,79.09,"75,098,461"
IWM,05/07/2012,79.3,"47,361,980"
IWM,05/08/2012,79.25,"62,951,041"
IWM,05/09/2012,78.8,"64,441,125"
IWM,05/10/2012,79.1,"45,701,764"
IWM,05/11/2012,78.9,"44,863,603"
IWM,05/14/2012,77.85,"51,221,677"
IWM,05/15/2012,77.71,"54,317,959"
IWM,05/16/2012,77.155,"52,662,408"
IWM,05/17/2012,75.4,"71,669,517"
IWM,05/18/2012,74.6934,"77,644,457"
IWM,05/21/2012,76.45,"61,393,096"
IWM,05/22/2012,75.99,"59,686,594"
IWM,05/23/2012,76.48,"66,981,740"
IWM,05/24/2012,76.64,"54,579,281"
IWM,05/25/2012,76.59,"33,848,525"
IWM,05/29/2012,77.7,"51,168,233"
IWM,05/30/2012,76.21,"47,893,305"
IWM,05/31/2012,76.11,"59,565,867"
IWM,06/01/2012,73.82,"76,129,749"
IWM,06/04/2012,73.65,"50,132,237"
IWM,06/05/2012,74.6,"48,275,507"
IWM,06/06/2012,76.44,"48,640,723"
IWM,06/07/2012,75.94,"57,907,019"
IWM,06/08/2012,76.97,"50,423,272"
IWM,06/11/2012,75.27,"52,802,906"
IWM,06/12/2012,76.22,"56,599,351"
IWM,06/13/2012,75.34,"62,717,103"
IWM,06/14/2012,76.2,"53,623,903"
IWM,06/15/2012,77.22,"57,934,977"
IWM,06/18/2012,77.31,"45,657,460"
IWM,06/19/2012,78.65,"66,903,230"
IWM,06/20/2012,78.53,"54,650,486"
IWM,06/21/2012,76.62,"62,486,856"
IWM,06/22/2012,77.49,"41,003,078"
IWM,06/25/2012,76.28,"48,628,405"
IWM,06/26/2012,76.2,"42,502,915"
IWM,06/27/2012,77.44,"38,516,715"
IWM,06/28/2012,77.31,"58,192,667"
IWM,06/29/2012,79.56,"71,664,214"
IWM,07/02/2012,80.48,"53,374,590"
IWM,07/03/2012,81.53,"32,322,695"
IWM,07/05/2012,81.44,"42,819,886"
IWM,07/06/2012,80.53,"38,531,577"
IWM,07/09/2012,80.22,"34,636,281"
IWM,07/10/2012,79.33,"49,992,704"
IWM,07/11/2012,79.06,"40,178,201"
IWM,07/12/2012,78.79,"55,510,525"
IWM,07/13/2012,79.771,"42,114,879"
IWM,07/16/2012,79.45,"31,924,150"
IWM,07/17/2012,79.731,"43,662,416"
IWM,07/18/2012,80.22,"46,045,267"
IWM,07/19/2012,79.95,"49,405,461"
IWM,07/20/2012,78.93,"42,315,297"
IWM,07/23/2012,77.67,"47,372,843"
IWM,07/24/2012,76.65,"55,612,793"
IWM,07/25/2012,76.82,"37,217,578"
IWM,07/26/2012,77.48,"44,745,200"
IWM,07/27/2012,79.32,"67,301,675"
IWM,07/30/2012,79.05,"34,785,102"
IWM,07/31/2012,78.35,"48,938,810"
IWM,08/01/2012,77.06,"63,601,068"
IWM,08/02/2012,76.78,"43,378,036"
IWM,08/03/2012,78.61,"52,414,149"
IWM,08/06/2012,79.22,"34,665,379"
IWM,08/07/2012,79.94,"50,064,073"
IWM,08/08/2012,79.82,"28,012,891"
IWM,08/09/2012,80.2,"24,049,460"
IWM,08/10/2012,79.92,"26,076,193"
IWM,08/13/2012,79.79,"31,546,548"
IWM,08/14/2012,79.6,"26,060,293"
IWM,08/15/2012,80.3,"27,061,375"
IWM,08/16/2012,81.14,"46,045,701"
IWM,08/17/2012,81.71,"33,453,969"
IWM,08/20/2012,81.53,"32,657,999"
IWM,08/21/2012,81.48,"43,746,545"
IWM,08/22/2012,81.09,"37,611,990"
IWM,08/23/2012,80.52,"32,208,660"
IWM,08/24/2012,80.74,"25,679,231"
IWM,08/27/2012,80.98,"23,633,308"
IWM,08/28/2012,81.35,"28,512,802"
IWM,08/29/2012,81.6,"30,861,010"
IWM,08/30/2012,80.79,"24,562,834"
IWM,08/31/2012,81.12,"34,089,902"
IWM,09/04/2012,82.11,"69,563,610"
IWM,09/05/2012,82.13,"35,158,250"
IWM,09/06/2012,83.638,"46,336,758"
IWM,09/07/2012,84.26,"32,012,860"
IWM,09/10/2012,83.88,"30,674,565"
IWM,09/11/2012,84.06,"33,164,079"
IWM,09/12/2012,84.49,"29,752,711"
IWM,09/13/2012,85.6,"69,441,399"
IWM,09/14/2012,86.4,"46,045,547"
IWM,09/17/2012,86,"30,184,986"
IWM,09/18/2012,85.72,"32,993,614"
IWM,09/19/2012,85.57,"29,344,490"
IWM,09/20/2012,85.19,"34,941,449"
IWM,09/21/2012,85.5,"38,829,397"
IWM,09/24/2012,84.89,"54,640,735"
IWM,09/25/2012,83.67,"74,752,144"
IWM,09/26/2012,83.14,"42,171,546"
IWM,09/27/2012,84.04,"33,252,793"
IWM,09/28/2012,83.44,"43,945,962"
IWM,10/01/2012,83.72,"43,711,376"
IWM,10/02/2012,83.88,"25,798,099"
IWM,10/03/2012,83.64,"38,570,951"
IWM,10/04/2012,84.21,"43,327,420"
IWM,10/05/2012,84.11,"40,983,952"
IWM,10/08/2012,83.58,"21,069,062"
IWM,10/09/2012,82.6,"45,221,123"
IWM,10/10/2012,82.47,"32,469,770"
IWM,10/11/2012,82.77,"38,978,426"
IWM,10/12/2012,82.1,"31,847,003"
IWM,10/15/2012,82.64,"34,421,022"
IWM,10/16/2012,83.25,"29,239,491"
IWM,10/17/2012,84,"35,466,442"
IWM,10/18/2012,83.54,"31,432,870"
IWM,10/19/2012,81.85,"53,568,072"
IWM,10/22/2012,81.83,"30,691,184"
IWM,10/23/2012,81.4203,"40,737,849"
IWM,10/24/2012,81.2,"24,474,637"
IWM,10/25/2012,81.53,"27,796,204"
IWM,10/26/2012,81.14,"41,405,759"
IWM,10/31/2012,81.63,"24,879,762"
IWM,11/01/2012,82.49,"77,113,229"
IWM,11/02/2012,81.1913,"39,323,376"
IWM,11/05/2012,81.7266,"26,862,682"
IWM,11/06/2012,82.34,"27,347,308"
IWM,11/07/2012,80.34,"65,102,241"
IWM,11/08/2012,79.21,"42,653,628"
IWM,11/09/2012,79.38,"33,030,121"
IWM,11/12/2012,79.15,"20,155,010"
IWM,11/13/2012,78.7,"34,408,192"
IWM,11/14/2012,77.24,"54,655,178"
IWM,11/15/2012,76.8401,"55,971,014"
IWM,11/16/2012,77.48,"62,750,396"
IWM,11/19/2012,79.1194,"45,625,379"
IWM,11/20/2012,79.2611,"36,934,751"
IWM,11/21/2012,79.68,"19,257,503"
IWM,11/23/2012,80.47,"20,093,265"
IWM,11/26/2012,80.73,"31,180,690"
IWM,11/27/2012,80.63,"39,946,221"
IWM,11/28/2012,81.31,"51,324,739"
IWM,11/29/2012,82.24,"53,045,941"
IWM,11/30/2012,82.08,"35,722,910"
IWM,12/03/2012,81.99,"24,959,739"
IWM,12/04/2012,82.0885,"37,225,785"
IWM,12/05/2012,81.9933,"40,377,253"
IWM,12/06/2012,82.1206,"31,829,407"
IWM,12/07/2012,82.18,"24,123,970"
IWM,12/10/2012,82.54,"29,177,318"
IWM,12/11/2012,83.41,"40,267,106"
IWM,12/12/2012,82.94,"40,574,747"
IWM,12/13/2012,82.41,"33,439,275"
IWM,12/14/2012,82.36,"28,513,020"
IWM,12/17/2012,83.52,"35,849,361"
IWM,12/18/2012,84.6615,"53,506,600"
IWM,12/19/2012,84.12,"49,010,883"
IWM,12/20/2012,84.54,"50,304,522"
IWM,12/21/2012,84.19,"54,924,598"
IWM,12/24/2012,83.78,"10,105,118"
IWM,12/26/2012,83.1808,"24,673,132"
IWM,12/27/2012,83.12,"35,568,384"
IWM,12/28/2012,82.53,"34,262,138"
IWM,12/31/2012,84.3178,"67,461,062"
IWM,01/02/2013,86.8,"116,410,534"
IWM,01/03/2013,86.6,"45,872,890"
IWM,01/04/2013,87.24,"29,853,411"
IWM,01/07/2013,86.91,"23,694,002"
IWM,01/08/2013,86.8487,"23,769,742"
IWM,01/09/2013,87.27,"27,426,521"
IWM,01/10/2013,87.47,"39,754,017"
IWM,01/11/2013,87.34,"27,322,371"
IWM,01/14/2013,87.39,"24,354,825"
IWM,01/15/2013,87.77,"34,705,470"
IWM,01/16/2013,87.51,"20,884,021"
IWM,01/17/2013,88.32,"34,222,104"
IWM,01/18/2013,88.57,"23,257,139"
IWM,01/22/2013,89.21,"31,590,230"
IWM,01/23/2013,89,"32,818,870"
IWM,01/24/2013,89.29,"39,817,905"
IWM,01/25/2013,89.94,"34,620,716"
IWM,01/28/2013,90,"42,633,553"
IWM,01/29/2013,90.05,"37,056,210"
IWM,01/30/2013,88.97,"39,299,266"
IWM,01/31/2013,89.58,"36,925,049"
IWM,02/01/2013,90.37,"33,927,466"
IWM,02/04/2013,89.28,"27,015,166"
IWM,02/05/2013,90.08,"26,551,566"
IWM,02/06/2013,90.46,"24,300,151"
IWM,02/07/2013,90.16,"30,212,232"
IWM,02/08/2013,90.8,"25,189,534"
IWM,02/11/2013,90.7,"15,725,416"
IWM,02/12/2013,91.1,"19,792,687"
IWM,02/13/2013,91.48,"22,591,247"
IWM,02/14/2013,91.71,"22,359,284"
IWM,02/15/2013,91.74,"29,339,088"
IWM,02/19/2013,92.55,"21,170,538"
IWM,02/20/2013,90.8299,"41,753,754"
IWM,02/21/2013,89.95,"45,093,359"
IWM,02/22/2013,91.03,"24,765,510"
IWM,02/25/2013,89.02,"53,492,715"
IWM,02/26/2013,89.37,"47,522,796"
IWM,02/27/2013,90.31,"41,199,320"
IWM,02/28/2013,90.48,"31,218,129"
IWM,03/01/2013,90.89,"49,278,794"
IWM,03/04/2013,91.13,"27,577,540"
IWM,03/05/2013,92.19,"35,615,214"
IWM,03/06/2013,92.43,"28,483,546"
IWM,03/07/2013,92.87,"27,908,703"
IWM,03/08/2013,93.73,"38,066,082"
IWM,03/11/2013,93.7,"26,723,527"
IWM,03/12/2013,93.51,"21,488,989"
IWM,03/13/2013,93.86,"28,662,871"
IWM,03/14/2013,94.8,"24,749,963"
IWM,03/15/2013,94.75,"35,361,638"
IWM,03/18/2013,94.23,"36,701,250"
IWM,03/19/2013,93.83,"51,516,383"
IWM,03/20/2013,94.7,"27,961,591"
IWM,03/21/2013,93.87,"37,125,780"
IWM,03/22/2013,94.16,"33,429,900"
IWM,03/25/2013,93.95,"36,682,272"
IWM,03/26/2013,94.25,"26,350,592"
IWM,03/27/2013,94.314,"28,469,108"
IWM,03/28/2013,94.43,"24,162,823"
IWM,04/01/2013,93.16,"59,669,256"
IWM,04/02/2013,92.58,"47,917,195"
IWM,04/03/2013,91.13,"65,445,069"
IWM,04/04/2013,91.91,"37,707,876"
IWM,04/05/2013,91.73,"46,419,691"
IWM,04/08/2013,92.49,"28,889,909"
IWM,04/09/2013,92.22,"36,828,513"
IWM,04/10/2013,93.89,"50,119,545"
IWM,04/11/2013,94.02,"32,618,912"
IWM,04/12/2013,93.64,"41,932,702"
IWM,04/15/2013,90.11,"100,203,924"
IWM,04/16/2013,91.67,"58,063,244"
IWM,04/17/2013,90.076,"77,711,444"
IWM,04/18/2013,89.58,"58,516,569"
IWM,04/19/2013,90.61,"44,933,599"
IWM,04/22/2013,90.87,"49,192,662"
IWM,04/23/2013,92.31,"55,313,114"
IWM,04/24/2013,92.79,"41,022,839"
IWM,04/25/2013,93.4,"36,544,332"
IWM,04/26/2013,92.9,"32,406,314"
IWM,04/29/2013,93.57,"20,792,873"
IWM,04/30/2013,94.1,"30,495,702"
IWM,05/01/2013,91.8199,"120,179,277"
IWM,05/02/2013,93.28,"38,835,768"
IWM,05/03/2013,94.76,"51,982,325"
IWM,05/06/2013,95.37,"26,895,243"
IWM,05/07/2013,96.15,"29,923,006"
IWM,05/08/2013,96.43,"37,669,517"
IWM,05/09/2013,96.1,"32,334,065"
IWM,05/10/2013,96.83,"39,288,864"
IWM,05/13/2013,96.76,"22,528,136"
IWM,05/14/2013,98,"33,543,888"
IWM,05/15/2013,98.2,"34,001,846"
IWM,05/16/2013,97.95,"42,053,293"
IWM,05/17/2013,99.05,"35,679,327"
IWM,05/20/2013,99.21,"25,028,341"
IWM,05/21/2013,99.23,"23,605,056"
IWM,05/22/2013,97.78,"68,656,576"
IWM,05/23/2013,97.9,"44,527,084"
IWM,05/24/2013,97.88,"33,336,321"
IWM,05/28/2013,99.15,"46,125,928"
IWM,05/29/2013,98.23,"40,491,635"
IWM,05/30/2013,98.89,"30,625,322"
IWM,05/31/2013,97.8,"38,959,410"
IWM,06/03/2013,98.73,"87,088,429"
IWM,06/04/2013,97.68,"68,207,191"
IWM,06/05/2013,96.43,"58,973,534"
IWM,06/06/2013,97.45,"46,336,157"
IWM,06/07/2013,98.2,"44,757,664"
IWM,06/10/2013,98.8,"32,136,470"
IWM,06/11/2013,97.73,"43,466,435"
IWM,06/12/2013,96.76,"58,453,426"
IWM,06/13/2013,98.475,"47,769,222"
IWM,06/14/2013,97.711,"37,845,927"
IWM,06/17/2013,98.35,"33,311,385"
IWM,06/18/2013,99.51,"40,521,492"
IWM,06/19/2013,98.29,"43,193,443"
IWM,06/20/2013,95.69,"76,263,723"
IWM,06/21/2013,95.975,"66,116,888"
IWM,06/24/2013,94.71,"58,775,416"
IWM,06/25/2013,95.62,"32,420,577"
IWM,06/26/2013,96.07,"33,752,621"
IWM,06/27/2013,97.56,"40,852,241"
IWM,06/28/2013,97,"46,141,550"
IWM,07/01/2013,98.58,"37,811,449"
IWM,07/02/2013,98.08,"36,849,702"
IWM,07/03/2013,98.28,"19,162,102"
IWM,07/05/2013,99.67,"29,429,046"
IWM,07/08/2013,100.07,"30,905,239"
IWM,07/09/2013,101,"36,011,055"
IWM,07/10/2013,101.28,"36,061,047"
IWM,07/11/2013,102.47,"34,437,557"
IWM,07/12/2013,102.68,"28,586,656"
IWM,07/15/2013,103.58,"30,789,890"
IWM,07/16/2013,103.06,"38,632,641"
IWM,07/17/2013,103.46,"28,484,930"
IWM,07/18/2013,104.15,"32,035,111"
IWM,07/19/2013,104.31,"22,807,695"
IWM,07/22/2013,104.53,"25,857,882"
IWM,07/23/2013,104.46,"26,311,038"
IWM,07/24/2013,103.5899,"31,809,644"
IWM,07/25/2013,104.54,"46,098,458"
IWM,07/26/2013,104.12,"23,037,969"
IWM,07/29/2013,103.39,"30,373,173"
IWM,07/30/2013,103.48,"26,311,375"
IWM,07/31/2013,103.655,"38,336,662"
IWM,08/01/2013,105.07,"34,487,047"
IWM,08/02/2013,105.16,"22,982,919"
IWM,08/05/2013,105.52,"14,993,252"
IWM,08/06/2013,104.46,"24,689,635"
IWM,08/07/2013,103.72,"23,365,168"
IWM,08/08/2013,104.15,"27,641,840"
IWM,08/09/2013,104.04,"27,698,121"
IWM,08/12/2013,104.59,"18,964,909"
IWM,08/13/2013,104.45,"22,813,111"
IWM,08/14/2013,104.04,"23,632,370"
IWM,08/15/2013,102.11,"50,048,330"
IWM,08/16/2013,101.68,"36,064,144"
IWM,08/19/2013,100.648,"25,185,777"
IWM,08/20/2013,102.1,"32,450,376"
IWM,08/21/2013,101.48,"41,452,896"
IWM,08/22/2013,102.91,"24,010,384"
IWM,08/23/2013,103.17,"20,801,750"
IWM,08/26/2013,103.18,"23,376,083"
IWM,08/27/2013,100.76,"47,269,209"
IWM,08/28/2013,100.96,"28,933,751"
IWM,08/29/2013,101.97,"27,632,329"
IWM,08/30/2013,100.38,"43,338,536"
IWM,09/03/2013,101.06,"37,997,066"
IWM,09/04/2013,101.95,"22,581,893"
IWM,09/05/2013,102.11,"22,770,806"
IWM,09/06/2013,102.39,"36,794,326"
IWM,09/09/2013,103.94,"27,361,610"
IWM,09/10/2013,104.96,"25,126,297"
IWM,09/11/2013,105.01,"26,416,012"
IWM,09/12/2013,104.24,"32,711,103"
IWM,09/13/2013,104.81,"29,478,628"
IWM,09/16/2013,105.04,"34,929,392"
IWM,09/17/2013,106.08,"28,908,237"
IWM,09/18/2013,107.09,"46,244,560"
IWM,09/19/2013,106.98,"34,778,023"
IWM,09/20/2013,106.59,"49,522,483"
IWM,09/23/2013,106.6,"47,765,124"
IWM,09/24/2013,106.67,"45,268,004"
IWM,09/25/2013,106.47,"37,106,586"
IWM,09/26/2013,107.06,"29,497,323"
IWM,09/27/2013,106.58,"30,864,543"
IWM,09/30/2013,106.61,"45,771,693"
IWM,10/01/2013,107.85,"39,344,354"
IWM,10/02/2013,107.41,"30,622,892"
IWM,10/03/2013,106.31,"57,799,185"
IWM,10/04/2013,107.02,"25,911,396"
IWM,10/07/2013,105.77,"32,924,161"
IWM,10/08/2013,104.055,"61,365,023"
IWM,10/09/2013,103.64,"52,608,911"
IWM,10/10/2013,106.14,"53,157,811"
IWM,10/11/2013,107.68,"43,197,124"
IWM,10/14/2013,108.22,"38,774,800"
IWM,10/15/2013,107.16,"42,263,498"
IWM,10/16/2013,108.49,"34,333,602"
IWM,10/17/2013,109.44,"38,967,158"
IWM,10/18/2013,110.69,"39,499,031"
IWM,10/21/2013,110.47,"29,204,994"
IWM,10/22/2013,110.76,"38,112,648"
IWM,10/23/2013,110.39,"32,278,791"
IWM,10/24/2013,110.981,"24,716,833"
IWM,10/25/2013,111.08,"21,330,018"
IWM,10/28/2013,111.03,"22,512,163"
IWM,10/29/2013,111.35,"30,034,654"
IWM,10/30/2013,109.83,"46,076,553"
IWM,10/31/2013,109.19,"47,370,004"
IWM,11/01/2013,108.715,"117,037,638"
IWM,11/04/2013,109.97,"31,969,881"
IWM,11/05/2013,109.59,"26,645,778"
IWM,11/06/2013,109.12,"31,773,363"
IWM,11/07/2013,107.28,"60,459,737"
IWM,11/08/2013,109.23,"48,148,087"
IWM,11/11/2013,109.38,"19,898,100"
IWM,11/12/2013,109.47,"28,077,647"
IWM,11/13/2013,110.52,"36,465,895"
IWM,11/14/2013,110.405,"33,236,252"
IWM,11/15/2013,110.83,"27,519,423"
IWM,11/18/2013,110.05,"35,517,144"
IWM,11/19/2013,109.37,"36,081,328"
IWM,11/20/2013,109.33,"43,376,916"
IWM,11/21/2013,111.3,"45,586,321"
IWM,11/22/2013,111.85,"28,787,982"
IWM,11/25/2013,111.99,"22,968,585"
IWM,11/26/2013,112.82,"30,761,596"
IWM,11/27/2013,113.45,"29,099,601"
IWM,11/29/2013,113.51,"15,675,502"
IWM,12/02/2013,112.37,"43,160,293"
IWM,12/03/2013,111.83,"36,931,077"
IWM,12/04/2013,111.53,"40,609,914"
IWM,12/05/2013,111.61,"37,927,916"
IWM,12/06/2013,112.48,"36,471,868"
IWM,12/09/2013,112.45,"31,236,464"
IWM,12/10/2013,111.43,"34,946,434"
IWM,12/11/2013,109.6,"47,181,580"
IWM,12/12/2013,109.84,"37,706,170"
IWM,12/13/2013,110.2,"32,980,646"
IWM,12/16/2013,111.51,"33,991,164"
IWM,12/17/2013,111.35,"32,399,830"
IWM,12/18/2013,112.88,"52,979,025"
IWM,12/19/2013,112.04,"32,872,335"
IWM,12/20/2013,113.93,"48,774,690"
IWM,12/23/2013,114.78,"37,049,099"
IWM,12/24/2013,115.22,"17,371,248"
IWM,12/26/2013,115.23,"19,670,070"
IWM,12/27/2013,115.16,"20,070,432"
IWM,12/30/2013,115.09,"28,917,378"
IWM,12/31/2013,115.36,"38,358,640"
IWM,01/02/2014,114.11,"44,250,045"
IWM,01/03/2014,114.69,"26,471,622"
IWM,01/06/2014,113.76,"36,201,506"
IWM,01/07/2014,114.71,"28,546,997"
IWM,01/08/2014,114.86,"30,764,666"
IWM,01/09/2014,114.89,"29,873,359"
IWM,01/10/2014,115.52,"29,175,394"
IWM,01/13/2014,113.94,"45,378,016"
IWM,01/14/2014,115.34,"39,126,063"
IWM,01/15/2014,116.2,"31,644,489"
IWM,01/16/2014,116.34,"23,095,126"
IWM,01/17/2014,115.93,"28,737,861"
IWM,01/21/2014,116.62,"29,829,225"
IWM,01/22/2014,117.21,"24,019,722"
IWM,01/23/2014,116.42,"36,059,538"
IWM,01/24/2014,113.45,"57,138,648"
IWM,01/27/2014,111.79,"60,388,333"
IWM,01/28/2014,112.97,"43,845,082"
IWM,01/29/2014,111.34,"61,930,645"
IWM,01/30/2014,113.001,"40,867,981"
IWM,01/31/2014,112.16,"49,294,763"
IWM,02/03/2014,108.65,"91,709,562"
IWM,02/04/2014,109.47,"53,173,783"
IWM,02/05/2014,108.65,"60,669,948"
IWM,02/06/2014,109.51,"57,619,699"
IWM,02/07/2014,110.75,"52,626,463"
IWM,02/10/2014,111.04,"38,261,778"
IWM,02/11/2014,112.03,"44,404,445"
IWM,02/12/2014,112.47,"42,324,292"
IWM,02/13/2014,113.9,"42,102,313"
IWM,02/14/2014,114.06,"33,396,501"
IWM,02/18/2014,115.25,"33,666,606"
IWM,02/19/2014,114.07,"44,064,964"
IWM,02/20/2014,115.3,"35,941,069"
IWM,02/21/2014,115.66,"34,815,637"
IWM,02/24/2014,116.51,"43,116,053"
IWM,02/25/2014,116.63,"28,488,442"
IWM,02/26/2014,117.35,"40,808,471"
IWM,02/27/2014,117.99,"29,911,862"
IWM,02/28/2014,117.52,"47,375,710"
IWM,03/03/2014,116.89,"50,899,497"
IWM,03/04/2014,119.83,"112,815,303"
IWM,03/05/2014,119.76,"34,692,352"
IWM,03/06/2014,119.74,"35,093,117"
IWM,03/07/2014,119.7,"36,955,761"
IWM,03/10/2014,119.3,"32,095,387"
IWM,03/11/2014,118.06,"50,376,565"
IWM,03/12/2014,118.42,"37,236,926"
IWM,03/13/2014,117.05,"53,542,790"
IWM,03/14/2014,117.54,"46,894,073"
IWM,03/17/2014,118.06,"41,563,375"
IWM,03/18/2014,119.78,"41,606,597"
IWM,03/19/2014,119,"47,422,981"
IWM,03/20/2014,119.16,"33,212,932"
IWM,03/21/2014,118.61,"47,872,766"
IWM,03/24/2014,117.26,"66,747,026"
IWM,03/25/2014,116.93,"47,699,697"
IWM,03/26/2014,114.69,"69,060,817"
IWM,03/27/2014,114.4,"65,234,852"
IWM,03/28/2014,114.29,"50,557,963"
IWM,03/31/2014,116.34,"44,599,234"
IWM,04/01/2014,117.87,"47,906,600"
IWM,04/02/2014,118.4,"33,856,476"
IWM,04/03/2014,117.2,"38,473,979"
IWM,04/04/2014,114.49,"86,345,902"
IWM,04/07/2014,112.82,"68,537,730"
IWM,04/08/2014,113.61,"60,088,199"
IWM,04/09/2014,115.25,"42,744,858"
IWM,04/10/2014,111.959,"74,865,768"
IWM,04/11/2014,110.41,"71,007,952"
IWM,04/14/2014,110.72,"62,662,262"
IWM,04/15/2014,111.15,"76,969,749"
IWM,04/16/2014,112.36,"49,360,448"
IWM,04/17/2014,112.92,"50,276,042"
IWM,04/21/2014,113.45,"31,970,685"
IWM,04/22/2014,114.62,"40,541,907"
IWM,04/23/2014,113.9,"33,863,201"
IWM,04/24/2014,113.61,"44,323,900"
IWM,04/25/2014,111.61,"58,391,755"
IWM,04/28/2014,110.96,"66,050,449"
IWM,04/29/2014,111.24,"34,487,600"
IWM,04/30/2014,111.98,"43,933,159"
IWM,05/01/2014,111.94,"78,690,921"
IWM,05/02/2014,112.03,"43,451,603"
IWM,05/05/2014,111.89,"28,108,490"
IWM,05/06/2014,110.07,"45,355,109"
IWM,05/07/2014,110.139,"64,244,972"
IWM,05/08/2014,109.03,"58,522,868"
IWM,05/09/2014,110.03,"48,409,859"
IWM,05/12/2014,112.53,"76,294,561"
IWM,05/13/2014,111.43,"58,122,812"
IWM,05/14/2014,109.62,"65,720,721"
IWM,05/15/2014,108.88,"75,870,525"
IWM,05/16/2014,109.57,"44,668,826"
IWM,05/19/2014,110.75,"35,339,501"
IWM,05/20/2014,109.06,"89,570,244"
IWM,05/21/2014,109.62,"55,278,486"
IWM,05/22/2014,110.76,"41,295,052"
IWM,05/23/2014,111.97,"42,649,313"
IWM,05/27/2014,113.58,"46,373,919"
IWM,05/28/2014,112.99,"37,055,940"
IWM,05/29/2014,113.37,"25,557,332"
IWM,05/30/2014,112.86,"38,856,791"
IWM,06/02/2014,112.25,"40,374,390"
IWM,06/03/2014,111.98,"31,147,213"
IWM,06/04/2014,112.42,"28,835,813"
IWM,06/05/2014,114.78,"67,185,749"
IWM,06/06/2014,115.88,"45,854,004"
IWM,06/09/2014,116.9,"44,032,217"
IWM,06/10/2014,116.67,"39,801,683"
IWM,06/11/2014,116.1,"30,149,927"
IWM,06/12/2014,115.39,"39,482,798"
IWM,06/13/2014,115.59,"33,779,504"
IWM,06/16/2014,116.15,"30,052,776"
IWM,06/17/2014,116.97,"62,581,411"
IWM,06/18/2014,117.76,"37,448,855"
IWM,06/19/2014,117.86,"30,915,956"
IWM,06/20/2014,118.25,"30,104,388"
IWM,06/23/2014,118.02,"21,388,730"
IWM,06/24/2014,116.76,"41,792,423"
IWM,06/25/2014,117.75,"34,620,791"
IWM,06/26/2014,117.55,"28,018,883"
IWM,06/27/2014,118.34,"38,525,081"
IWM,06/30/2014,118.81,"34,227,986"
IWM,07/01/2014,120.02,"65,733,194"
IWM,07/02/2014,119.1,"30,796,790"
IWM,07/03/2014,119.82,"15,933,937"
IWM,07/07/2014,117.77,"32,278,983"
IWM,07/08/2014,116.34,"52,539,880"
IWM,07/09/2014,116.49,"27,892,006"
IWM,07/10/2014,115.25,"50,834,501"
IWM,07/11/2014,115.1,"33,927,024"
IWM,07/14/2014,115.69,"28,823,439"
IWM,07/15/2014,114.55,"49,539,593"
IWM,07/16/2014,114.24,"63,437,530"
IWM,07/17/2014,112.48,"62,221,525"
IWM,07/18/2014,114.23,"46,165,076"
IWM,07/21/2014,113.77,"32,722,484"
IWM,07/22/2014,114.73,"31,330,742"
IWM,07/23/2014,114.865,"26,418,396"
IWM,07/24/2014,114.64,"31,905,127"
IWM,07/25/2014,113.6,"46,518,509"
IWM,07/28/2014,113.03,"37,374,846"
IWM,07/29/2014,113.34,"30,574,485"
IWM,07/30/2014,113.79,"30,225,035"
IWM,07/31/2014,111.1899,"61,511,779"
IWM,08/01/2014,110.68,"67,805,374"
IWM,08/04/2014,111.66,"34,649,452"
IWM,08/05/2014,111.38,"44,374,974"
IWM,08/06/2014,111.731,"33,659,052"
IWM,08/07/2014,111.19,"40,852,248"
IWM,08/08/2014,112.27,"32,667,219"
IWM,08/11/2014,113.34,"31,002,727"
IWM,08/12/2014,112.56,"31,190,063"
IWM,08/13/2014,113.44,"23,126,108"
IWM,08/14/2014,113.61,"20,882,065"
IWM,08/15/2014,113.39,"53,716,386"
IWM,08/18/2014,115.04,"33,289,919"
IWM,08/19/2014,115.44,"22,692,899"
IWM,08/20/2014,114.95,"26,266,947"
IWM,08/21/2014,115.2,"33,023,174"
IWM,08/22/2014,115.21,"30,102,031"
IWM,08/25/2014,115.75,"27,808,593"
IWM,08/26/2014,116.8,"34,836,651"
IWM,08/27/2014,116.51,"19,074,974"
IWM,08/28/2014,115.91,"22,817,891"
IWM,08/29/2014,116.56,"26,234,587"
IWM,09/02/2014,117.2,"38,818,975"
IWM,09/03/2014,116.46,"33,267,077"
IWM,09/04/2014,116.01,"26,525,384"
IWM,09/05/2014,116.38,"26,940,137"
IWM,09/08/2014,116.56,"20,347,446"
IWM,09/09/2014,115.18,"36,390,492"
IWM,09/10/2014,115.86,"23,060,927"
IWM,09/11/2014,116.61,"27,078,656"
IWM,09/12/2014,115.37,"32,893,604"
IWM,09/15/2014,114.11,"41,648,041"
IWM,09/16/2014,114.43,"51,367,474"
IWM,09/17/2014,114.73,"45,548,233"
IWM,09/18/2014,115.43,"24,722,412"
IWM,09/19/2014,113.97,"52,460,118"
IWM,09/22/2014,112.37,"45,800,592"
IWM,09/23/2014,111.32,"51,616,824"
IWM,09/24/2014,112.02,"34,323,127"
IWM,09/25/2014,110.13,"49,733,609"
IWM,09/26/2014,111.12,"26,473,277"
IWM,09/29/2014,111.03,"30,619,676"
IWM,09/30/2014,109.35,"55,596,881"
IWM,10/01/2014,107.8,"88,630,419"
IWM,10/02/2014,108.83,"71,834,884"
IWM,10/03/2014,109.65,"44,036,688"
IWM,10/06/2014,108.71,"35,573,619"
IWM,10/07/2014,106.92,"40,275,436"
IWM,10/08/2014,108.97,"51,597,394"
IWM,10/09/2014,106.03,"60,786,087"
IWM,10/10/2014,104.74,"66,579,488"
IWM,10/13/2014,104.32,"72,054,307"
IWM,10/14/2014,105.54,"70,043,423"
IWM,10/15/2014,106.6,"117,505,455"
IWM,10/16/2014,107.8,"100,537,136"
IWM,10/17/2014,107.48,"72,674,963"
IWM,10/20/2014,108.74,"34,916,678"
IWM,10/21/2014,110.53,"44,752,291"
IWM,10/22/2014,108.95,"48,801,898"
IWM,10/23/2014,110.88,"60,795,105"
IWM,10/24/2014,111.07,"41,927,606"
IWM,10/27/2014,111.01,"31,133,656"
IWM,10/28/2014,114.17,"84,918,882"
IWM,10/29/2014,113.9,"67,138,686"
IWM,10/30/2014,114.87,"59,046,218"
IWM,10/31/2014,116.56,"53,134,839"
IWM,11/03/2014,116.36,"39,740,088"
IWM,11/04/2014,115.82,"37,347,630"
IWM,11/05/2014,116.03,"31,073,522"
IWM,11/06/2014,116.53,"31,720,902"
IWM,11/07/2014,116.71,"28,657,679"
IWM,11/10/2014,117.29,"29,371,810"
IWM,11/11/2014,117.37,"23,536,783"
IWM,11/12/2014,117.9,"34,594,660"
IWM,11/13/2014,116.9,"25,135,235"
IWM,11/14/2014,116.69,"23,321,447"
IWM,11/17/2014,115.72,"29,847,311"
IWM,11/18/2014,116.39,"33,717,213"
IWM,11/19/2014,115.15,"38,258,716"
IWM,11/20/2014,116.44,"26,554,960"
IWM,11/21/2014,116.58,"43,240,434"
IWM,11/24/2014,117.97,"24,573,155"
IWM,11/25/2014,118.06,"26,745,910"
IWM,11/26/2014,118.45,"14,640,724"
IWM,11/28/2014,116.69,"21,110,656"
IWM,12/01/2014,114.87,"36,244,144"
IWM,12/02/2014,116.25,"31,812,079"
IWM,12/03/2014,117.37,"29,147,963"
IWM,12/04/2014,116.81,"28,631,920"
IWM,12/05/2014,117.69,"30,261,397"
IWM,12/08/2014,116.22,"32,295,024"
IWM,12/09/2014,118.17,"52,645,939"
IWM,12/10/2014,115.66,"45,413,576"
IWM,12/11/2014,116.12,"36,021,754"
IWM,12/12/2014,114.71,"44,815,983"
IWM,12/15/2014,113.55,"66,361,180"
IWM,12/16/2014,113.39,"62,849,705"
IWM,12/17/2014,116.89,"70,379,359"
IWM,12/18/2014,118.63,"54,315,620"
IWM,12/19/2014,118.9,"49,041,799"
IWM,12/22/2014,119.71,"27,043,410"
IWM,12/23/2014,119.86,"34,532,959"
IWM,12/24/2014,119.76,"19,175,429"
IWM,12/26/2014,120.54,"18,261,936"
IWM,12/29/2014,121.05,"27,692,468"
IWM,12/30/2014,120.34,"23,995,988"
IWM,12/31/2014,119.62,"35,688,662"
IWM,01/02/2015,118.93,"46,133,132"
IWM,01/05/2015,117.34,"51,141,891"
IWM,01/06/2015,115.31,"67,446,040"
IWM,01/07/2015,116.73,"32,252,095"
IWM,01/08/2015,118.71,"28,361,730"
IWM,01/09/2015,117.57,"26,975,175"
IWM,01/12/2015,117.18,"27,316,763"
IWM,01/13/2015,117.27,"49,991,380"
IWM,01/14/2015,116.8,"34,224,203"
IWM,01/15/2015,114.83,"46,199,361"
IWM,01/16/2015,116.7,"41,895,670"
IWM,01/20/2015,116.21,"36,444,437"
IWM,01/21/2015,115.84,"27,333,530"
IWM,01/22/2015,118.2,"37,876,960"
IWM,01/23/2015,118.12,"28,173,394"
IWM,01/26/2015,119.26,"23,006,787"
IWM,01/27/2015,118.69,"26,919,080"
IWM,01/28/2015,116.69,"38,086,115"
IWM,01/29/2015,118.3,"39,299,943"
IWM,01/30/2015,115.7,"49,739,789"
IWM,02/02/2015,116.76,"44,819,096"
IWM,02/03/2015,118.85,"43,920,001"
IWM,02/04/2015,118.41,"28,597,060"
IWM,02/05/2015,119.94,"32,337,113"
IWM,02/06/2015,119.81,"31,694,901"
IWM,02/09/2015,118.86,"32,367,852"
IWM,02/10/2015,119.62,"28,960,804"
IWM,02/11/2015,119.45,"23,794,191"
IWM,02/12/2015,120.81,"27,854,552"
IWM,02/13/2015,121.53,"20,446,915"
IWM,02/17/2015,121.91,"16,868,460"
IWM,02/18/2015,122.04,"20,450,185"
IWM,02/19/2015,122.05,"16,620,467"
IWM,02/20/2015,122.38,"30,331,597"
IWM,02/23/2015,122.5,"25,778,239"
IWM,02/24/2015,122.66,"20,023,603"
IWM,02/25/2015,122.8,"17,059,628"
IWM,02/26/2015,123.25,"24,379,043"
IWM,02/27/2015,122.58,"23,821,659"
IWM,03/02/2015,123.47,"29,683,461"
IWM,03/03/2015,122.74,"23,068,431"
IWM,03/04/2015,122.36,"22,822,508"
IWM,03/05/2015,122.72,"19,725,646"
IWM,03/06/2015,121.17,"37,319,894"
IWM,03/09/2015,121.7,"17,556,337"
IWM,03/10/2015,120.3,"32,440,299"
IWM,03/11/2015,121.04,"20,914,510"
IWM,03/12/2015,123.05,"41,063,341"
IWM,03/13/2015,122.61,"26,371,036"
IWM,03/16/2015,123.33,"19,906,326"
IWM,03/17/2015,123.66,"23,142,597"
IWM,03/18/2015,124.65,"40,292,648"
IWM,03/19/2015,124.89,"34,008,230"
IWM,03/20/2015,125.99,"34,165,600"
IWM,03/23/2015,125.88,"17,132,355"
IWM,03/24/2015,125.85,"30,115,619"
IWM,03/25/2015,122.47,"42,513,976"
IWM,03/26/2015,122.32,"26,899,195"
IWM,03/27/2015,123.1,"23,066,819"
IWM,03/30/2015,124.77,"20,486,967"
IWM,03/31/2015,124.37,"24,507,777"
IWM,04/01/2015,124.42,"31,955,181"
IWM,04/02/2015,124.65,"23,586,392"
IWM,04/06/2015,125.2,"22,045,576"
IWM,04/07/2015,124.4,"20,214,722"
IWM,04/08/2015,125.47,"19,314,420"
IWM,04/09/2015,125.02,"22,325,251"
IWM,04/10/2015,125.62,"14,966,323"
IWM,04/13/2015,125.7,"22,819,196"
IWM,04/14/2015,125.67,"22,600,832"
IWM,04/15/2015,126.55,"37,282,314"
IWM,04/16/2015,126.48,"24,439,877"
IWM,04/17/2015,124.43,"48,283,498"
IWM,04/20/2015,125.65,"24,602,271"
IWM,04/21/2015,125.52,"13,844,627"
IWM,04/22/2015,125.71,"21,991,306"
IWM,04/23/2015,126.28,"18,025,829"
IWM,04/24/2015,125.86,"14,992,501"
IWM,04/27/2015,124.47,"32,924,563"
IWM,04/28/2015,125.16,"35,654,899"
IWM,04/29/2015,123.8,"26,437,936"
IWM,04/30/2015,121.18,"72,393,767"
IWM,05/01/2015,121.97,"47,996,208"
IWM,05/04/2015,122.41,"37,675,148"
IWM,05/05/2015,120.85,"56,891,572"
IWM,05/06/2015,121.27,"34,348,279"
IWM,05/07/2015,121.73,"29,826,089"
IWM,05/08/2015,122.64,"26,357,112"
IWM,05/11/2015,122.71,"28,406,742"
IWM,05/12/2015,122.49,"34,961,556"
IWM,05/13/2015,122.485,"27,214,715"
IWM,05/14/2015,123.79,"23,293,248"
IWM,05/15/2015,123.65,"22,055,622"
IWM,05/18/2015,125.05,"30,846,033"
IWM,05/19/2015,124.88,"23,256,804"
IWM,05/20/2015,125.11,"20,838,541"
IWM,05/21/2015,124.97,"16,229,256"
IWM,05/22/2015,124.43,"22,601,420"
IWM,05/26/2015,123.24,"44,037,812"
IWM,05/27/2015,124.75,"32,086,276"
IWM,05/28/2015,124.64,"18,631,916"
IWM,05/29/2015,123.89,"33,468,891"
IWM,06/01/2015,124.28,"35,649,419"
IWM,06/02/2015,124.52,"29,477,552"
IWM,06/03/2015,125.76,"30,774,798"
IWM,06/04/2015,124.5,"25,820,603"
IWM,06/05/2015,125.4,"36,626,467"
IWM,06/08/2015,124.82,"18,798,651"
IWM,06/09/2015,124.44,"23,928,304"
IWM,06/10/2015,125.99,"42,563,464"
IWM,06/11/2015,126.31,"17,489,367"
IWM,06/12/2015,125.93,"23,578,621"
IWM,06/15/2015,125.53,"30,618,318"
IWM,06/16/2015,126.42,"32,800,865"
IWM,06/17/2015,126.23,"32,467,043"
IWM,06/18/2015,127.92,"39,642,055"
IWM,06/19/2015,127.86,"23,310,943"
IWM,06/22/2015,128.74,"25,229,954"
IWM,06/23/2015,129.01,"23,378,512"
IWM,06/24/2015,127.92,"26,436,839"
IWM,06/25/2015,127.85,"24,100,905"
IWM,06/26/2015,127.5,"38,219,897"
IWM,06/29/2015,124.28,"49,224,899"
IWM,06/30/2015,124.86,"39,631,251"
IWM,07/01/2015,125.23,"28,627,704"
IWM,07/02/2015,123.78,"31,486,357"
IWM,07/06/2015,123.74,"27,852,246"
IWM,07/07/2015,123.88,"39,347,102"
IWM,07/08/2015,121.99,"40,724,492"
IWM,07/09/2015,122.43,"29,770,370"
IWM,07/10/2015,124.13,"28,735,789"
IWM,07/13/2015,125.53,"21,349,926"
IWM,07/14/2015,126.23,"21,009,543"
IWM,07/15/2015,125.56,"22,238,319"
IWM,07/16/2015,126.31,"33,568,440"
IWM,07/17/2015,125.76,"24,739,898"
IWM,07/20/2015,125.08,"23,271,055"
IWM,07/21/2015,124.49,"28,118,741"
IWM,07/22/2015,124.95,"20,654,239"
IWM,07/23/2015,123.57,"39,712,139"
IWM,07/24/2015,121.58,"39,533,027"
IWM,07/27/2015,120.57,"35,627,207"
IWM,07/28/2015,121.6,"53,474,775"
IWM,07/29/2015,121.94,"32,411,277"
IWM,07/30/2015,122.29,"29,383,880"
IWM,07/31/2015,122.96,"31,812,747"
IWM,08/03/2015,122.35,"34,033,236"
IWM,08/04/2015,122.06,"21,728,894"
IWM,08/05/2015,122.34,"25,673,532"
IWM,08/06/2015,120.69,"42,225,320"
IWM,08/07/2015,119.88,"42,261,408"
IWM,08/10/2015,121.26,"28,798,903"
IWM,08/11/2015,120.22,"33,383,754"
IWM,08/12/2015,119.99,"46,500,071"
IWM,08/13/2015,119.59,"35,698,295"
IWM,08/14/2015,120.36,"21,091,502"
IWM,08/17/2015,121.63,"22,328,153"
IWM,08/18/2015,120.66,"26,360,378"
IWM,08/19/2015,119.41,"45,178,918"
IWM,08/20/2015,116.39,"51,879,763"
IWM,08/21/2015,115.03,"79,168,349"
IWM,08/24/2015,110.54,"83,809,198"
IWM,08/25/2015,109.69,"59,240,249"
IWM,08/26/2015,112.48,"51,605,349"
IWM,08/27/2015,114.49,"49,533,703"
IWM,08/28/2015,115.62,"41,601,408"
IWM,08/31/2015,115.2,"29,250,929"
IWM,09/01/2015,111.9,"45,129,150"
IWM,09/02/2015,113.91,"26,865,761"
IWM,09/03/2015,113.73,"33,334,527"
IWM,09/04/2015,112.87,"31,154,598"
IWM,09/08/2015,115.45,"29,916,293"
IWM,09/09/2015,114.12,"40,963,018"
IWM,09/10/2015,114.64,"29,877,872"
IWM,09/11/2015,115.18,"27,949,443"
IWM,09/14/2015,114.65,"22,365,778"
IWM,09/15/2015,115.94,"26,745,295"
IWM,09/16/2015,116.94,"27,127,827"
IWM,09/17/2015,117.34,"50,405,392"
IWM,09/18/2015,115.72,"42,736,050"
IWM,09/21/2015,115.51,"33,021,745"
IWM,09/22/2015,113.76,"35,786,940"
IWM,09/23/2015,113.42,"25,506,813"
IWM,09/24/2015,113.23,"39,810,257"
IWM,09/25/2015,111.42,"43,750,267"
IWM,09/28/2015,108.3,"56,765,262"
IWM,09/29/2015,107.53,"49,980,722"
IWM,09/30/2015,109.2,"50,834,522"
IWM,10/01/2015,109.01,"44,985,931"
IWM,10/02/2015,110.63,"58,019,232"
IWM,10/05/2015,113.27,"45,220,492"
IWM,10/06/2015,112.49,"34,140,043"
IWM,10/07/2015,114.48,"36,371,014"
IWM,10/08/2015,115.51,"43,072,218"
IWM,10/09/2015,115.74,"26,497,160"
IWM,10/12/2015,115.57,"22,984,026"
IWM,10/13/2015,113.99,"37,445,271"
IWM,10/14/2015,112.87,"39,987,423"
IWM,10/15/2015,115.57,"42,503,375"
IWM,10/16/2015,115.42,"33,685,613"
IWM,10/19/2015,115.64,"24,949,454"
IWM,10/20/2015,115.48,"20,531,392"
IWM,10/21/2015,113.72,"34,060,342"
IWM,10/22/2015,114.72,"36,882,595"
IWM,10/23/2015,115.85,"40,172,530"
IWM,10/26/2015,115.06,"19,783,305"
IWM,10/27/2015,113.8,"38,189,196"
IWM,10/28/2015,117.12,"65,529,933"
IWM,10/29/2015,115.87,"27,251,998"
IWM,10/30/2015,115.34,"28,018,673"
IWM,11/02/2015,117.74,"33,836,894"
IWM,11/03/2015,118.35,"28,626,346"
IWM,11/04/2015,118.29,"25,695,977"
IWM,11/05/2015,118.38,"27,141,341"
IWM,11/06/2015,119.22,"35,141,285"
IWM,11/09/2015,117.82,"32,983,110"
IWM,11/10/2015,118.17,"21,892,226"
IWM,11/11/2015,117.14,"22,037,623"
IWM,11/12/2015,114.9,"39,916,109"
IWM,11/13/2015,114.07,"43,882,996"
IWM,11/16/2015,115.05,"28,979,093"
IWM,11/17/2015,114.61,"34,441,040"
IWM,11/18/2015,116.55,"35,554,327"
IWM,11/19/2015,116.06,"25,512,498"
IWM,11/20/2015,116.81,"31,697,746"
IWM,11/23/2015,117.39,"22,716,394"
IWM,11/24/2015,118.25,"24,994,483"
IWM,11/25/2015,119.17,"20,772,630"
IWM,11/27/2015,119.62,"14,129,309"
IWM,11/30/2015,119.1,"30,165,410"
IWM,12/01/2015,119.89,"27,899,883"
IWM,12/02/2015,118.6,"22,238,250"
IWM,12/03/2015,116.6,"39,485,407"
IWM,12/04/2015,117.78,"32,669,866"
IWM,12/07/2015,116.01,"29,621,390"
IWM,12/08/2015,115.37,"30,945,962"
IWM,12/09/2015,114.08,"41,980,377"
IWM,12/10/2015,114.46,"31,278,835"
IWM,12/11/2015,111.91,"52,609,323"
IWM,12/14/2015,111.11,"53,400,352"
IWM,12/15/2015,112.71,"48,273,941"
IWM,12/16/2015,114.43,"44,560,568"
IWM,12/17/2015,113.21,"41,318,043"
IWM,12/18/2015,111.48,"49,876,639"
IWM,12/21/2015,112.32,"26,479,327"
IWM,12/22/2015,113.35,"28,108,666"
IWM,12/23/2015,114.78,"29,609,692"
IWM,12/24/2015,114.5,"13,370,511"
IWM,12/28/2015,113.97,"22,125,532"
IWM,12/29/2015,115.2,"22,841,477"
IWM,12/30/2015,114.04,"21,273,192"
IWM,12/31/2015,112.62,"39,517,671"
IWM,01/04/2016,110.01,"66,665,883"
IWM,01/05/2016,110.25,"28,253,333"
IWM,01/06/2016,108.57,"35,569,158"
IWM,01/07/2016,105.67,"52,481,988"
IWM,01/08/2016,103.85,"60,299,290"
IWM,01/11/2016,103.4,"47,144,827"
IWM,01/12/2016,103.71,"53,702,941"
IWM,01/13/2016,100.38,"70,591,573"
IWM,01/14/2016,101.77,"69,373,353"
IWM,01/15/2016,100.12,"85,759,237"
IWM,01/19/2016,98.77,"51,391,062"
IWM,01/20/2016,99.18,"94,385,846"
IWM,01/21/2016,98.95,"65,798,203"
IWM,01/22/2016,101.37,"46,056,677"
IWM,01/25/2016,99.115,"35,019,608"
IWM,01/26/2016,101.1,"33,349,614"
IWM,01/27/2016,99.71,"47,973,897"
IWM,01/28/2016,99.69,"41,951,147"
IWM,01/29/2016,102.96,"42,245,331"
IWM,02/01/2016,102.49,"33,615,712"
IWM,02/02/2016,100.28,"39,692,710"
IWM,02/03/2016,100.41,"55,262,501"
IWM,02/04/2016,100.8,"51,188,412"
IWM,02/05/2016,98.04,"53,366,634"
IWM,02/08/2016,96.43,"61,107,710"
IWM,02/09/2016,95.78,"55,857,232"
IWM,02/10/2016,95.83,"42,756,146"
IWM,02/11/2016,94.7892,"57,923,232"
IWM,02/12/2016,96.59,"40,097,274"
IWM,02/16/2016,98.88,"38,882,093"
IWM,02/17/2016,100.43,"40,940,444"
IWM,02/18/2016,99.95,"35,043,592"
IWM,02/19/2016,100.45,"32,424,829"
IWM,02/22/2016,101.57,"28,867,445"
IWM,02/23/2016,100.64,"29,857,092"
IWM,02/24/2016,101.61,"36,909,566"
IWM,02/25/2016,102.54,"22,612,577"
IWM,02/26/2016,103.19,"27,474,747"
IWM,02/29/2016,102.73,"32,014,358"
IWM,03/01/2016,104.94,"36,422,727"
IWM,03/02/2016,106.0208,"24,937,069"
IWM,03/03/2016,107.13,"28,216,300"
IWM,03/04/2016,107.72,"38,180,879"
IWM,03/07/2016,108.8892,"38,739,949"
IWM,03/08/2016,106.26,"46,193,930"
IWM,03/09/2016,106.8,"25,627,172"
IWM,03/10/2016,105.93,"48,532,279"
IWM,03/11/2016,108.2008,"33,625,007"
IWM,03/14/2016,107.92,"24,422,690"
IWM,03/15/2016,106.24,"34,258,389"
IWM,03/16/2016,106.99,"37,952,235"
IWM,03/17/2016,108.63,"41,724,464"
IWM,03/18/2016,109.61,"36,512,573"
IWM,03/21/2016,109.35,"29,903,737"
IWM,03/22/2016,109.22,"23,602,060"
IWM,03/23/2016,106.88,"39,243,307"
IWM,03/24/2016,107.2,"30,924,321"
IWM,03/28/2016,107.33,"21,096,397"
IWM,03/29/2016,110.31,"46,761,082"
IWM,03/30/2016,110.32,"35,683,503"
IWM,03/31/2016,110.63,"28,555,881"
IWM,04/01/2016,111.12,"29,981,404"
IWM,04/04/2016,110.19,"21,529,429"
IWM,04/05/2016,108.94,"32,515,822"
IWM,04/06/2016,110.17,"28,157,751"
IWM,04/07/2016,108.68,"33,298,409"
IWM,04/08/2016,109.11,"26,151,735"
IWM,04/11/2016,108.77,"25,842,078"
IWM,04/12/2016,109.94,"25,058,742"
IWM,04/13/2016,112.31,"40,534,712"
IWM,04/14/2016,112.17,"25,538,576"
IWM,04/15/2016,112.45,"21,176,072"
IWM,04/18/2016,113.3,"19,428,332"
IWM,04/19/2016,113.39,"23,228,123"
IWM,04/20/2016,113.56,"21,422,528"
IWM,04/21/2016,112.99,"20,535,667"
IWM,04/22/2016,114.11,"29,094,547"
IWM,04/25/2016,113.3,"16,369,582"
IWM,04/26/2016,114.41,"30,564,079"
IWM,04/27/2016,114.81,"24,360,273"
IWM,04/28/2016,113.5,"26,126,474"
IWM,04/29/2016,112.48,"33,284,537"
IWM,05/02/2016,113.48,"21,880,990"
IWM,05/03/2016,111.62,"37,929,639"
IWM,05/04/2016,110.7,"30,767,164"
IWM,05/05/2016,110.26,"26,249,158"
IWM,05/06/2016,110.91,"25,497,420"
IWM,05/09/2016,111.23,"23,426,969"
IWM,05/10/2016,112.35,"18,635,261"
IWM,05/11/2016,110.96,"23,604,637"
IWM,05/12/2016,110.3708,"34,802,970"
IWM,05/13/2016,109.64,"24,510,250"
IWM,05/16/2016,111.03,"27,337,046"
IWM,05/17/2016,109.27,"46,676,264"
IWM,05/18/2016,109.84,"35,967,936"
IWM,05/19/2016,108.955,"36,849,284"
IWM,05/20/2016,110.79,"37,404,518"
IWM,05/23/2016,110.66,"23,721,741"
IWM,05/24/2016,112.94,"41,124,267"
IWM,05/25/2016,113.6,"26,486,474"
IWM,05/26/2016,113.47,"15,157,174"
IWM,05/27/2016,114.6,"21,265,095"
IWM,05/31/2016,115,"32,764,366"
IWM,06/01/2016,115.78,"26,806,050"
IWM,06/02/2016,116.67,"23,303,289"
IWM,06/03/2016,115.97,"28,733,150"
IWM,06/06/2016,117.22,"26,946,041"
IWM,06/07/2016,117.56,"21,038,458"
IWM,06/08/2016,118.43,"27,999,930"
IWM,06/09/2016,117.67,"23,440,747"
IWM,06/10/2016,116.07,"32,686,798"
IWM,06/13/2016,114.81,"36,400,315"
IWM,06/14/2016,114.48,"34,267,576"
IWM,06/15/2016,114.56,"24,197,681"
IWM,06/16/2016,114.55,"36,306,581"
IWM,06/17/2016,114.06,"30,096,390"
IWM,06/20/2016,115.3,"28,219,801"
IWM,06/21/2016,115.08,"34,706,778"
IWM,06/22/2016,114.63,"27,226,146"
IWM,06/23/2016,116.82,"30,240,296"
IWM,06/24/2016,112.55,"74,945,393"
IWM,06/27/2016,108.69,"59,524,205"
IWM,06/28/2016,110.37,"42,040,579"
IWM,06/29/2016,112.88,"34,031,605"
IWM,06/30/2016,114.98,"42,973,797"
IWM,07/01/2016,115.39,"24,401,900"
IWM,07/05/2016,113.69,"29,347,243"
IWM,07/06/2016,113.89,"24,678,267"
IWM,07/07/2016,114.13,"20,780,605"
IWM,07/08/2016,116.79,"37,964,832"
IWM,07/11/2016,118.14,"26,987,339"
IWM,07/12/2016,119.72,"44,153,034"
IWM,07/13/2016,119.25,"28,050,156"
IWM,07/14/2016,119.37,"19,345,447"
IWM,07/15/2016,119.7,"23,857,289"
IWM,07/18/2016,119.9,"17,422,363"
IWM,07/19/2016,119.3,"19,734,076"
IWM,07/20/2016,120.08,"22,390,481"
IWM,07/21/2016,119.51,"19,018,735"
IWM,07/22/2016,120.4,"17,796,052"
IWM,07/25/2016,120.22,"13,694,585"
IWM,07/26/2016,120.8,"19,551,145"
IWM,07/27/2016,121.14,"21,064,730"
IWM,07/28/2016,120.83,"16,540,120"
IWM,07/29/2016,121.07,"30,267,873"
IWM,08/01/2016,121.17,"34,771,679"
IWM,08/02/2016,119.48,"28,690,965"
IWM,08/03/2016,120.45,"17,830,311"
IWM,08/04/2016,120.56,"17,526,744"
IWM,08/05/2016,122.3,"28,643,444"
IWM,08/08/2016,122.24,"14,625,743"
IWM,08/09/2016,122.37,"12,487,734"
IWM,08/10/2016,121.4892,"19,138,052"
IWM,08/11/2016,122.07,"21,144,639"
IWM,08/12/2016,122.19,"12,251,154"
IWM,08/15/2016,123.4,"22,047,954"
IWM,08/16/2016,122.4,"20,244,282"
IWM,08/17/2016,122.04,"20,632,642"
IWM,08/18/2016,122.94,"16,244,574"
IWM,08/19/2016,122.94,"17,379,463"
IWM,08/22/2016,123.22,"16,929,728"
IWM,08/23/2016,124.08,"21,539,440"
IWM,08/24/2016,123.07,"21,533,373"
IWM,08/25/2016,123.31,"17,023,195"
IWM,08/26/2016,123.06,"26,734,376"
IWM,08/29/2016,123.7,"14,013,850"
IWM,08/30/2016,123.93,"14,031,348"
IWM,08/31/2016,123.23,"29,236,343"
IWM,09/01/2016,123.32,"22,964,707"
IWM,09/02/2016,124.51,"23,083,322"
IWM,09/06/2016,124.6292,"13,710,992"
IWM,09/07/2016,125.41,"17,830,458"
IWM,09/08/2016,125.16,"16,265,541"
IWM,09/09/2016,121.25,"54,239,022"
IWM,09/12/2016,122.94,"33,408,148"
IWM,09/13/2016,120.58,"47,536,241"
IWM,09/14/2016,120.6,"30,545,517"
IWM,09/15/2016,122.04,"30,052,131"
IWM,09/16/2016,121.86,"31,940,489"
IWM,09/19/2016,122.67,"22,807,008"
IWM,09/20/2016,122.15,"16,877,927"
IWM,09/21/2016,123.92,"30,784,744"
IWM,09/22/2016,125.7,"36,287,691"
IWM,09/23/2016,124.81,"26,117,971"
IWM,09/26/2016,123.23,"20,028,044"
IWM,09/27/2016,123.73,"16,939,478"
IWM,09/28/2016,124.68,"19,426,446"
IWM,09/29/2016,122.86,"26,657,696"
IWM,09/30/2016,124.21,"31,764,459"
IWM,10/03/2016,123.82,"18,674,272"
IWM,10/04/2016,123.21,"26,057,254"
IWM,10/05/2016,123.95,"24,317,330"
IWM,10/06/2016,123.82,"18,937,089"
IWM,10/07/2016,122.83,"28,732,709"
IWM,10/10/2016,124.3,"21,481,669"
IWM,10/11/2016,122.03,"31,931,287"
IWM,10/12/2016,121.93,"20,210,417"
IWM,10/13/2016,120.92,"26,302,531"
IWM,10/14/2016,120.43,"24,554,561"
IWM,10/17/2016,120.29,"17,119,460"
IWM,10/18/2016,120.98,"19,158,923"
IWM,10/19/2016,121.49,"18,477,446"
IWM,10/20/2016,121.13,"20,485,609"
IWM,10/21/2016,121.07,"21,093,688"
IWM,10/24/2016,121.84,"15,421,590"
IWM,10/25/2016,120.93,"16,459,836"
IWM,10/26/2016,119.73,"24,975,308"
IWM,10/27/2016,118.36,"29,525,724"
IWM,10/28/2016,118.03,"35,473,669"
IWM,10/31/2016,118.5,"20,311,801"
IWM,11/01/2016,117.05,"34,147,171"
IWM,11/02/2016,115.56,"29,859,889"
IWM,11/03/2016,115,"22,717,468"
IWM,11/04/2016,115.74,"35,237,242"
IWM,11/07/2016,118.57,"32,370,934"
IWM,11/08/2016,118.88,"26,196,823"
IWM,11/09/2016,122.54,"77,416,809"
IWM,11/10/2016,124.5,"83,440,705"
IWM,11/11/2016,127.36,"95,612,752"
IWM,11/14/2016,129.15,"83,119,421"
IWM,11/15/2016,129.55,"38,704,481"
IWM,11/16/2016,129.54,"42,325,510"
IWM,11/17/2016,130.3,"42,576,893"
IWM,11/18/2016,130.99,"41,380,592"
IWM,11/21/2016,131.6,"32,293,090"
IWM,11/22/2016,132.8,"39,681,546"
IWM,11/23/2016,133.63,"37,939,230"
IWM,11/25/2016,134.07,"13,373,383"
IWM,11/28/2016,132.33,"32,505,736"
IWM,11/29/2016,132.26,"27,993,682"
IWM,11/30/2016,131.61,"32,491,183"
IWM,12/01/2016,130.97,"39,815,930"
IWM,12/02/2016,130.9,"24,054,051"
IWM,12/05/2016,133.15,"27,547,125"
IWM,12/06/2016,134.59,"27,820,030"
IWM,12/07/2016,135.9,"31,825,849"
IWM,12/08/2016,138.04,"49,048,887"
IWM,12/09/2016,138.31,"34,313,467"
IWM,12/12/2016,136.85,"34,592,908"
IWM,12/13/2016,136.86,"32,624,555"
IWM,12/14/2016,135.15,"45,923,656"
IWM,12/15/2016,136.16,"41,352,520"
IWM,12/16/2016,135.91,"39,348,181"
IWM,12/19/2016,136.8,"33,393,867"
IWM,12/20/2016,137.96,"31,753,610"
IWM,12/21/2016,137.06,"23,215,910"
IWM,12/22/2016,135.32,"34,737,851"
IWM,12/23/2016,136.04,"17,081,375"
IWM,12/27/2016,136.65,"13,571,701"
IWM,12/28/2016,135.25,"22,712,422"
IWM,12/29/2016,135.37,"21,312,932"
IWM,12/30/2016,134.85,"28,399,349"
IWM,01/03/2017,135.52,"29,792,446"
IWM,01/04/2017,137.78,"34,499,365"
IWM,01/05/2017,136.19,"30,286,876"
IWM,01/06/2017,135.69,"23,435,995"
IWM,01/09/2017,134.8,"24,077,865"
IWM,01/10/2017,136.09,"21,684,855"
IWM,01/11/2017,136.33,"27,428,753"
IWM,01/12/2017,135.28,"41,844,214"
IWM,01/13/2017,136.26,"27,784,455"
IWM,01/17/2017,134.41,"28,197,779"
IWM,01/18/2017,134.85,"21,289,660"
IWM,01/19/2017,133.75,"34,105,880"
IWM,01/20/2017,134.44,"29,286,081"
IWM,01/23/2017,133.88,"20,537,008"
IWM,01/24/2017,135.93,"34,313,842"
IWM,01/25/2017,137.21,"29,127,322"
IWM,01/26/2017,136.66,"22,255,562"
IWM,01/27/2017,136.19,"19,467,824"
IWM,01/30/2017,134.29,"40,464,369"
IWM,01/31/2017,135.23,"32,944,993"
IWM,02/01/2017,135.15,"30,010,459"
IWM,02/02/2017,134.81,"19,935,725"
IWM,02/03/2017,136.87,"24,534,082"
IWM,02/06/2017,135.84,"23,691,510"
IWM,02/07/2017,135.24,"30,342,153"
IWM,02/08/2017,135,"32,956,872"
IWM,02/09/2017,136.9,"28,267,608"
IWM,02/10/2017,137.94,"27,287,550"
IWM,02/13/2017,138.3,"23,245,053"
IWM,02/14/2017,138.76,"27,144,980"
IWM,02/15/2017,139.59,"20,253,540"
IWM,02/16/2017,139.2,"24,613,563"
IWM,02/17/2017,139.11,"26,703,217"
IWM,02/21/2017,140.2,"21,353,474"
IWM,02/22/2017,139.58,"14,890,829"
IWM,02/23/2017,138.75,"24,596,201"
IWM,02/24/2017,138.65,"24,512,342"
IWM,02/27/2017,140,"28,269,036"
IWM,02/28/2017,137.84,"40,184,131"
IWM,03/01/2017,140.36,"35,719,834"
IWM,03/02/2017,138.75,"25,937,002"
IWM,03/03/2017,138.65,"30,989,760"
IWM,03/06/2017,137.7,"23,892,086"
IWM,03/07/2017,136.8,"29,711,279"
IWM,03/08/2017,135.9,"34,115,126"
IWM,03/09/2017,135.36,"35,223,796"
IWM,03/10/2017,135.96,"39,516,613"
IWM,03/13/2017,136.28,"21,295,021"
IWM,03/14/2017,135.63,"30,037,834"
IWM,03/15/2017,137.73,"31,230,409"
IWM,03/16/2017,137.91,"25,306,607"
IWM,03/17/2017,138.46,"33,324,628"
IWM,03/20/2017,137.7512,"19,091,187"
IWM,03/21/2017,133.97,"61,868,962"
IWM,03/22/2017,134,"46,332,586"
IWM,03/23/2017,134.78,"37,764,648"
IWM,03/24/2017,134.49,"33,514,377"
IWM,03/27/2017,134.74,"35,596,748"
IWM,03/28/2017,135.79,"26,891,866"
IWM,03/29/2017,136.23,"22,119,504"
IWM,03/30/2017,137.26,"25,792,935"
IWM,03/31/2017,137.48,"29,434,275"
IWM,04/03/2017,136.03,"38,834,899"
IWM,04/04/2017,135.87,"25,642,559"
IWM,04/05/2017,134.33,"44,968,767"
IWM,04/06/2017,135.58,"41,012,050"
IWM,04/07/2017,135.52,"24,300,166"
IWM,04/10/2017,135.82,"22,779,946"
IWM,04/11/2017,136.9,"32,589,223"
IWM,04/12/2017,135.04,"25,700,826"
IWM,04/13/2017,133.72,"30,206,992"
IWM,04/17/2017,135.29,"18,278,795"
IWM,04/18/2017,135.32,"24,553,317"
IWM,04/19/2017,135.79,"34,627,635"
IWM,04/20/2017,137.52,"31,934,431"
IWM,04/21/2017,137.21,"29,385,980"
IWM,04/24/2017,138.92,"33,836,931"
IWM,04/25/2017,140.27,"32,751,675"
IWM,04/26/2017,140.99,"41,669,249"
IWM,04/27/2017,140.95,"23,004,326"
IWM,04/28/2017,139.06,"31,113,926"
IWM,05/01/2017,139.86,"20,925,239"
IWM,05/02/2017,139.15,"17,993,929"
IWM,05/03/2017,138.29,"27,050,258"
IWM,05/04/2017,138.1,"25,799,132"
IWM,05/05/2017,138.99,"23,806,535"
IWM,05/08/2017,138.41,"16,680,015"
IWM,05/09/2017,138.35,"23,988,364"
IWM,05/10/2017,139.21,"19,791,524"
IWM,05/11/2017,138.24,"28,617,310"
IWM,05/12/2017,137.51,"24,111,218"
IWM,05/15/2017,138.58,"31,132,243"
IWM,05/16/2017,138.63,"18,520,895"
IWM,05/17/2017,134.89,"50,791,166"
IWM,05/18/2017,135.38,"44,805,143"
IWM,05/19/2017,136.03,"44,450,513"
IWM,05/22/2017,136.95,"20,062,657"
IWM,05/23/2017,137.4,"16,681,423"
IWM,05/24/2017,137.49,"21,500,658"
IWM,05/25/2017,137.58,"22,804,164"
IWM,05/26/2017,137.54,"20,047,267"
IWM,05/30/2017,136.46,"25,544,111"
IWM,05/31/2017,136.32,"34,345,409"
IWM,06/01/2017,138.95,"44,618,558"
IWM,06/02/2017,139.85,"46,680,183"
IWM,06/05/2017,138.98,"20,808,877"
IWM,06/06/2017,138.85,"25,460,884"
IWM,06/07/2017,138.98,"20,542,219"
IWM,06/08/2017,140.88,"33,956,430"
IWM,06/09/2017,141.61,"56,979,378"
IWM,06/12/2017,141.38,"34,665,481"
IWM,06/13/2017,142.1,"22,046,771"
IWM,06/14/2017,141.26,"33,021,942"
IWM,06/15/2017,140.54,"27,376,771"
IWM,06/16/2017,140.19,"35,608,427"
IWM,06/19/2017,141.23,"25,163,275"
IWM,06/20/2017,139.8,"20,111,946"
IWM,06/21/2017,139.45,"23,351,393"
IWM,06/22/2017,139.98,"17,917,206"
IWM,06/23/2017,140.91,"20,772,474"
IWM,06/26/2017,141.08,"22,988,281"
IWM,06/27/2017,139.84,"24,610,096"
IWM,06/28/2017,141.98,"25,085,426"
IWM,06/29/2017,141.14,"38,794,877"
IWM,06/30/2017,140.92,"22,798,521"
IWM,07/03/2017,142.1,"12,968,191"
IWM,07/05/2017,141.59,"21,865,451"
IWM,07/06/2017,139.14,"30,992,598"
IWM,07/07/2017,140.49,"20,511,003"
IWM,07/10/2017,139.88,"17,206,023"
IWM,07/11/2017,140.29,"16,192,892"
IWM,07/12/2017,141.37,"19,358,610"
IWM,07/13/2017,141.49,"16,559,268"
IWM,07/14/2017,141.73,"15,465,287"
IWM,07/17/2017,142.06,"15,374,599"
IWM,07/18/2017,141.69,"16,653,259"
IWM,07/19/2017,143.1,"16,985,452"
IWM,07/20/2017,143.2,"17,047,795"
IWM,07/21/2017,142.55,"21,949,464"
IWM,07/24/2017,142.75,"16,694,031"
IWM,07/25/2017,144.05,"21,066,388"
IWM,07/26/2017,143.25,"13,574,876"
IWM,07/27/2017,142.34,"24,355,819"
IWM,07/28/2017,141.96,"19,933,344"
IWM,07/31/2017,141.51,"16,417,720"
IWM,08/01/2017,141.78,"19,835,907"
IWM,08/02/2017,140.23,"19,934,286"
IWM,08/03/2017,139.53,"19,624,901"
IWM,08/04/2017,140.21,"16,473,509"
IWM,08/07/2017,140.44,"9,176,166"
IWM,08/08/2017,140,"27,248,712"
IWM,08/09/2017,138.79,"26,534,308"
IWM,08/10/2017,136.27,"40,983,533"
IWM,08/11/2017,136.47,"32,779,614"
IWM,08/14/2017,138.54,"21,710,931"
IWM,08/15/2017,137.4,"16,645,977"
IWM,08/16/2017,137.44,"21,858,645"
IWM,08/17/2017,134.93,"32,722,877"
IWM,08/18/2017,134.92,"42,401,868"
IWM,08/21/2017,134.83,"21,504,100"
IWM,08/22/2017,136.29,"25,170,593"
IWM,08/23/2017,136.07,"18,381,856"
IWM,08/24/2017,136.49,"15,726,649"
IWM,08/25/2017,136.88,"17,162,964"
IWM,08/28/2017,137.46,"16,333,269"
IWM,08/29/2017,137.49,"20,277,565"
IWM,08/30/2017,138.37,"15,915,526"
IWM,08/31/2017,139.73,"29,260,570"
IWM,09/01/2017,140.52,"17,412,507"
IWM,09/05/2017,139.17,"21,908,373"
IWM,09/06/2017,139.46,"18,399,672"
IWM,09/07/2017,139.11,"18,159,823"
IWM,09/08/2017,139.22,"21,870,454"
IWM,09/11/2017,140.68,"22,617,670"
IWM,09/12/2017,141.54,"22,679,587"
IWM,09/13/2017,141.96,"25,052,476"
IWM,09/14/2017,141.83,"18,353,801"
IWM,09/15/2017,142.41,"23,184,039"
IWM,09/18/2017,143.38,"24,427,354"
IWM,09/19/2017,143.38,"16,346,316"
IWM,09/20/2017,143.84,"20,244,658"
IWM,09/21/2017,143.69,"17,395,878"
IWM,09/22/2017,144.3,"25,203,026"
IWM,09/25/2017,144.5,"30,012,818"
IWM,09/26/2017,144.61,"28,238,135"
IWM,09/27/2017,147.44,"66,351,679"
IWM,09/28/2017,147.83,"29,291,396"
IWM,09/29/2017,148.18,"21,738,748"
IWM,10/02/2017,150,"29,772,446"
IWM,10/03/2017,150.33,"28,372,757"
IWM,10/04/2017,149.85,"22,024,675"
IWM,10/05/2017,150.26,"22,538,502"
IWM,10/06/2017,150.05,"19,350,771"
IWM,10/09/2017,149.43,"13,981,340"
IWM,10/10/2017,149.86,"21,951,851"
IWM,10/11/2017,149.75,"15,137,112"
IWM,10/12/2017,149.64,"17,185,574"
IWM,10/13/2017,149.37,"15,464,432"
IWM,10/16/2017,149.24,"20,653,103"
IWM,10/17/2017,148.81,"18,046,820"
IWM,10/18/2017,149.52,"20,541,658"
IWM,10/19/2017,149.29,"17,164,885"
IWM,10/20/2017,149.98,"25,224,483"
IWM,10/23/2017,148.86,"14,676,363"
IWM,10/24/2017,149.17,"17,527,726"
IWM,10/25/2017,148.45,"27,235,302"
IWM,10/26/2017,148.76,"15,205,927"
IWM,10/27/2017,149.79,"32,744,061"
IWM,10/30/2017,148.21,"30,524,847"
IWM,10/31/2017,149.26,"22,449,361"
IWM,11/01/2017,148.27,"31,585,535"
IWM,11/02/2017,148.71,"28,176,568"
IWM,11/03/2017,148.61,"22,312,722"
IWM,11/06/2017,148.78,"15,576,775"
IWM,11/07/2017,147,"29,549,299"
IWM,11/08/2017,147.2,"30,682,450"
IWM,11/09/2017,146.68,"40,144,390"
IWM,11/10/2017,146.57,"17,823,700"
IWM,11/13/2017,146.61,"14,679,965"
IWM,11/14/2017,146.21,"19,682,236"
IWM,11/15/2017,145.63,"23,925,205"
IWM,11/16/2017,147.77,"25,888,988"
IWM,11/17/2017,148.45,"25,816,709"
IWM,11/20/2017,149.53,"22,793,043"
IWM,11/21/2017,151.09,"29,392,343"
IWM,11/22/2017,150.89,"14,136,608"
IWM,11/24/2017,150.95,"6,816,264"
IWM,11/27/2017,150.49,"18,416,900"
IWM,11/28/2017,152.86,"35,898,267"
IWM,11/29/2017,153.37,"38,234,167"
IWM,11/30/2017,153.65,"32,230,663"
IWM,12/01/2017,153.02,"62,734,781"
IWM,12/04/2017,152.45,"36,366,775"
IWM,12/05/2017,150.93,"29,667,221"
IWM,12/06/2017,150.22,"21,273,789"
IWM,12/07/2017,151.27,"29,675,223"
IWM,12/08/2017,151.41,"20,832,438"
IWM,12/11/2017,151.35,"26,654,053"
IWM,12/12/2017,150.88,"25,854,822"
IWM,12/13/2017,151.78,"30,082,614"
IWM,12/14/2017,150.1,"32,882,639"
IWM,12/15/2017,152.24,"42,851,606"
IWM,12/18/2017,154.3,"22,714,348"
IWM,12/19/2017,153.08,"24,313,555"
IWM,12/20/2017,153.38,"19,042,817"
IWM,12/21/2017,153.47,"16,772,605"
IWM,12/22/2017,153.19,"13,599,369"
IWM,12/26/2017,153.28,"11,949,550"
IWM,12/27/2017,153.13,"15,949,851"
IWM,12/28/2017,153.73,"10,167,342"
IWM,12/29/2017,152.46,"21,006,483"
IWM,01/02/2018,153.9,"20,489,647"
IWM,01/03/2018,154.06,"21,836,626"
IWM,01/04/2018,154.47,"14,207,053"
IWM,01/05/2018,154.79,"19,883,854"
IWM,01/08/2018,155.03,"18,457,323"
IWM,01/09/2018,154.82,"16,571,253"
IWM,01/10/2018,154.84,"18,516,753"
IWM,01/11/2018,157.5,"26,522,383"
IWM,01/12/2018,158.16,"24,089,801"
IWM,01/16/2018,156.14,"27,704,736"
IWM,01/17/2018,157.62,"18,571,607"
IWM,01/18/2018,156.54,"17,903,632"
IWM,01/19/2018,158.6,"31,040,932"
IWM,01/22/2018,159.45,"12,702,360"
IWM,01/23/2018,159.96,"16,904,622"
IWM,01/24/2018,158.97,"20,340,878"
IWM,01/25/2018,159.03,"20,290,883"
IWM,01/26/2018,159.6,"16,120,307"
IWM,01/29/2018,158.7,"18,293,263"
IWM,01/30/2018,157.18,"24,533,792"
IWM,01/31/2018,156.36,"26,181,042"
IWM,02/01/2018,156.85,"21,412,980"
IWM,02/02/2018,153.83,"33,314,082"
IWM,02/05/2018,147.92,"52,622,248"
IWM,02/06/2018,149.69,"69,232,423"
IWM,02/07/2018,149.84,"37,100,959"
IWM,02/08/2018,145.44,"44,704,507"
IWM,02/09/2018,146.77,"53,315,264"
IWM,02/12/2018,148.16,"36,213,869"
IWM,02/13/2018,148.48,"25,021,222"
IWM,02/14/2018,151.15,"36,286,949"
IWM,02/15/2018,152.8,"23,773,557"
IWM,02/16/2018,153.34,"27,973,884"
IWM,02/20/2018,152.08,"24,046,205"
IWM,02/21/2018,152.24,"26,735,476"
IWM,02/22/2018,152,"16,340,031"
IWM,02/23/2018,153.98,"18,065,157"
IWM,02/26/2018,154.99,"15,267,664"
IWM,02/27/2018,152.76,"18,125,486"
IWM,02/28/2018,150.35,"29,951,777"
IWM,03/01/2018,149.95,"38,943,221"
IWM,03/02/2018,152.35,"31,842,321"
IWM,03/05/2018,153.71,"19,603,692"
IWM,03/06/2018,155.37,"17,303,960"
IWM,03/07/2018,156.74,"22,684,579"
IWM,03/08/2018,156.42,"23,391,297"
IWM,03/09/2018,158.92,"24,927,153"
IWM,03/12/2018,159.2,"15,310,119"
IWM,03/13/2018,158.46,"17,757,217"
IWM,03/14/2018,157.71,"18,097,545"
IWM,03/15/2018,156.92,"14,172,090"
IWM,03/16/2018,157.8,"36,000,320"
IWM,03/19/2018,156.28,"25,663,049"
IWM,03/20/2018,156.24,"11,418,519"
IWM,03/21/2018,157.15,"22,213,473"
IWM,03/22/2018,153.35,"29,774,835"
IWM,03/23/2018,150.05,"35,744,100"
IWM,03/26/2018,153.33,"28,442,432"
IWM,03/27/2018,150.36,"32,820,649"
IWM,03/28/2018,150.31,"26,510,850"
IWM,03/29/2018,151.83,"24,209,149"
IWM,04/02/2018,148.13,"35,040,722"
IWM,04/03/2018,150.25,"29,857,789"
IWM,04/04/2018,152.16,"29,619,678"
IWM,04/05/2018,153.42,"17,301,630"
IWM,04/06/2018,150.36,"25,762,675"
IWM,04/09/2018,150.54,"18,997,049"
IWM,04/10/2018,153.38,"24,728,903"
IWM,04/11/2018,153.71,"14,884,595"
IWM,04/12/2018,154.76,"14,413,182"
IWM,04/13/2018,153.95,"19,813,591"
IWM,04/16/2018,155.37,"18,846,929"
IWM,04/17/2018,157.06,"18,624,191"
IWM,04/18/2018,157.48,"16,974,157"
IWM,04/19/2018,156.39,"16,174,535"
IWM,04/20/2018,155.55,"21,480,629"
IWM,04/23/2018,155.32,"13,268,151"
IWM,04/24/2018,154.43,"24,859,690"
IWM,04/25/2018,154.2,"21,981,372"
IWM,04/26/2018,154.91,"14,862,876"
IWM,04/27/2018,154.69,"17,734,290"
IWM,04/30/2018,153.32,"15,624,584"
IWM,05/01/2018,154.07,"24,977,510"
IWM,05/02/2018,154.65,"16,786,819"
IWM,05/03/2018,153.81,"20,985,937"
IWM,05/04/2018,155.73,"17,927,916"
IWM,05/07/2018,157.05,"16,303,479"
IWM,05/08/2018,157.83,"17,281,248"
IWM,05/09/2018,158.68,"15,758,472"
IWM,05/10/2018,159.53,"15,828,661"
IWM,05/11/2018,159.84,"14,413,632"
IWM,05/14/2018,159.23,"15,028,536"
IWM,05/15/2018,159.26,"17,544,917"
IWM,05/16/2018,160.92,"21,004,449"
IWM,05/17/2018,161.66,"18,639,701"
IWM,05/18/2018,161.87,"17,579,847"
IWM,05/21/2018,162.94,"15,667,339"
IWM,05/22/2018,161.76,"13,212,023"
IWM,05/23/2018,161.97,"14,235,681"
IWM,05/24/2018,162.03,"12,785,045"
IWM,05/25/2018,161.74,"11,150,236"
IWM,05/29/2018,161.52,"20,986,902"
IWM,05/30/2018,164.08,"25,169,013"
IWM,05/31/2018,162.77,"28,573,727"
IWM,06/01/2018,163.84,"21,108,153"
IWM,06/04/2018,164.71,"14,836,035"
IWM,06/05/2018,165.73,"13,283,590"
IWM,06/06/2018,166.93,"16,661,337"
IWM,06/07/2018,166.02,"17,571,873"
IWM,06/08/2018,166.52,"17,569,845"
IWM,06/11/2018,166.77,"15,922,997"
IWM,06/12/2018,167.53,"16,166,725"
IWM,06/13/2018,166.87,"19,853,695"
IWM,06/14/2018,167.76,"19,248,134"
IWM,06/15/2018,167.81,"24,922,582"
IWM,06/18/2018,168.6,"18,616,479"
IWM,06/19/2018,168.61,"24,605,878"
IWM,06/20/2018,169.97,"19,216,897"
IWM,06/21/2018,168.38,"26,946,202"
IWM,06/22/2018,167.82,"34,140,419"
IWM,06/25/2018,165.08,"37,005,119"
IWM,06/26/2018,166.04,"20,481,682"
IWM,06/27/2018,163.38,"27,511,763"
IWM,06/28/2018,163.88,"26,759,106"
IWM,06/29/2018,163.77,"24,146,597"
IWM,07/02/2018,164.9,"24,283,647"
IWM,07/03/2018,164.96,"13,561,340"
IWM,07/05/2018,166.84,"18,640,546"
IWM,07/06/2018,168.25,"19,606,588"
IWM,07/09/2018,169.31,"16,565,172"
IWM,07/10/2018,168.54,"18,790,701"
IWM,07/11/2018,167.11,"23,912,637"
IWM,07/12/2018,167.92,"19,617,573"
IWM,07/13/2018,167.42,"15,409,852"
IWM,07/16/2018,166.77,"15,946,913"
IWM,07/17/2018,167.51,"15,134,723"
IWM,07/18/2018,167.98,"13,780,017"
IWM,07/19/2018,169.17,"18,398,258"
IWM,07/20/2018,168.48,"17,570,893"
IWM,07/23/2018,168.69,"12,335,035"
IWM,07/24/2018,166.89,"25,831,306"
IWM,07/25/2018,167.5,"18,418,151"
IWM,07/26/2018,168.4,"20,944,208"
IWM,07/27/2018,165.26,"28,782,611"
IWM,07/30/2018,164.2,"20,093,717"
IWM,07/31/2018,165.87,"23,567,270"
IWM,08/01/2018,165.76,"17,942,577"
IWM,08/02/2018,166.97,"18,292,169"
IWM,08/03/2018,166.39,"21,735,100"
IWM,08/06/2018,167.32,"16,288,797"
IWM,08/07/2018,167.72,"15,045,699"
IWM,08/08/2018,167.57,"14,792,590"
IWM,08/09/2018,168,"10,437,762"
IWM,08/10/2018,167.53,"20,521,940"
IWM,08/13/2018,166.55,"20,518,282"
IWM,08/14/2018,168.2,"17,683,090"
IWM,08/15/2018,166.09,"27,479,910"
IWM,08/16/2018,167.63,"15,484,737"
IWM,08/17/2018,168.35,"15,106,680"
IWM,08/20/2018,168.82,"12,547,301"
IWM,08/21/2018,170.76,"20,661,194"
IWM,08/22/2018,171.18,"14,329,156"
IWM,08/23/2018,170.66,"12,945,761"
IWM,08/24/2018,171.59,"11,894,458"
IWM,08/27/2018,171.84,"15,880,417"
IWM,08/28/2018,172,"13,170,323"
IWM,08/29/2018,172.5,"13,157,918"
IWM,08/30/2018,172.36,"14,199,577"
IWM,08/31/2018,173.02,"12,240,491"
IWM,09/04/2018,172.25,"17,923,503"
IWM,09/05/2018,171.79,"15,166,068"
IWM,09/06/2018,170.63,"16,647,720"
IWM,09/07/2018,170.54,"17,247,965"
IWM,09/10/2018,170.75,"11,067,142"
IWM,09/11/2018,171.03,"14,078,385"
IWM,09/12/2018,170.62,"21,572,349"
IWM,09/13/2018,170.66,"14,570,480"
IWM,09/14/2018,171.38,"15,734,941"
IWM,09/17/2018,169.56,"20,023,209"
IWM,09/18/2018,170.27,"13,018,027"
IWM,09/19/2018,169.65,"17,593,518"
IWM,09/20/2018,171.22,"16,918,661"
IWM,09/21/2018,170.4,"32,538,964"
IWM,09/24/2018,169.77,"15,786,693"
IWM,09/25/2018,170.03,"13,758,483"
IWM,09/26/2018,168.03,"17,787,202"
IWM,09/27/2018,168.04,"14,471,938"
IWM,09/28/2018,168.55,"22,740,288"
IWM,10/01/2018,166.33,"27,897,458"
IWM,10/02/2018,164.53,"28,440,336"
IWM,10/03/2018,165.97,"26,027,249"
IWM,10/04/2018,163.64,"29,463,003"
IWM,10/05/2018,162.16,"31,240,134"
IWM,10/08/2018,161.82,"21,330,667"
IWM,10/09/2018,161.19,"20,620,373"
IWM,10/10/2018,156.56,"46,921,777"
IWM,10/11/2018,153.57,"68,877,446"
IWM,10/12/2018,153.6,"53,492,577"
IWM,10/15/2018,154.17,"32,747,562"
IWM,10/16/2018,158.64,"35,569,062"
IWM,10/17/2018,157.96,"24,140,149"
IWM,10/18/2018,155,"31,042,710"
IWM,10/19/2018,153.36,"34,214,194"
IWM,10/22/2018,153.03,"28,218,316"
IWM,10/23/2018,151.66,"37,228,114"
IWM,10/24/2018,145.95,"40,412,447"
IWM,10/25/2018,149.11,"32,311,281"
IWM,10/26/2018,147.48,"36,986,059"
IWM,10/29/2018,146.67,"33,031,269"
IWM,10/30/2018,149.73,"29,017,208"
IWM,10/31/2018,150.03,"36,785,372"
IWM,11/01/2018,153.49,"28,496,352"
IWM,11/02/2018,154,"26,671,569"
IWM,11/05/2018,153.88,"16,940,941"
IWM,11/06/2018,154.64,"15,572,913"
IWM,11/07/2018,157.41,"22,127,752"
IWM,11/08/2018,156.99,"14,987,739"
IWM,11/09/2018,154.08,"20,654,377"
IWM,11/12/2018,151.03,"21,886,776"
IWM,11/13/2018,150.55,"18,468,484"
IWM,11/14/2018,149.45,"24,549,050"
IWM,11/15/2018,151.58,"24,481,980"
IWM,11/16/2018,151.94,"29,323,504"
IWM,11/19/2018,148.86,"21,540,887"
IWM,11/20/2018,145.99,"25,906,981"
IWM,11/21/2018,148.03,"17,902,261"
IWM,11/23/2018,147.89,"11,134,825"
IWM,11/26/2018,149.81,"15,346,405"
IWM,11/27/2018,148.57,"14,461,832"
IWM,11/28/2018,152.24,"26,125,946"
IWM,11/29/2018,151.83,"15,134,471"
IWM,11/30/2018,152.62,"20,304,680"
IWM,12/03/2018,154.08,"23,353,435"
IWM,12/04/2018,147.52,"41,077,908"
IWM,12/06/2018,147.2,"37,581,207"
IWM,12/07/2018,144.02,"28,525,063"
IWM,12/10/2018,143.6,"30,776,558"
IWM,12/11/2018,143.45,"29,229,335"
IWM,12/12/2018,144.82,"27,894,826"
IWM,12/13/2018,142.77,"23,205,437"
IWM,12/14/2018,140.61,"24,037,238"
IWM,12/17/2018,137.02,"36,468,455"
IWM,12/18/2018,136.85,"42,277,225"
IWM,12/19/2018,134,"47,676,620"
IWM,12/20/2018,131.79,"57,908,060"
IWM,12/21/2018,128.37,"59,404,809"
IWM,12/24/2018,125.88,"28,575,715"
IWM,12/26/2018,131.93,"40,182,691"
IWM,12/27/2018,132.48,"39,527,882"
IWM,12/28/2018,132.86,"35,994,373"
IWM,12/31/2018,133.9,"29,173,374"
IWM,01/02/2019,134.66,"27,295,132"
IWM,01/03/2019,132.25,"29,294,638"
IWM,01/04/2019,137.19,"35,355,270"
IWM,01/07/2019,139.59,"30,477,884"
IWM,01/08/2019,141.73,"27,320,946"
IWM,01/09/2019,142.9,"25,764,592"
IWM,01/10/2019,143.64,"22,896,774"
IWM,01/11/2019,143.68,"22,428,368"
IWM,01/14/2019,142.25,"29,184,961"
IWM,01/15/2019,143.45,"25,678,933"
IWM,01/16/2019,144.52,"20,827,343"
IWM,01/17/2019,145.83,"19,273,422"
IWM,01/18/2019,147.33,"28,306,742"
IWM,01/22/2019,145,"27,741,105"
IWM,01/23/2019,144.6,"20,621,253"
IWM,01/24/2019,145.47,"16,976,334"
IWM,01/25/2019,147.34,"22,266,882"
IWM,01/28/2019,146.55,"22,784,746"
IWM,01/29/2019,146.2,"12,084,754"
IWM,01/30/2019,147.8,"25,516,861"
IWM,01/31/2019,149.06,"27,252,906"
IWM,02/01/2019,149.18,"17,057,872"
IWM,02/04/2019,150.96,"21,301,684"
IWM,02/05/2019,151.12,"18,295,914"
IWM,02/06/2019,150.93,"13,720,569"
IWM,02/07/2019,149.69,"22,850,753"
IWM,02/08/2019,149.85,"13,462,999"
IWM,02/11/2019,151.1,"16,374,788"
IWM,02/12/2019,152.99,"20,779,904"
IWM,02/13/2019,153.42,"15,534,481"
IWM,02/14/2019,153.77,"18,250,979"
IWM,02/15/2019,156.22,"27,240,206"
IWM,02/19/2019,156.65,"15,856,928"
IWM,02/20/2019,157.39,"18,317,389"
IWM,02/21/2019,156.79,"17,497,048"
IWM,02/22/2019,158.15,"20,411,817"
IWM,02/25/2019,158.19,"17,957,117"
IWM,02/26/2019,157.1,"21,497,347"
IWM,02/27/2019,157.32,"18,194,872"
IWM,02/28/2019,156.78,"18,155,251"
IWM,03/01/2019,158.24,"19,247,143"
IWM,03/04/2019,156.81,"23,301,820"
IWM,03/05/2019,156.08,"16,798,163"
IWM,03/06/2019,153.02,"29,604,624"
IWM,03/07/2019,151.68,"26,822,483"
IWM,03/08/2019,151.64,"20,466,834"
IWM,03/11/2019,154.29,"20,854,536"
IWM,03/12/2019,154.37,"18,966,779"
IWM,03/13/2019,154.98,"24,109,137"
IWM,03/14/2019,154.35,"14,217,484"
IWM,03/15/2019,154.76,"22,025,850"
IWM,03/18/2019,155.75,"24,510,167"
IWM,03/19/2019,154.96,"18,633,096"
IWM,03/20/2019,153.26,"29,463,214"
IWM,03/21/2019,155.27,"31,844,984"
IWM,03/22/2019,149.62,"40,663,039"
IWM,03/25/2019,150.28,"26,454,650"
IWM,03/26/2019,151.86,"21,308,588"
IWM,03/27/2019,151.27,"23,477,054"
IWM,03/28/2019,152.62,"19,473,276"
IWM,03/29/2019,153.09,"28,298,935"
IWM,04/01/2019,154.76,"20,075,224"
IWM,04/02/2019,154.36,"18,253,472"
IWM,04/03/2019,155.16,"19,554,701"
IWM,04/04/2019,155.92,"15,909,543"
IWM,04/05/2019,157.38,"21,378,988"
IWM,04/08/2019,157.12,"14,202,430"
IWM,04/09/2019,155.2,"18,534,152"
IWM,04/10/2019,157.31,"18,938,830"
IWM,04/11/2019,157.11,"12,218,698"
IWM,04/12/2019,157.68,"14,120,287"
IWM,04/15/2019,157.17,"10,964,045"
IWM,04/16/2019,157.54,"16,782,942"
IWM,04/17/2019,156.1,"17,108,477"
IWM,04/18/2019,155.64,"23,276,340"
IWM,04/22/2019,155.23,"15,596,772"
IWM,04/23/2019,157.57,"23,396,092"
IWM,04/24/2019,158.06,"18,053,139"
IWM,04/25/2019,156.75,"19,365,357"
IWM,04/26/2019,158.27,"16,999,448"
IWM,04/29/2019,159.03,"13,698,861"
IWM,04/30/2019,158.29,"24,127,485"
IWM,05/01/2019,156.79,"17,734,287"
IWM,05/02/2019,157.52,"22,715,745"
IWM,05/03/2019,160.53,"20,178,822"
IWM,05/06/2019,160.71,"21,262,070"
IWM,05/07/2019,157.53,"25,434,464"
IWM,05/08/2019,156.76,"16,113,734"
IWM,05/09/2019,156.19,"25,259,925"
IWM,05/10/2019,156.62,"26,544,657"
IWM,05/13/2019,151.63,"26,936,494"
IWM,05/14/2019,153.54,"15,519,159"
IWM,05/15/2019,154.04,"18,410,553"
IWM,05/16/2019,155,"13,772,117"
IWM,05/17/2019,152.84,"21,534,435"
IWM,05/20/2019,151.78,"18,689,812"
IWM,05/21/2019,153.82,"11,659,095"
IWM,05/22/2019,152.53,"13,922,642"
IWM,05/23/2019,149.39,"26,379,401"
IWM,05/24/2019,150.79,"16,093,125"
IWM,05/28/2019,149.59,"14,042,225"
IWM,05/29/2019,148.34,"22,622,297"
IWM,05/30/2019,147.93,"17,739,134"
IWM,05/31/2019,145.86,"25,411,311"
IWM,06/03/2019,146.37,"26,554,491"
IWM,06/04/2019,150.16,"21,217,585"
IWM,06/05/2019,150.19,"18,184,095"
IWM,06/06/2019,149.8,"20,772,463"
IWM,06/07/2019,150.86,"17,107,474"
IWM,06/10/2019,151.75,"18,912,302"
IWM,06/11/2019,151.3,"15,373,037"
IWM,06/12/2019,151.47,"11,957,587"
IWM,06/13/2019,153.07,"14,839,357"
IWM,06/14/2019,151.73,"16,154,767"
IWM,06/17/2019,152.24,"12,509,313"
IWM,06/18/2019,154.01,"22,100,754"
IWM,06/19/2019,154.56,"15,625,008"
IWM,06/20/2019,155.29,"17,595,703"
IWM,06/21/2019,153.95,"19,854,435"
IWM,06/24/2019,152.08,"24,002,606"
IWM,06/25/2019,151.15,"17,462,151"
IWM,06/26/2019,150.8,"15,726,887"
IWM,06/27/2019,153.63,"22,278,430"
IWM,06/28/2019,155.5,"35,089,883"
IWM,07/01/2019,156.1,"23,151,311"
IWM,07/02/2019,155.15,"19,024,616"
IWM,07/03/2019,156.26,"9,115,116"
IWM,07/05/2019,156.68,"14,156,687"
IWM,07/08/2019,155.19,"9,735,719"
IWM,07/09/2019,155.4,"12,381,583"
IWM,07/10/2019,155.67,"17,325,420"
IWM,07/11/2019,154.91,"14,260,840"
IWM,07/12/2019,156.11,"16,678,026"
IWM,07/15/2019,155.29,"12,194,256"
IWM,07/16/2019,155.24,"15,152,686"
IWM,07/17/2019,154.13,"14,155,079"
IWM,07/18/2019,154.71,"15,746,865"
IWM,07/19/2019,153.82,"17,182,646"
IWM,07/22/2019,153.68,"14,481,912"
IWM,07/23/2019,154.7,"15,493,249"
IWM,07/24/2019,157.26,"23,823,122"
IWM,07/25/2019,155.36,"17,902,531"
IWM,07/26/2019,157.2,"14,260,262"
IWM,07/29/2019,156.15,"13,192,152"
IWM,07/30/2019,157.84,"20,743,141"
IWM,07/31/2019,156.56,"40,445,872"
IWM,08/01/2019,154.29,"38,070,177"
IWM,08/02/2019,152.58,"30,148,305"
IWM,08/05/2019,148,"39,221,517"
IWM,08/06/2019,149.36,"24,283,346"
IWM,08/07/2019,149.32,"23,952,105"
IWM,08/08/2019,152.54,"19,415,553"
IWM,08/09/2019,150.62,"19,313,212"
IWM,08/12/2019,148.67,"15,962,966"
IWM,08/13/2019,150.27,"21,952,977"
IWM,08/14/2019,146.07,"28,235,762"
IWM,08/15/2019,145.49,"24,281,975"
IWM,08/16/2019,148.63,"23,945,306"
IWM,08/19/2019,150.13,"17,031,814"
IWM,08/20/2019,149.15,"13,326,668"
IWM,08/21/2019,150.38,"13,794,625"
IWM,08/22/2019,150.03,"12,982,210"
IWM,08/23/2019,145.43,"36,977,684"
IWM,08/26/2019,147.03,"19,188,188"
IWM,08/27/2019,144.85,"24,565,206"
IWM,08/28/2019,146.54,"20,134,648"
IWM,08/29/2019,149.11,"18,795,178"
IWM,08/30/2019,148.84,"18,729,081"
IWM,09/03/2019,146.66,"20,704,417"
IWM,09/04/2019,147.84,"13,121,041"
IWM,09/05/2019,150.59,"25,681,627"
IWM,09/06/2019,149.9,"14,645,857"
IWM,09/09/2019,151.91,"25,780,078"
IWM,09/10/2019,153.85,"29,576,175"
IWM,09/11/2019,157,"42,970,546"
IWM,09/12/2019,157.04,"38,648,321"
IWM,09/13/2019,157.31,"31,042,751"
IWM,09/16/2019,157.9,"23,242,562"
IWM,09/17/2019,157.49,"23,025,019"
IWM,09/18/2019,156.52,"19,845,744"
IWM,09/19/2019,155.76,"21,945,289"
IWM,09/20/2019,155.43,"23,570,007"
IWM,09/23/2019,155.31,"15,461,691"
IWM,09/24/2019,152.43,"28,353,080"
IWM,09/25/2019,154.1,"22,137,081"
IWM,09/26/2019,152.38,"21,122,200"
IWM,09/27/2019,151.16,"20,183,249"
IWM,09/30/2019,151.34,"18,105,216"
IWM,10/01/2019,148.37,"34,571,411"
IWM,10/02/2019,147.25,"25,066,269"
IWM,10/03/2019,147.74,"26,257,819"
IWM,10/04/2019,149.14,"18,821,815"
IWM,10/07/2019,148.88,"16,064,734"
IWM,10/08/2019,146.46,"18,411,888"
IWM,10/09/2019,147.13,"11,050,857"
IWM,10/10/2019,147.72,"16,519,948"
IWM,10/11/2019,150.22,"29,572,307"
IWM,10/14/2019,149.67,"10,965,122"
IWM,10/15/2019,151.39,"18,016,649"
IWM,10/16/2019,151.55,"13,177,575"
IWM,10/17/2019,153.34,"13,459,924"
IWM,10/18/2019,152.61,"14,490,904"
IWM,10/21/2019,154.04,"17,467,259"
IWM,10/22/2019,154.21,"12,679,863"
IWM,10/23/2019,154.4,"8,769,357"
IWM,10/24/2019,154.18,"8,687,064"
IWM,10/25/2019,155,"10,531,482"
IWM,10/28/2019,156.34,"15,392,374"
IWM,10/29/2019,156.85,"11,978,307"
IWM,10/30/2019,156.33,"14,451,505"
IWM,10/31/2019,155.45,"17,344,204"
IWM,11/01/2019,158.1,"18,421,556"
IWM,11/04/2019,158.95,"16,182,047"
IWM,11/05/2019,159.15,"13,760,242"
IWM,11/06/2019,158.23,"16,025,460"
IWM,11/07/2019,158.65,"13,448,926"
IWM,11/08/2019,159.08,"11,985,671"
IWM,11/11/2019,158.78,"10,525,673"
IWM,11/12/2019,158.83,"14,316,891"
IWM,11/13/2019,158.15,"14,697,826"
IWM,11/14/2019,158.1,"13,134,824"
IWM,11/15/2019,158.92,"13,121,681"
IWM,11/18/2019,158.52,"10,780,160"
IWM,11/19/2019,159.11,"15,212,218"
IWM,11/20/2019,158.51,"21,332,219"
IWM,11/21/2019,157.73,"15,388,324"
IWM,11/22/2019,158.22,"13,482,393"
IWM,11/25/2019,161.58,"24,776,400"
IWM,11/26/2019,161.69,"15,516,610"
IWM,11/27/2019,162.83,"13,222,952"
IWM,11/29/2019,161.77,"9,988,199"
IWM,12/02/2019,160.19,"17,242,018"
IWM,12/03/2019,159.68,"14,993,054"
IWM,12/04/2019,160.78,"10,842,080"
IWM,12/05/2019,160.94,"11,488,959"
IWM,12/06/2019,162.82,"16,486,577"
IWM,12/09/2019,162.51,"13,871,128"
IWM,12/10/2019,162.61,"13,878,177"
IWM,12/11/2019,162.56,"19,631,237"
IWM,12/12/2019,163.96,"24,875,102"
IWM,12/13/2019,163.33,"23,339,258"
IWM,12/16/2019,163.88,"20,125,175"
IWM,12/17/2019,164.7,"12,990,059"
IWM,12/18/2019,165.02,"15,459,710"
IWM,12/19/2019,165.73,"11,931,267"
IWM,12/20/2019,165.97,"25,456,092"
IWM,12/23/2019,166.3,"13,378,604"
IWM,12/24/2019,166.68,"4,334,517"
IWM,12/26/2019,166.68,"9,388,339"
IWM,12/27/2019,165.86,"12,264,813"
IWM,12/30/2019,165.44,"14,913,101"
IWM,12/31/2019,165.67,"17,368,500"
IWM,01/02/2020,165.78,"18,298,020"
IWM,01/03/2020,165.13,"19,309,352"
IWM,01/06/2020,165.35,"17,180,137"
IWM,01/07/2020,164.8,"11,951,253"
IWM,01/08/2020,165.31,"13,836,961"
IWM,01/09/2020,165.51,"11,912,371"
IWM,01/10/2020,164.89,"15,364,093"
IWM,01/13/2020,165.96,"17,284,919"
IWM,01/14/2020,166.57,"18,347,624"
IWM,01/15/2020,167.37,"15,437,158"
IWM,01/16/2020,169.53,"19,976,236"
IWM,01/17/2020,169.07,"18,306,378"
IWM,01/21/2020,167.67,"17,935,111"
IWM,01/22/2020,167.56,"14,916,349"
IWM,01/23/2020,167.45,"15,954,270"
IWM,01/24/2020,165.39,"20,491,383"
IWM,01/27/2020,163.51,"18,539,046"
IWM,01/28/2020,164.87,"16,690,367"
IWM,01/29/2020,163.93,"14,968,785"
IWM,01/30/2020,163.93,"21,889,663"
IWM,01/31/2020,160.53,"30,439,036"
IWM,02/03/2020,162.32,"17,403,639"
IWM,02/04/2020,164.77,"15,994,178"
IWM,02/05/2020,167.31,"17,807,017"
IWM,02/06/2020,166.93,"14,768,884"
IWM,02/07/2020,164.88,"18,029,615"
IWM,02/10/2020,165.81,"11,428,805"
IWM,02/11/2020,166.96,"15,005,571"
IWM,02/12/2020,168.11,"12,122,957"
IWM,02/13/2020,168.55,"12,649,272"
IWM,02/14/2020,167.9,"16,006,202"
IWM,02/18/2020,167.54,"13,422,380"
IWM,02/19/2020,168.4,"11,084,637"
IWM,02/20/2020,168.81,"20,383,833"
IWM,02/21/2020,167.1,"18,730,732"
IWM,02/24/2020,162.07,"28,239,504"
IWM,02/25/2020,156.31,"45,046,965"
IWM,02/26/2020,154.5,"39,589,899"
IWM,02/27/2020,149.06,"50,530,279"
IWM,02/28/2020,146.33,"72,757,680"
IWM,03/02/2020,151.03,"33,569,321"
IWM,03/03/2020,147.95,"42,941,276"
IWM,03/04/2020,152.16,"36,195,813"
IWM,03/05/2020,147.32,"32,729,431"
IWM,03/06/2020,144.4,"39,688,307"
IWM,03/09/2020,130.36,"56,319,957"
IWM,03/10/2020,134.43,"54,432,656"
IWM,03/11/2020,125.88,"51,521,245"
IWM,03/12/2020,111.97,"70,114,293"
IWM,03/13/2020,119.47,"57,915,123"
IWM,03/16/2020,103.62,"59,095,694"
IWM,03/17/2020,108.37,"59,344,831"
IWM,03/18/2020,99.97,"62,296,685"
IWM,03/19/2020,103.87,"62,654,661"
IWM,03/20/2020,101.4,"76,203,733"
IWM,03/23/2020,99.9,"63,534,702"
IWM,03/24/2020,109.04,"73,386,687"
IWM,03/25/2020,109.97,"56,043,666"
IWM,03/26/2020,116.81,"51,657,562"
IWM,03/27/2020,112.56,"39,931,488"
IWM,03/30/2020,115.04,"41,552,124"
IWM,03/31/2020,114.46,"52,948,046"
IWM,04/01/2020,106.66,"54,224,225"
IWM,04/02/2020,107.67,"43,774,153"
IWM,04/03/2020,104.62,"42,189,243"
IWM,04/06/2020,112.63,"48,708,106"
IWM,04/07/2020,112.92,"57,546,079"
IWM,04/08/2020,118.07,"52,822,250"
IWM,04/09/2020,123.72,"69,666,429"
IWM,04/13/2020,120.37,"40,198,162"
IWM,04/14/2020,122.81,"35,089,744"
IWM,04/15/2020,117.8,"34,809,851"
IWM,04/16/2020,116.91,"49,501,272"
IWM,04/17/2020,122.06,"46,250,183"
IWM,04/20/2020,120.62,"36,700,541"
IWM,04/21/2020,117.74,"31,608,900"
IWM,04/22/2020,119.17,"24,407,189"
IWM,04/23/2020,120.34,"38,571,211"
IWM,04/24/2020,122.41,"27,155,771"
IWM,04/27/2020,127.26,"39,021,253"
IWM,04/28/2020,129.11,"47,292,710"
IWM,04/29/2020,135.46,"50,390,529"
IWM,04/30/2020,130.31,"43,727,524"
IWM,05/01/2020,125.14,"43,352,036"
IWM,05/04/2020,125.68,"28,498,224"
IWM,05/05/2020,126.65,"31,209,384"
IWM,05/06/2020,125.72,"29,836,758"
IWM,05/07/2020,127.44,"27,492,978"
IWM,05/08/2020,132.36,"32,162,026"
IWM,05/11/2020,131.7,"33,983,188"
IWM,05/12/2020,126.97,"44,275,308"
IWM,05/13/2020,122.72,"58,719,331"
IWM,05/14/2020,123.12,"55,904,273"
IWM,05/15/2020,125.08,"40,236,628"
IWM,05/18/2020,132.68,"47,075,369"
IWM,05/19/2020,130.06,"30,269,953"
IWM,05/20/2020,134,"35,901,345"
IWM,05/21/2020,134.24,"32,716,513"
IWM,05/22/2020,134.89,"24,035,237"
IWM,05/26/2020,138.78,"36,971,004"
IWM,05/27/2020,143.09,"42,681,965"
IWM,05/28/2020,139.7,"42,164,072"
IWM,05/29/2020,138.9,"41,628,788"
IWM,06/01/2020,140.23,"25,664,212"
IWM,06/02/2020,141.39,"24,666,237"
IWM,06/03/2020,144.8,"36,111,708"
IWM,06/04/2020,144.59,"28,904,716"
IWM,06/05/2020,150.18,"53,513,382"
IWM,06/08/2020,153.09,"33,834,297"
IWM,06/09/2020,150.26,"39,645,961"
IWM,06/10/2020,146.18,"51,774,514"
IWM,06/11/2020,135.03,"72,041,452"
IWM,06/12/2020,138.27,"63,864,888"
IWM,06/15/2020,140.99,"57,354,791"
IWM,06/16/2020,144.38,"48,957,023"
IWM,06/17/2020,141.77,"34,811,402"
IWM,06/18/2020,141.72,"26,974,059"
IWM,06/19/2020,140.99,"50,293,840"
IWM,06/22/2020,142.4,"28,983,237"
IWM,06/23/2020,143,"20,344,161"
IWM,06/24/2020,138.36,"42,998,651"
IWM,06/25/2020,140.45,"37,191,198"
IWM,06/26/2020,136.67,"39,100,061"
IWM,06/29/2020,141.14,"33,935,236"
IWM,06/30/2020,143.18,"32,865,850"
IWM,07/01/2020,141.82,"26,457,470"
IWM,07/02/2020,142.4,"24,022,381"
IWM,07/06/2020,143.43,"19,858,176"
IWM,07/07/2020,140.89,"22,661,045"
IWM,07/08/2020,141.94,"27,358,919"
IWM,07/09/2020,139.07,"34,647,849"
IWM,07/10/2020,141.31,"24,008,201"
IWM,07/13/2020,139.52,"34,235,495"
IWM,07/14/2020,141.83,"28,113,961"
IWM,07/15/2020,147.03,"40,770,083"
IWM,07/16/2020,146.16,"30,530,808"
IWM,07/17/2020,146.59,"20,644,131"
IWM,07/20/2020,145.96,"19,663,343"
IWM,07/21/2020,148.03,"24,544,748"
IWM,07/22/2020,148.11,"24,424,808"
IWM,07/23/2020,148.26,"21,704,889"
IWM,07/24/2020,146.08,"20,015,547"
IWM,07/27/2020,147.6,"13,370,650"
IWM,07/28/2020,146.13,"13,268,007"
IWM,07/29/2020,149.35,"19,864,417"
IWM,07/30/2020,148.76,"23,618,913"
IWM,07/31/2020,147.36,"29,936,504"
IWM,08/03/2020,149.76,"20,777,073"
IWM,08/04/2020,150.79,"20,284,998"
IWM,08/05/2020,153.79,"18,526,867"
IWM,08/06/2020,153.73,"18,237,747"
IWM,08/07/2020,156.17,"20,475,155"
IWM,08/10/2020,157.79,"24,000,500"
IWM,08/11/2020,156.88,"30,359,375"
IWM,08/12/2020,157.52,"23,402,789"
IWM,08/13/2020,157.19,"15,799,875"
IWM,08/14/2020,157.09,"13,360,915"
IWM,08/17/2020,157.9,"9,744,151"
IWM,08/18/2020,156.39,"14,647,527"
IWM,08/19/2020,156.4,"14,337,271"
IWM,08/20/2020,155.76,"15,413,013"
IWM,08/21/2020,154.61,"20,685,122"
IWM,08/24/2020,156.23,"13,707,136"
IWM,08/25/2020,156.4,"16,269,657"
IWM,08/26/2020,155.42,"13,772,726"
IWM,08/27/2020,155.8,"17,508,373"
IWM,08/28/2020,157.12,"12,371,402"
IWM,08/31/2020,155.43,"17,051,511"
IWM,09/01/2020,157.21,"15,654,144"
IWM,09/02/2020,158.46,"16,763,449"
IWM,09/03/2020,153.78,"32,117,585"
IWM,09/04/2020,152.8,"30,618,783"
IWM,09/08/2020,149.86,"26,447,776"
IWM,09/09/2020,152.13,"19,254,454"
IWM,09/10/2020,150.15,"23,005,486"
IWM,09/11/2020,149.15,"20,850,987"
IWM,09/14/2020,153.08,"21,991,291"
IWM,09/15/2020,153.37,"16,175,459"
IWM,09/16/2020,154.82,"22,210,881"
IWM,09/17/2020,153.69,"20,002,880"
IWM,09/18/2020,153.29,"38,352,759"
IWM,09/21/2020,147.92,"40,652,521"
IWM,09/22/2020,149.06,"19,385,790"
IWM,09/23/2020,144.07,"33,403,387"
IWM,09/24/2020,144.07,"31,723,749"
IWM,09/25/2020,146.41,"20,689,266"
IWM,09/28/2020,150.02,"17,600,904"
IWM,09/29/2020,149.34,"18,703,037"
IWM,09/30/2020,149.79,"29,073,746"
IWM,10/01/2020,152.18,"25,871,962"
IWM,10/02/2020,152.85,"29,451,992"
IWM,10/05/2020,157.07,"18,553,610"
IWM,10/06/2020,156.62,"36,347,976"
IWM,10/07/2020,160.04,"27,049,660"
IWM,10/08/2020,161.86,"37,278,551"
IWM,10/09/2020,162.7,"25,038,061"
IWM,10/12/2020,163.79,"20,336,191"
IWM,10/13/2020,162.7,"20,106,459"
IWM,10/14/2020,161.09,"19,063,417"
IWM,10/15/2020,162.75,"22,865,137"
IWM,10/16/2020,162.35,"17,643,676"
IWM,10/19/2020,160.41,"18,360,611"
IWM,10/20/2020,160.76,"18,927,696"
IWM,10/21/2020,159.38,"17,504,062"
IWM,10/22/2020,162.13,"20,673,932"
IWM,10/23/2020,163.07,"20,889,837"
IWM,10/26/2020,159.55,"26,509,948"
IWM,10/27/2020,158.18,"20,523,013"
IWM,10/28/2020,153.31,"32,338,738"
IWM,10/29/2020,155.14,"27,203,172"
IWM,10/30/2020,153.09,"31,732,985"
IWM,11/02/2020,155.82,"25,252,096"
IWM,11/03/2020,160.24,"30,257,381"
IWM,11/04/2020,160.42,"45,226,280"
IWM,11/05/2020,164.91,"31,910,985"
IWM,11/06/2020,163.62,"24,930,386"
IWM,11/09/2020,169.55,"55,052,701"
IWM,11/10/2020,172.7,"35,492,159"
IWM,11/11/2020,172.63,"23,972,637"
IWM,11/12/2020,169.98,"34,011,364"
IWM,11/13/2020,173.5,"25,494,206"
IWM,11/16/2020,177.63,"31,812,262"
IWM,11/17/2020,178.46,"26,154,529"
IWM,11/18/2020,175.96,"24,377,836"
IWM,11/19/2020,177.31,"20,187,595"
IWM,11/20/2020,177.5,"24,898,766"
IWM,11/23/2020,180.82,"24,816,040"
IWM,11/24/2020,184.22,"34,945,395"
IWM,11/25/2020,183.59,"21,082,745"
IWM,11/27/2020,184.37,"10,384,405"
IWM,11/30/2020,181.02,"25,481,587"
IWM,12/01/2020,182.7,"30,324,341"
IWM,12/02/2020,182.89,"20,142,804"
IWM,12/03/2020,183.92,"19,603,550"
IWM,12/04/2020,188.2,"24,415,714"
IWM,12/07/2020,188.38,"14,671,510"
IWM,12/08/2020,190.8,"20,165,590"
IWM,12/09/2020,189.41,"29,507,618"
IWM,12/10/2020,191.24,"21,245,294"
IWM,12/11/2020,190.3,"30,864,993"
IWM,12/14/2020,189.93,"32,237,656"
IWM,12/15/2020,194.68,"26,906,346"
IWM,12/16/2020,193.98,"25,484,653"
IWM,12/17/2020,196.29,"23,834,154"
IWM,12/18/2020,195.34,"37,033,375"
IWM,12/21/2020,195.24,"30,872,963"
IWM,12/22/2020,197.46,"22,031,442"
IWM,12/23/2020,199.14,"18,392,049"
IWM,12/24/2020,199.01,"8,904,865"
IWM,12/28/2020,198.27,"27,168,444"
IWM,12/29/2020,194.43,"33,901,256"
IWM,12/30/2020,196.41,"20,595,685"
IWM,12/31/2020,196.06,"24,747,745"
IWM,01/04/2021,193.5,"33,664,242"
IWM,01/05/2021,196.49,"27,442,945"
IWM,01/06/2021,204.53,"52,952,237"
IWM,01/07/2021,208.17,"24,031,395"
IWM,01/08/2021,207.72,"29,016,981"
IWM,01/11/2021,207.54,"21,000,529"
IWM,01/12/2021,211.26,"24,892,230"
IWM,01/13/2021,209.75,"22,782,228"
IWM,01/14/2021,213.94,"33,913,728"
IWM,01/15/2021,210.75,"41,043,473"
IWM,01/19/2021,213.45,"19,744,308"
IWM,01/20/2021,214.39,"25,385,045"
IWM,01/21/2021,212.53,"21,236,918"
IWM,01/22/2021,215,"24,800,215"
IWM,01/25/2021,214.79,"33,984,986"
IWM,01/26/2021,213.3,"23,969,823"
IWM,01/27/2021,209.39,"45,830,266"
IWM,01/28/2021,208.72,"32,202,541"
IWM,01/29/2021,205.56,"40,591,915"
IWM,02/01/2021,210.61,"26,375,099"
IWM,02/02/2021,213.61,"22,773,106"
IWM,02/03/2021,214.25,"23,923,243"
IWM,02/04/2021,218.62,"25,400,832"
IWM,02/05/2021,221.65,"23,338,798"
IWM,02/08/2021,227.31,"20,831,466"
IWM,02/09/2021,228.38,"19,510,942"
IWM,02/10/2021,226.88,"27,955,436"
IWM,02/11/2021,226.62,"25,847,586"
IWM,02/12/2021,227.26,"17,440,191"
IWM,02/16/2021,225.83,"22,999,508"
IWM,02/17/2021,224.06,"25,163,197"
IWM,02/18/2021,220.59,"24,501,509"
IWM,02/19/2021,225.19,"31,238,155"
IWM,02/22/2021,223.73,"23,272,101"
IWM,02/23/2021,221.76,"38,646,784"
IWM,02/24/2021,227,"27,584,915"
IWM,02/25/2021,218.61,"49,961,436"
IWM,02/26/2021,218.31,"47,734,237"
IWM,03/01/2021,226.07,"26,160,993"
IWM,03/02/2021,221.72,"26,895,435"
IWM,03/03/2021,219.32,"33,407,617"
IWM,03/04/2021,213.19,"59,126,462"
IWM,03/05/2021,217.71,"53,204,284"
IWM,03/08/2021,218.74,"40,619,724"
IWM,03/09/2021,223.34,"32,247,276"
IWM,03/10/2021,227.22,"36,812,000"
IWM,03/11/2021,232.22,"25,256,669"
IWM,03/12/2021,233.59,"23,732,175"
IWM,03/15/2021,234.42,"21,543,170"
IWM,03/16/2021,230.5,"24,675,008"
IWM,03/17/2021,232.31,"29,422,584"
IWM,03/18/2021,225.24,"35,726,301"
IWM,03/19/2021,226.94,"40,855,626"
IWM,03/22/2021,225.23,"26,128,435"
IWM,03/23/2021,217.06,"43,660,722"
IWM,03/24/2021,212.04,"47,270,223"
IWM,03/25/2021,216.66,"59,244,571"
IWM,03/26/2021,220.61,"34,452,574"
IWM,03/29/2021,214.4,"38,078,842"
IWM,03/30/2021,218.01,"36,205,448"
IWM,03/31/2021,220.94,"34,800,086"
IWM,04/01/2021,223.74,"29,799,201"
IWM,04/05/2021,224.97,"27,826,550"
IWM,04/06/2021,224.31,"24,907,760"
IWM,04/07/2021,220.69,"26,233,700"
IWM,04/08/2021,222.56,"23,989,440"
IWM,04/09/2021,222.59,"23,267,373"
IWM,04/12/2021,221.72,"20,533,914"
IWM,04/13/2021,221.14,"24,608,360"
IWM,04/14/2021,223.32,"27,361,960"
IWM,04/15/2021,224.29,"20,587,325"
IWM,04/16/2021,224.65,"23,942,972"
IWM,04/19/2021,221.73,"25,285,933"
IWM,04/20/2021,217.19,"35,570,761"
IWM,04/21/2021,222.5,"31,147,779"
IWM,04/22/2021,221.58,"31,943,659"
IWM,04/23/2021,225.76,"28,409,681"
IWM,04/26/2021,228.11,"19,069,177"
IWM,04/27/2021,228.45,"19,648,108"
IWM,04/28/2021,228.84,"16,222,739"
IWM,04/29/2021,227.99,"25,500,342"
IWM,04/30/2021,224.89,"27,005,991"
IWM,05/03/2021,225.99,"18,693,364"
IWM,05/04/2021,223.29,"26,892,736"
IWM,05/05/2021,222.4,"25,140,409"
IWM,05/06/2021,222.59,"27,647,251"
IWM,05/07/2021,225.39,"26,172,680"
IWM,05/10/2021,219.66,"28,109,133"
IWM,05/11/2021,218.96,"39,519,517"
IWM,05/12/2021,211.85,"42,113,404"
IWM,05/13/2021,215.75,"37,739,892"
IWM,05/14/2021,221.02,"25,070,399"
IWM,05/17/2021,221.32,"20,048,545"
IWM,05/18/2021,219.64,"24,564,503"
IWM,05/19/2021,217.95,"31,202,833"
IWM,05/20/2021,219.4,"24,932,752"
IWM,05/21/2021,219.97,"24,213,723"
IWM,05/24/2021,221.4,"18,324,181"
IWM,05/25/2021,219.26,"20,514,901"
IWM,05/26/2021,223.35,"20,388,238"
IWM,05/27/2021,225.65,"21,225,724"
IWM,05/28/2021,225.5,"20,668,438"
IWM,06/01/2021,228.06,"23,081,522"
IWM,06/02/2021,228.33,"18,927,549"
IWM,06/03/2021,226.42,"24,811,508"
IWM,06/04/2021,227.4,"19,395,789"
IWM,06/07/2021,230.45,"24,049,857"
IWM,06/08/2021,232.89,"27,770,308"
IWM,06/09/2021,231.34,"18,700,649"
IWM,06/10/2021,229.28,"29,068,994"
IWM,06/11/2021,231.7,"16,707,152"
IWM,06/14/2021,231.02,"19,182,832"
IWM,06/15/2021,230.36,"17,039,888"
IWM,06/16/2021,229.87,"24,526,975"
IWM,06/17/2021,227.29,"48,292,458"
IWM,06/18/2021,222.13,"54,023,731"
IWM,06/21/2021,226.88,"26,736,350"
IWM,06/22/2021,227.91,"21,188,548"
IWM,06/23/2021,228.66,"22,387,483"
IWM,06/24/2021,231.89,"21,732,461"
IWM,06/25/2021,232.28,"27,619,031"
IWM,06/28/2021,230.44,"25,005,986"
IWM,06/29/2021,229.34,"18,844,314"
IWM,06/30/2021,229.37,"26,039,028"
IWM,07/01/2021,231.39,"18,089,141"
IWM,07/02/2021,229.19,"21,029,729"
IWM,07/06/2021,225.86,"27,771,266"
IWM,07/07/2021,223.76,"28,521,454"
IWM,07/08/2021,221.7,"42,297,883"
IWM,07/09/2021,226.38,"23,976,354"
IWM,07/12/2021,226.57,"16,831,028"
IWM,07/13/2021,222.3,"25,357,534"
IWM,07/14/2021,218.87,"30,594,073"
IWM,07/15/2021,217.63,"45,476,978"
IWM,07/16/2021,214.95,"36,620,206"
IWM,07/19/2021,211.73,"58,570,962"
IWM,07/20/2021,218.3,"40,794,553"
IWM,07/21/2021,222.06,"28,278,730"
IWM,07/22/2021,218.53,"32,878,958"
IWM,07/23/2021,219.55,"23,660,330"
IWM,07/26/2021,220.19,"22,194,195"
IWM,07/27/2021,217.62,"35,063,568"
IWM,07/28/2021,220.82,"33,043,685"
IWM,07/29/2021,222.52,"22,634,837"
IWM,07/30/2021,221.05,"28,473,020"
IWM,08/02/2021,219.95,"24,192,605"
IWM,08/03/2021,220.86,"27,798,643"
IWM,08/04/2021,218.11,"25,588,462"
IWM,08/05/2021,222.03,"23,915,217"
IWM,08/06/2021,223.39,"24,429,215"
IWM,08/09/2021,222.16,"17,225,596"
IWM,08/10/2021,222.6,"22,681,588"
IWM,08/11/2021,223.69,"25,691,282"
IWM,08/12/2021,223.16,"23,305,194"
IWM,08/13/2021,221.13,"20,813,674"
IWM,08/16/2021,219.07,"24,120,034"
IWM,08/17/2021,216.4,"35,161,520"
IWM,08/18/2021,214.51,"29,102,340"
IWM,08/19/2021,211.94,"38,119,879"
IWM,08/20/2021,215.52,"31,759,533"
IWM,08/23/2021,219.62,"25,778,831"
IWM,08/24/2021,221.78,"18,677,896"
IWM,08/25/2021,222.56,"21,548,025"
IWM,08/26/2021,220.2,"22,380,325"
IWM,08/27/2021,226.41,"33,998,457"
IWM,08/30/2021,225.48,"20,733,337"
IWM,08/31/2021,225.92,"20,839,803"
IWM,09/01/2021,227.44,"20,451,506"
IWM,09/02/2021,229.02,"22,849,904"
IWM,09/03/2021,227.96,"18,252,374"
IWM,09/07/2021,226.39,"19,153,387"
IWM,09/08/2021,223.92,"25,241,516"
IWM,09/09/2021,223.81,"27,180,475"
IWM,09/10/2021,221.62,"24,366,127"
IWM,09/13/2021,222.88,"34,693,062"
IWM,09/14/2021,220.04,"30,312,554"
IWM,09/15/2021,222.03,"27,572,014"
IWM,09/16/2021,222.19,"22,369,030"
IWM,09/17/2021,222.48,"39,957,579"
IWM,09/20/2021,217.19,"44,958,534"
IWM,09/21/2021,217.52,"26,711,163"
IWM,09/22/2021,220.9,"32,100,323"
IWM,09/23/2021,224.81,"31,057,849"
IWM,09/24/2021,223.05,"28,866,026"
IWM,09/27/2021,226.44,"29,743,232"
IWM,09/28/2021,221.29,"39,938,155"
IWM,09/29/2021,220.82,"23,628,860"
IWM,09/30/2021,218.75,"33,153,551"
IWM,10/01/2021,222.28,"32,647,021"
IWM,10/04/2021,220.26,"32,580,237"
IWM,10/05/2021,221.02,"20,407,608"
IWM,10/06/2021,219.87,"32,893,268"
IWM,10/07/2021,223.26,"24,289,331"
IWM,10/08/2021,221.58,"17,989,556"
IWM,10/11/2021,220.31,"15,929,780"
IWM,10/12/2021,221.52,"18,800,635"
IWM,10/13/2021,222.57,"19,676,172"
IWM,10/14/2021,225.87,"18,159,962"
IWM,10/15/2021,225.16,"27,555,333"
IWM,10/18/2021,225.03,"19,082,599"
IWM,10/19/2021,225.87,"15,498,358"
IWM,10/20/2021,227.37,"18,130,549"
IWM,10/21/2021,227.95,"17,851,620"
IWM,10/22/2021,227.41,"16,886,970"
IWM,10/25/2021,229.57,"16,387,146"
IWM,10/26/2021,227.84,"25,290,160"
IWM,10/27/2021,223.65,"27,088,453"
IWM,10/28/2021,228.11,"22,890,647"
IWM,10/29/2021,228.05,"20,777,666"
IWM,11/01/2021,233.96,"35,500,822"
IWM,11/02/2021,234.45,"24,949,704"
IWM,11/03/2021,238.64,"47,648,496"
IWM,11/04/2021,238.55,"26,514,023"
IWM,11/05/2021,241.81,"42,041,677"
IWM,11/08/2021,242.56,"31,324,548"
IWM,11/09/2021,241.15,"29,895,916"
IWM,11/10/2021,237.35,"32,471,632"
IWM,11/11/2021,239.26,"17,987,496"
IWM,11/12/2021,239.5,"20,526,719"
IWM,11/15/2021,238.55,"27,390,040"
IWM,11/16/2021,238.99,"21,925,179"
IWM,11/17/2021,235.86,"26,527,765"
IWM,11/18/2021,234.86,"30,637,302"
IWM,11/19/2021,232.72,"33,994,017"
IWM,11/22/2021,231.73,"31,042,087"
IWM,11/23/2021,231.33,"33,843,831"
IWM,11/24/2021,231.58,"24,099,292"
IWM,11/26/2021,222.85,"62,595,374"
IWM,11/29/2021,222.71,"45,982,414"
IWM,11/30/2021,218.17,"64,908,363"
IWM,12/01/2021,213.26,"69,305,403"
IWM,12/02/2021,219.21,"64,315,720"
IWM,12/03/2021,214.71,"64,425,236"
IWM,12/06/2021,219.02,"43,878,330"
IWM,12/07/2021,224.1,"44,679,195"
IWM,12/08/2021,225.63,"36,546,381"
IWM,12/09/2021,220.52,"34,830,252"
IWM,12/10/2021,219.91,"32,924,568"
IWM,12/13/2021,216.04,"33,478,398"
IWM,12/14/2021,214.18,"36,543,485"
IWM,12/15/2021,217.58,"51,261,021"
IWM,12/16/2021,213.18,"52,743,794"
IWM,12/17/2021,215.14,"63,114,782"
IWM,12/20/2021,212.12,"49,993,003"
IWM,12/21/2021,218.18,"38,545,265"
IWM,12/22/2021,220.28,"32,442,011"
IWM,12/23/2021,222.04,"22,125,391"
IWM,12/27/2021,224.12,"24,196,655"
IWM,12/28/2021,222.75,"23,120,267"
IWM,12/29/2021,222.99,"19,444,392"
IWM,12/30/2021,222.93,"23,607,696"
IWM,12/31/2021,222.45,"23,997,427"
IWM,01/03/2022,225.32,"30,618,792"
IWM,01/04/2022,224.98,"22,013,134"
IWM,01/05/2022,217.36,"40,582,077"
IWM,01/06/2022,218.6,"39,105,870"
IWM,01/07/2022,216.07,"31,583,886"
IWM,01/10/2022,215.32,"45,778,073"
IWM,01/11/2022,217.61,"35,209,892"
IWM,01/12/2022,215.99,"35,284,512"
IWM,01/13/2022,214.01,"34,489,556"
IWM,01/14/2022,214.31,"42,020,871"
IWM,01/18/2022,207.83,"49,512,155"
IWM,01/19/2022,204.45,"46,209,065"
IWM,01/20/2022,200.75,"50,465,974"
IWM,01/21/2022,196.99,"85,821,001"
IWM,01/24/2022,201.53,"85,903,216"
IWM,01/25/2022,198.84,"61,088,549"
IWM,01/26/2022,195.97,"71,471,745"
IWM,01/27/2022,191.52,"59,829,045"
IWM,01/28/2022,195.25,"65,869,951"
IWM,01/31/2022,201.24,"53,393,759"
IWM,02/01/2022,203.36,"43,429,351"
IWM,02/02/2022,201.34,"42,777,817"
IWM,02/03/2022,197.53,"39,629,365"
IWM,02/04/2022,198.38,"34,291,072"
IWM,02/07/2022,199.36,"33,242,576"
IWM,02/08/2022,202.76,"28,341,923"
IWM,02/09/2022,206.61,"27,329,310"
IWM,02/10/2022,203.44,"44,788,095"
IWM,02/11/2022,201.38,"41,516,553"
IWM,02/14/2022,200.68,"32,262,664"
IWM,02/15/2022,206.06,"25,883,738"
IWM,02/16/2022,206.49,"30,104,755"
IWM,02/17/2022,201.2,"27,140,233"
IWM,02/18/2022,199.47,"36,255,429"
IWM,02/22/2022,196.66,"31,847,129"
IWM,02/23/2022,192.98,"31,491,521"
IWM,02/24/2022,198.04,"52,221,072"
IWM,02/25/2022,202.5,"33,656,151"
IWM,02/28/2022,203.32,"34,975,853"
IWM,03/01/2022,199.49,"40,638,906"
IWM,03/02/2022,204.24,"29,978,551"
IWM,03/03/2022,201.82,"30,142,659"
IWM,03/04/2022,198.66,"31,657,741"
IWM,03/07/2022,193.72,"39,279,830"
IWM,03/08/2022,194.79,"45,715,788"
IWM,03/09/2022,200.28,"29,048,016"
IWM,03/10/2022,199.92,"25,660,992"
IWM,03/11/2022,196.73,"24,990,029"
IWM,03/14/2022,192.71,"34,969,461"
IWM,03/15/2022,195.78,"25,464,343"
IWM,03/16/2022,201.94,"31,869,726"
IWM,03/17/2022,205.11,"25,783,098"
IWM,03/18/2022,207.27,"37,092,178"
IWM,03/21/2022,205.44,"26,747,523"
IWM,03/22/2022,207.5,"24,699,895"
IWM,03/23/2022,203.9,"19,774,978"
IWM,03/24/2022,205.84,"19,781,210"
IWM,03/25/2022,206.12,"19,430,366"
IWM,03/28/2022,206.19,"18,999,130"
IWM,03/29/2022,211.71,"29,550,571"
IWM,03/30/2022,207.46,"26,251,502"
IWM,03/31/2022,205.27,"26,771,581"
IWM,04/01/2022,207.57,"25,948,508"
IWM,04/04/2022,207.91,"20,333,898"
IWM,04/05/2022,202.99,"26,509,793"
IWM,04/06/2022,200.11,"34,903,891"
IWM,04/07/2022,199.46,"29,291,244"
IWM,04/08/2022,197.87,"25,249,579"
IWM,04/11/2022,196.54,"33,702,313"
IWM,04/12/2022,197.16,"33,699,784"
IWM,04/13/2022,200.91,"22,303,590"
IWM,04/14/2022,198.96,"27,106,953"
IWM,04/18/2022,197.62,"22,246,351"
IWM,04/19/2022,201.56,"22,786,685"
IWM,04/20/2022,202.33,"20,516,175"
IWM,04/21/2022,197.8,"31,547,675"
IWM,04/22/2022,192.68,"35,686,941"
IWM,04/25/2022,193.85,"35,556,526"
IWM,04/26/2022,187.74,"40,513,592"
IWM,04/27/2022,186.96,"37,807,971"
IWM,04/28/2022,190.45,"37,405,185"
IWM,04/29/2022,184.95,"41,193,373"
IWM,05/02/2022,186.89,"38,002,089"
IWM,05/03/2022,188.49,"30,246,266"
IWM,05/04/2022,193.52,"38,834,742"
IWM,05/05/2022,185.67,"41,468,705"
IWM,05/06/2022,182.58,"45,457,873"
IWM,05/09/2022,174.9,"53,682,210"
IWM,05/10/2022,174.95,"53,650,814"
IWM,05/11/2022,170.6,"64,377,822"
IWM,05/12/2022,172.6,"52,967,378"
IWM,05/13/2022,178.07,"36,517,011"
IWM,05/16/2022,177.22,"28,225,461"
IWM,05/17/2022,182.64,"31,833,733"
IWM,05/18/2022,176.24,"36,093,763"
IWM,05/19/2022,176.53,"33,627,736"
IWM,05/20/2022,176.08,"42,243,686"
IWM,05/23/2022,178.21,"24,644,132"
IWM,05/24/2022,175.57,"26,861,782"
IWM,05/25/2022,178.73,"27,950,056"
IWM,05/26/2022,182.72,"25,702,704"
IWM,05/27/2022,187.64,"24,952,062"
IWM,05/31/2022,185.31,"29,794,499"
IWM,06/01/2022,184.26,"28,352,136"
IWM,06/02/2022,188.76,"24,875,960"
IWM,06/03/2022,187.06,"18,972,140"
IWM,06/06/2022,187.87,"24,678,747"
IWM,06/07/2022,190.9,"21,661,588"
IWM,06/08/2022,187.95,"21,521,727"
IWM,06/09/2022,183.57,"21,697,229"
IWM,06/10/2022,178.59,"37,153,558"
IWM,06/13/2022,170.2,"39,712,710"
IWM,06/14/2022,169.38,"30,282,434"
IWM,06/15/2022,171.86,"32,150,529"
IWM,06/16/2022,163.9,"43,810,559"
IWM,06/17/2022,165.18,"40,327,271"
IWM,06/21/2022,168.14,"34,665,447"
IWM,06/22/2022,167.82,"29,303,486"
IWM,06/23/2022,169.83,"27,089,785"
IWM,06/24/2022,175.09,"37,138,454"
IWM,06/27/2022,175.74,"24,745,414"
IWM,06/28/2022,172.44,"25,958,302"
IWM,06/29/2022,170.69,"21,292,488"
IWM,06/30/2022,169.36,"31,466,339"
IWM,07/01/2022,171.41,"24,598,625"
IWM,07/05/2022,172.83,"25,151,145"
IWM,07/06/2022,171.55,"25,697,551"
IWM,07/07/2022,175.61,"24,822,531"
IWM,07/08/2022,175.59,"20,546,955"
IWM,07/11/2022,172.06,"22,031,451"
IWM,07/12/2022,171.47,"23,864,192"
IWM,07/13/2022,171.32,"25,535,614"
IWM,07/14/2022,169.56,"25,102,172"
IWM,07/15/2022,173.09,"34,935,913"
IWM,07/18/2022,172.6,"23,031,546"
IWM,07/19/2022,178.69,"24,234,559"
IWM,07/20/2022,181.49,"26,049,312"
IWM,07/21/2022,182.42,"21,709,855"
IWM,07/22/2022,179.51,"25,116,096"
IWM,07/25/2022,180.44,"19,267,156"
IWM,07/26/2022,179.33,"19,391,214"
IWM,07/27/2022,183.41,"21,670,690"
IWM,07/28/2022,185.93,"22,838,529"
IWM,07/29/2022,187.25,"21,760,641"
IWM,08/01/2022,187.18,"23,905,554"
IWM,08/02/2022,187,"17,492,574"
IWM,08/03/2022,189.75,"19,157,749"
IWM,08/04/2022,189.35,"14,838,914"
IWM,08/05/2022,190.8,"18,540,323"
IWM,08/08/2022,192.82,"22,234,911"
IWM,08/09/2022,190.19,"18,247,296"
IWM,08/10/2022,195.62,"20,796,377"
IWM,08/11/2022,196.35,"23,727,554"
IWM,08/12/2022,200.36,"21,726,589"
IWM,08/15/2022,201.07,"17,414,800"
IWM,08/16/2022,200.99,"18,833,104"
IWM,08/17/2022,197.61,"22,427,990"
IWM,08/18/2022,198.92,"18,368,053"
IWM,08/19/2022,194.65,"27,416,393"
IWM,08/22/2022,190.64,"22,937,015"
IWM,08/23/2022,190.95,"20,069,836"
IWM,08/24/2022,192.41,"16,038,273"
IWM,08/25/2022,195.4,"14,794,953"
IWM,08/26/2022,188.98,"24,177,218"
IWM,08/29/2022,187.24,"19,753,269"
IWM,08/30/2022,184.62,"22,548,933"
IWM,08/31/2022,183.5,"22,412,480"
IWM,09/01/2022,181.5,"30,706,643"
IWM,09/02/2022,180.09,"27,468,200"
IWM,09/06/2022,178.31,"23,837,119"
IWM,09/07/2022,182.19,"24,781,164"
IWM,09/08/2022,183.71,"25,273,214"
IWM,09/09/2022,187.4,"23,208,770"
IWM,09/12/2022,189.67,"23,134,571"
IWM,09/13/2022,182.25,"34,144,710"
IWM,09/14/2022,182.96,"25,278,337"
IWM,09/15/2022,181.63,"25,378,692"
IWM,09/16/2022,178.99,"41,155,873"
IWM,09/19/2022,180.52,"25,412,217"
IWM,09/20/2022,178.06,"22,247,528"
IWM,09/21/2022,175.34,"29,357,100"
IWM,09/22/2022,171.39,"33,468,593"
IWM,09/23/2022,167.31,"40,336,929"
IWM,09/26/2022,164.17,"30,597,799"
IWM,09/27/2022,164.73,"42,406,580"
IWM,09/28/2022,169.94,"35,186,541"
IWM,09/29/2022,166.13,"31,464,022"
IWM,09/30/2022,164.92,"40,643,777"
IWM,10/03/2022,169.29,"33,611,555"
IWM,10/04/2022,176,"37,537,299"
IWM,10/05/2022,174.7,"25,281,358"
IWM,10/06/2022,173.72,"22,635,934"
IWM,10/07/2022,168.61,"26,536,118"
IWM,10/10/2022,167.67,"23,386,430"
IWM,10/11/2022,167.72,"28,009,126"
IWM,10/12/2022,167.26,"26,796,655"
IWM,10/13/2022,171.4,"45,376,514"
IWM,10/14/2022,166.81,"29,608,626"
IWM,10/17/2022,172.13,"28,199,212"
IWM,10/18/2022,174.17,"34,523,149"
IWM,10/19/2022,171.21,"27,146,943"
IWM,10/20/2022,169.03,"26,710,706"
IWM,10/21/2022,172.7,"45,402,703"
IWM,10/24/2022,173.44,"27,284,472"
IWM,10/25/2022,178.17,"33,105,746"
IWM,10/26/2022,179.05,"37,084,746"
IWM,10/27/2022,179.09,"28,651,848"
IWM,10/28/2022,183.16,"33,221,621"
IWM,10/31/2022,183.33,"25,699,385"
IWM,11/01/2022,183.58,"27,446,653"
IWM,11/02/2022,177.49,"38,139,591"
IWM,11/03/2022,176.3,"29,093,224"
IWM,11/04/2022,178.68,"25,842,371"
IWM,11/07/2022,179.49,"20,689,937"
IWM,11/08/2022,179.56,"20,265,188"
IWM,11/09/2022,174.63,"27,276,977"
IWM,11/10/2022,185.38,"38,572,799"
IWM,11/11/2022,186.9,"28,765,362"
IWM,11/14/2022,184.81,"26,499,630"
IWM,11/15/2022,187.55,"26,128,760"
IWM,11/16/2022,184.25,"24,802,010"
IWM,11/17/2022,182.54,"20,835,670"
IWM,11/18/2022,183.72,"27,269,071"
IWM,11/21/2022,182.76,"19,038,942"
IWM,11/22/2022,184.71,"16,869,715"
IWM,11/23/2022,185.19,"19,758,783"
IWM,11/25/2022,185.58,"13,393,405"
IWM,11/28/2022,181.84,"17,490,373"
IWM,11/29/2022,182.37,"14,020,553"
IWM,11/30/2022,187.37,"28,030,141"
IWM,12/01/2022,186.96,"21,996,369"
IWM,12/02/2022,188.05,"22,574,779"
IWM,12/05/2022,182.87,"25,449,292"
IWM,12/06/2022,180.07,"18,502,134"
IWM,12/07/2022,179.54,"17,177,784"
IWM,12/08/2022,180.84,"20,971,437"
IWM,12/09/2022,178.62,"22,046,494"
IWM,12/12/2022,180.72,"22,765,420"
IWM,12/13/2022,181.38,"38,445,310"
IWM,12/14/2022,180.19,"32,406,860"
IWM,12/15/2022,175.68,"33,546,710"
IWM,12/16/2022,174.37,"38,502,417"
IWM,12/19/2022,172.01,"25,614,032"
IWM,12/20/2022,172.92,"18,050,794"
IWM,12/21/2022,175.9,"22,997,201"
IWM,12/22/2022,173.6,"21,297,569"
IWM,12/23/2022,174.39,"11,647,741"
IWM,12/27/2022,173.22,"13,553,781"
IWM,12/28/2022,170.53,"19,648,022"
IWM,12/29/2022,174.85,"22,311,308"
IWM,12/30/2022,174.36,"21,275,583"
IWM,01/03/2023,173.4,"22,503,836"
IWM,01/04/2023,175.56,"22,973,497"
IWM,01/05/2023,173.68,"17,032,620"
IWM,01/06/2023,177.58,"21,986,906"
IWM,01/09/2023,177.88,"18,366,452"
IWM,01/10/2023,180.51,"18,751,117"
IWM,01/11/2023,182.76,"18,222,696"
IWM,01/12/2023,185.83,"29,650,762"
IWM,01/13/2023,187.05,"22,119,985"
IWM,01/17/2023,186.82,"22,422,562"
IWM,01/18/2023,183.8,"23,507,760"
IWM,01/19/2023,182.04,"24,624,454"
IWM,01/20/2023,185.04,"36,070,250"
IWM,01/23/2023,187.33,"20,329,901"
IWM,01/24/2023,186.93,"19,263,452"
IWM,01/25/2023,187.45,"18,174,577"
IWM,01/26/2023,188.56,"18,369,120"
IWM,01/27/2023,189.58,"20,019,850"
IWM,01/30/2023,186.94,"18,395,072"
IWM,01/31/2023,191.48,"21,567,866"
IWM,02/01/2023,194.49,"27,007,326"
IWM,02/02/2023,198.32,"31,020,427"
IWM,02/03/2023,196.99,"24,981,474"
IWM,02/06/2023,194.14,"18,160,086"
IWM,02/07/2023,195.58,"27,074,054"
IWM,02/08/2023,192.72,"17,933,496"
IWM,02/09/2023,189.93,"20,516,649"
IWM,02/10/2023,190.31,"15,248,731"
IWM,02/13/2023,192.6,"15,754,366"
IWM,02/14/2023,192.51,"21,889,612"
IWM,02/15/2023,194.46,"18,782,880"
IWM,02/16/2023,192.6,"21,366,255"
IWM,02/17/2023,193.13,"23,892,199"
IWM,02/21/2023,187.43,"26,004,028"
IWM,02/22/2023,187.94,"24,651,715"
IWM,02/23/2023,189.28,"21,311,725"
IWM,02/24/2023,187.51,"24,280,697"
IWM,02/27/2023,188.17,"17,562,854"
IWM,02/28/2023,188.18,"19,542,637"
IWM,03/01/2023,188.42,"22,532,791"
IWM,03/02/2023,188.87,"18,134,836"
IWM,03/03/2023,191.5,"22,774,335"
IWM,03/06/2023,188.7,"23,266,746"
IWM,03/07/2023,186.51,"25,865,711"
IWM,03/08/2023,186.6,"22,505,855"
IWM,03/09/2023,181.41,"33,546,890"
IWM,03/10/2023,176.18,"69,274,206"
IWM,03/13/2023,173.31,"74,171,456"
IWM,03/14/2023,176.52,"48,946,152"
IWM,03/15/2023,173.61,"54,405,755"
IWM,03/16/2023,175.98,"52,888,335"
IWM,03/17/2023,171.23,"70,239,907"
IWM,03/20/2023,173.45,"46,103,182"
IWM,03/21/2023,176.65,"34,465,882"
IWM,03/22/2023,171.64,"56,098,235"
IWM,03/23/2023,170.25,"47,720,850"
IWM,03/24/2023,171.79,"47,538,469"
IWM,03/27/2023,173.7,"33,880,623"
IWM,03/28/2023,173.45,"28,555,089"
IWM,03/29/2023,175.42,"25,564,793"
IWM,03/30/2023,175.18,"26,728,564"
IWM,03/31/2023,178.4,"39,602,850"
IWM,04/03/2023,178.48,"27,608,982"
IWM,04/04/2023,175.35,"33,487,181"
IWM,04/05/2023,173.63,"28,243,090"
IWM,04/06/2023,173.89,"26,366,279"
IWM,04/10/2023,175.75,"22,237,792"
IWM,04/11/2023,177.14,"21,876,241"
IWM,04/12/2023,175.84,"27,018,113"
IWM,04/13/2023,178.17,"23,259,875"
IWM,04/14/2023,176.51,"29,600,374"
IWM,04/17/2023,178.78,"22,177,347"
IWM,04/18/2023,178.02,"22,692,960"
IWM,04/19/2023,178.25,"19,306,758"
IWM,04/20/2023,177.33,"20,336,276"
IWM,04/21/2023,177.56,"25,972,820"
IWM,04/24/2023,177.44,"17,781,006"
IWM,04/25/2023,173.06,"28,857,915"
IWM,04/26/2023,171.39,"30,309,779"
IWM,04/27/2023,173.68,"33,424,124"
IWM,04/28/2023,175.2,"31,911,856"
IWM,05/01/2023,175.3,"27,420,136"
IWM,05/02/2023,171.7,"40,851,051"
IWM,05/03/2023,172.33,"43,261,392"
IWM,05/04/2023,170.4,"42,382,097"
IWM,05/05/2023,174.45,"35,456,844"
IWM,05/08/2023,174.05,"22,109,887"
IWM,05/09/2023,173.53,"21,465,513"
IWM,05/10/2023,174.41,"27,281,899"
IWM,05/11/2023,173.07,"25,884,562"
IWM,05/12/2023,172.72,"20,406,402"
IWM,05/15/2023,174.83,"24,310,016"
IWM,05/16/2023,172.28,"24,212,865"
IWM,05/17/2023,176.12,"38,231,617"
IWM,05/18/2023,177.19,"30,446,567"
IWM,05/19/2023,176.11,"34,316,254"
IWM,05/22/2023,178.26,"28,207,225"
IWM,05/23/2023,177.42,"32,708,906"
IWM,05/24/2023,175.54,"28,744,169"
IWM,05/25/2023,174.17,"36,202,620"
IWM,05/26/2023,176.15,"29,841,301"
IWM,05/30/2023,175.5,"25,572,553"
IWM,05/31/2023,173.77,"34,598,813"
IWM,06/01/2023,175.65,"27,800,883"
IWM,06/02/2023,182.02,"50,212,414"
IWM,06/05/2023,179.58,"40,025,070"
IWM,06/06/2023,184.31,"58,584,472"
IWM,06/07/2023,187.24,"60,685,567"
IWM,06/08/2023,186.54,"34,184,997"
IWM,06/09/2023,185.03,"30,242,195"
IWM,06/12/2023,185.8,"26,615,219"
IWM,06/13/2023,187.93,"35,758,221"
IWM,06/14/2023,185.91,"37,114,094"
IWM,06/15/2023,187.44,"36,488,407"
IWM,06/16/2023,185.94,"50,684,496"
IWM,06/20/2023,185.13,"33,269,305"
IWM,06/21/2023,184.7,"30,730,223"
IWM,06/22/2023,183.33,"27,063,734"
IWM,06/23/2023,180.57,"50,610,105"
IWM,06/26/2023,180.75,"31,507,869"
IWM,06/27/2023,183.36,"28,818,761"
IWM,06/28/2023,184.26,"23,187,607"
IWM,06/29/2023,186.38,"32,084,099"
IWM,06/30/2023,187.27,"30,287,342"
IWM,07/03/2023,187.65,"14,011,920"
IWM,07/05/2023,185.78,"24,092,136"
IWM,07/06/2023,182.78,"39,080,780"
IWM,07/07/2023,184.71,"31,706,666"
IWM,07/10/2023,187.87,"29,272,697"
IWM,07/11/2023,189.8,"26,738,826"
IWM,07/12/2023,191.87,"40,127,301"
IWM,07/13/2023,193.42,"23,523,018"
IWM,07/14/2023,191.53,"32,198,600"
IWM,07/17/2023,193.58,"23,283,694"
IWM,07/18/2023,195.97,"28,551,475"
IWM,07/19/2023,196.8,"23,678,951"
IWM,07/20/2023,195.08,"27,278,057"
IWM,07/21/2023,194.46,"28,982,427"
IWM,07/24/2023,194.94,"16,929,832"
IWM,07/25/2023,194.92,"18,961,103"
IWM,07/26/2023,196.46,"20,377,886"
IWM,07/27/2023,193.92,"31,159,256"
IWM,07/28/2023,196.43,"21,612,218"
IWM,07/31/2023,198.71,"24,203,904"
IWM,08/01/2023,197.8,"27,552,004"
IWM,08/02/2023,195.11,"28,079,650"
IWM,08/03/2023,194.56,"24,323,073"
IWM,08/04/2023,194.17,"24,950,431"
IWM,08/07/2023,194.3,"20,184,966"
IWM,08/08/2023,193.08,"25,578,164"
IWM,08/09/2023,191.57,"22,293,207"
IWM,08/10/2023,190.72,"29,378,811"
IWM,08/11/2023,190.99,"21,428,592"
IWM,08/14/2023,190.66,"20,354,927"
IWM,08/15/2023,188.14,"25,491,278"
IWM,08/16/2023,185.84,"27,018,358"
IWM,08/17/2023,183.65,"26,715,093"
IWM,08/18/2023,184.65,"33,375,218"
IWM,08/21/2023,184.38,"22,678,096"
IWM,08/22/2023,183.83,"21,335,815"
IWM,08/23/2023,185.79,"21,231,072"
IWM,08/24/2023,183.22,"26,582,347"
IWM,08/25/2023,184,"29,340,436"
IWM,08/28/2023,185.64,"23,002,015"
IWM,08/29/2023,188.23,"22,986,016"
IWM,08/30/2023,188.94,"19,869,943"
IWM,08/31/2023,188.61,"17,953,390"
IWM,09/01/2023,190.85,"25,094,635"
IWM,09/05/2023,186.83,"27,160,094"
IWM,09/06/2023,186.13,"26,406,222"
IWM,09/07/2023,184.33,"23,894,847"
IWM,09/08/2023,183.92,"19,413,292"
IWM,09/11/2023,184.36,"17,424,653"
IWM,09/12/2023,184.18,"16,826,275"
IWM,09/13/2023,182.97,"24,415,720"
IWM,09/14/2023,185.55,"27,952,534"
IWM,09/15/2023,183.61,"39,695,476"
IWM,09/18/2023,182.39,"19,287,847"
IWM,09/19/2023,181.68,"24,085,942"
IWM,09/20/2023,179.86,"27,642,932"
IWM,09/21/2023,177.07,"31,625,616"
IWM,09/22/2023,176.67,"23,171,082"
IWM,09/25/2023,177.46,"22,416,152"
IWM,09/26/2023,174.36,"30,476,035"
IWM,09/27/2023,175.99,"37,292,970"
IWM,09/28/2023,177.58,"31,372,443"
IWM,09/29/2023,176.74,"36,689,028"
IWM,10/02/2023,174.07,"42,139,312"
IWM,10/03/2023,171.14,"42,733,588"
IWM,10/04/2023,171.22,"42,491,887"
IWM,10/05/2023,171.35,"33,273,468"
IWM,10/06/2023,173,"42,160,893"
IWM,10/09/2023,174,"26,658,367"
IWM,10/10/2023,175.97,"31,584,990"
IWM,10/11/2023,175.67,"27,427,204"
IWM,10/12/2023,171.7,"38,693,778"
IWM,10/13/2023,170.27,"33,969,129"
IWM,10/16/2023,173.02,"31,140,293"
IWM,10/17/2023,174.95,"39,823,233"
IWM,10/18/2023,171.35,"38,501,422"
IWM,10/19/2023,168.62,"51,397,290"
IWM,10/20/2023,166.44,"54,421,906"
IWM,10/23/2023,165.03,"45,590,887"
IWM,10/24/2023,166.47,"32,666,322"
IWM,10/25/2023,163.72,"36,832,920"
IWM,10/26/2023,164.14,"50,525,608"
IWM,10/27/2023,162.21,"46,017,094"
IWM,10/30/2023,163.11,"35,156,336"
IWM,10/31/2023,164.52,"31,533,187"
IWM,11/01/2023,165.46,"44,367,077"
IWM,11/02/2023,169.87,"50,458,069"
IWM,11/03/2023,174.49,"57,060,666"
IWM,11/06/2023,172.31,"35,294,391"
IWM,11/07/2023,171.7,"31,168,942"
IWM,11/08/2023,169.87,"44,938,574"
IWM,11/09/2023,167.24,"38,577,406"
IWM,11/10/2023,169.11,"36,148,732"
IWM,11/13/2023,169.17,"27,610,279"
IWM,11/14/2023,178.46,"77,610,974"
IWM,11/15/2023,178.77,"59,641,363"
IWM,11/16/2023,175.88,"46,616,698"
IWM,11/17/2023,178.29,"43,436,769"
IWM,11/20/2023,179.33,"26,698,066"
IWM,11/21/2023,177.02,"30,457,019"
IWM,11/22/2023,178.13,"28,980,363"
IWM,11/24/2023,179.33,"13,846,889"
IWM,11/27/2023,178.73,"30,665,810"
IWM,11/28/2023,178.04,"28,350,213"
IWM,11/29/2023,178.98,"31,590,200"
IWM,11/30/2023,179.66,"32,216,751"
IWM,12/01/2023,184.91,"64,221,297"
IWM,12/04/2023,186.89,"44,862,600"
IWM,12/05/2023,184.39,"36,873,498"
IWM,12/06/2023,184.06,"43,637,859"
IWM,12/07/2023,185.39,"32,662,340"
IWM,12/08/2023,186.8,"36,087,140"
IWM,12/11/2023,187.19,"29,302,064"
IWM,12/12/2023,187,"32,023,999"
IWM,12/13/2023,193.33,"69,484,819"
IWM,12/14/2023,198.71,"83,649,334"
IWM,12/15/2023,197.04,"74,160,699"
IWM,12/18/2023,197.11,"44,451,112"
IWM,12/19/2023,200.93,"52,156,182"
IWM,12/20/2023,196.28,"62,360,257"
IWM,12/21/2023,199.62,"38,613,394"
IWM,12/22/2023,201.48,"39,173,804"
IWM,12/26/2023,204.1,"26,878,989"
IWM,12/27/2023,204.82,"35,806,364"
IWM,12/28/2023,204.04,"28,930,088"
IWM,12/29/2023,200.71,"41,496,797"
IWM,01/02/2024,199.52,"44,341,503"
IWM,01/03/2024,194.2,"57,532,502"
IWM,01/04/2024,193.82,"43,114,160"
IWM,01/05/2024,193.25,"40,964,947"
IWM,01/08/2024,196.73,"31,545,399"
IWM,01/09/2024,194.97,"28,998,688"
IWM,01/10/2024,195.08,"35,075,172"
IWM,01/11/2024,193.55,"48,939,231"
IWM,01/12/2024,193.23,"42,992,071"
IWM,01/16/2024,190.84,"42,213,043"
IWM,01/17/2024,189.48,"37,787,657"
IWM,01/18/2024,190.6,"41,759,974"
IWM,01/19/2024,192.43,"63,338,329"
IWM,01/22/2024,196.54,"42,379,489"
IWM,01/23/2024,195.97,"42,471,201"
IWM,01/24/2024,194.36,"41,120,105"
IWM,01/25/2024,195.97,"37,659,517"
IWM,01/26/2024,195.98,"33,478,623"
IWM,01/29/2024,199.41,"29,234,415"
IWM,01/30/2024,197.71,"33,121,240"
IWM,01/31/2024,192.88,"68,126,713"
IWM,02/01/2024,195.44,"59,478,995"
IWM,02/02/2024,194.41,"52,839,295"
IWM,02/05/2024,191.94,"39,751,861"
IWM,02/06/2024,193.67,"34,689,117"
IWM,02/07/2024,193.22,"31,713,859"
IWM,02/08/2024,196.15,"35,370,837"
IWM,02/09/2024,199.34,"46,107,060"
IWM,02/12/2024,202.96,"43,290,992"
IWM,02/13/2024,194.61,"86,247,438"
IWM,02/14/2024,199.13,"43,808,014"
IWM,02/15/2024,204.44,"44,931,920"
IWM,02/16/2024,201.66,"48,346,202"
IWM,02/20/2024,198.88,"30,547,481"
IWM,02/21/2024,197.94,"28,821,470"
IWM,02/22/2024,199.44,"38,184,703"
IWM,02/23/2024,199.89,"37,667,681"
IWM,02/26/2024,201.15,"29,118,221"
IWM,02/27/2024,204,"32,268,572"
IWM,02/28/2024,202.32,"30,143,882"
IWM,02/29/2024,203.73,"40,404,127"
IWM,03/01/2024,205.89,"35,156,920"
IWM,03/04/2024,205.7,"24,785,373"
IWM,03/05/2024,203.73,"34,163,528"
IWM,03/06/2024,205.25,"34,255,162"
IWM,03/07/2024,206.96,"28,020,194"
IWM,03/08/2024,206.83,"41,447,785"
IWM,03/11/2024,205.19,"24,435,839"
IWM,03/12/2024,204.91,"34,958,885"
IWM,03/13/2024,205.71,"25,140,710"
IWM,03/14/2024,202.03,"47,509,149"
IWM,03/15/2024,202.41,"53,216,967"
IWM,03/18/2024,201.25,"32,405,063"
IWM,03/19/2024,202.1,"29,864,063"
IWM,03/20/2024,206.1,"49,609,589"
IWM,03/21/2024,207.94,"43,067,330"
IWM,03/22/2024,205.07,"28,437,342"
IWM,03/25/2024,205.54,"20,107,818"
IWM,03/26/2024,205.17,"23,434,848"
IWM,03/27/2024,209.64,"35,028,416"
IWM,03/28/2024,210.3,"37,675,146"
IWM,04/01/2024,208.32,"25,684,202"
IWM,04/02/2024,204.49,"36,632,148"
IWM,04/03/2024,205.83,"27,362,771"
IWM,04/04/2024,203.77,"32,265,240"
IWM,04/05/2024,204.45,"27,569,379"
IWM,04/08/2024,205.57,"21,330,997"
IWM,04/09/2024,206.38,"23,330,852"
IWM,04/10/2024,200.93,"57,130,471"
IWM,04/11/2024,202.29,"37,184,020"
IWM,04/12/2024,198.69,"35,388,674"
IWM,04/15/2024,195.78,"41,119,297"
IWM,04/16/2024,195.06,"43,267,541"
IWM,04/17/2024,193,"38,589,529"
IWM,04/18/2024,192.84,"40,238,247"
IWM,04/19/2024,193.14,"42,666,521"
IWM,04/22/2024,195.3,"31,553,034"
IWM,04/23/2024,198.57,"31,838,301"
IWM,04/24/2024,197.68,"28,791,711"
IWM,04/25/2024,196.48,"31,915,561"
IWM,04/26/2024,198.36,"24,613,603"
IWM,04/29/2024,199.96,"20,494,587"
IWM,04/30/2024,195.9,"30,606,785"
IWM,05/01/2024,196.31,"38,782,082"
IWM,05/02/2024,199.92,"27,200,975"
IWM,05/03/2024,201.9,"30,880,550"
IWM,05/06/2024,204.51,"23,129,835"
IWM,05/07/2024,204.97,"20,116,900"
IWM,05/08/2024,203.78,"18,349,403"
IWM,05/09/2024,205.86,"22,914,286"
IWM,05/10/2024,204.31,"21,520,198"
IWM,05/13/2024,204.74,"18,585,253"
IWM,05/14/2024,206.86,"33,169,005"
IWM,05/15/2024,209.44,"33,412,261"
IWM,05/16/2024,207.93,"26,731,093"
IWM,05/17/2024,208.08,"35,219,779"
IWM,05/20/2024,208.54,"15,695,904"
IWM,05/21/2024,208.34,"13,466,831"
IWM,05/22/2024,206.58,"20,853,064"
IWM,05/23/2024,203.19,"34,039,800"
IWM,05/24/2024,205.44,"19,946,111"
IWM,05/28/2024,205.16,"18,475,884"
IWM,05/29/2024,202.13,"25,654,778"
IWM,05/30/2024,204.05,"20,537,499"
IWM,05/31/2024,205.77,"25,784,884"
IWM,06/03/2024,204.61,"23,902,863"
IWM,06/04/2024,201.97,"27,098,879"
IWM,06/05/2024,205.06,"20,707,600"
IWM,06/06/2024,203.59,"17,335,520"
IWM,06/07/2024,201.2,"26,036,032"
IWM,06/10/2024,201.89,"25,115,566"
IWM,06/11/2024,200.64,"23,768,351"
IWM,06/12/2024,203.72,"43,668,731"
IWM,06/13/2024,201.94,"28,021,108"
IWM,06/14/2024,198.73,"33,453,696"
IWM,06/17/2024,200.4,"25,538,077"
IWM,06/18/2024,200.75,"25,446,932"
IWM,06/20/2024,199.9,"27,999,724"
IWM,06/21/2024,200.35,"37,570,252"
IWM,06/24/2024,201.22,"22,289,621"
IWM,06/25/2024,200.56,"16,150,627"
IWM,06/26/2024,200.03,"19,313,461"
IWM,06/27/2024,202.06,"17,432,582"
IWM,06/28/2024,202.89,"35,025,979"
IWM,07/01/2024,201.19,"21,886,193"
IWM,07/02/2024,201.88,"17,219,144"
IWM,07/03/2024,201.83,"15,167,240"
IWM,07/05/2024,200.87,"17,282,455"
IWM,07/08/2024,202.28,"20,823,750"
IWM,07/09/2024,201.4,"17,919,120"
IWM,07/10/2024,203.37,"19,286,055"
IWM,07/11/2024,210.68,"65,443,645"
IWM,07/12/2024,213.14,"50,810,671"
IWM,07/15/2024,217.19,"48,925,277"
IWM,07/16/2024,224.6,"67,945,665"
IWM,07/17/2024,222.25,"66,092,050"
IWM,07/18/2024,217.95,"53,179,977"
IWM,07/19/2024,216.84,"37,933,460"
IWM,07/22/2024,220.29,"36,185,946"
IWM,07/23/2024,222.63,"44,884,649"
IWM,07/24/2024,217.85,"42,442,980"
IWM,07/25/2024,220.57,"45,053,078"
IWM,07/26/2024,224.22,"40,822,646"
IWM,07/29/2024,221.73,"33,869,689"
IWM,07/30/2024,222.57,"26,876,753"
IWM,07/31/2024,223.86,"52,387,681"
IWM,08/01/2024,216.58,"71,508,116"
IWM,08/02/2024,208.92,"66,850,204"
IWM,08/05/2024,202.2,"65,683,110"
IWM,08/06/2024,204.4,"37,072,537"
IWM,08/07/2024,201.98,"30,594,520"
IWM,08/08/2024,206.89,"26,550,311"
IWM,08/09/2024,206.46,"20,954,486"
IWM,08/12/2024,204.6,"20,357,893"
IWM,08/13/2024,207.97,"25,458,310"
IWM,08/14/2024,206.68,"25,345,557"
IWM,08/15/2024,212.04,"42,561,582"
IWM,08/16/2024,212.6,"30,427,401"
IWM,08/19/2024,215.2,"17,246,236"
IWM,08/20/2024,212.69,"21,703,874"
IWM,08/21/2024,215.46,"19,623,053"
IWM,08/22/2024,213.56,"18,084,250"
IWM,08/23/2024,220.38,"40,003,081"
IWM,08/26/2024,220.45,"24,865,547"
IWM,08/27/2024,218.74,"19,577,861"
IWM,08/28/2024,217.26,"19,685,018"
IWM,08/29/2024,218.81,"24,599,500"
IWM,08/30/2024,220.08,"23,010,461"
IWM,09/03/2024,213.35,"31,338,459"
IWM,09/04/2024,212.99,"23,706,257"
IWM,09/05/2024,211.93,"23,910,476"
IWM,09/06/2024,207.9,"34,561,311"
IWM,09/09/2024,208.48,"23,584,104"
IWM,09/10/2024,208.31,"23,025,689"
IWM,09/11/2024,208.92,"27,175,635"
IWM,09/12/2024,211.61,"27,658,533"
IWM,09/13/2024,216.83,"37,388,104"
IWM,09/16/2024,217.61,"23,289,005"
IWM,09/17/2024,219.41,"35,563,482"
IWM,09/18/2024,219.45,"54,085,216"
IWM,09/19/2024,223.97,"35,369,504"
IWM,09/20/2024,221.57,"34,587,474"
IWM,09/23/2024,220.76,"20,157,692"
IWM,09/24/2024,221.13,"20,939,810"
IWM,09/25/2024,217.69,"23,242,337"
IWM,09/26/2024,218.85,"24,974,650"
IWM,09/27/2024,220.33,"23,959,597"
IWM,09/30/2024,220.89,"21,952,206"
IWM,10/01/2024,217.89,"30,015,969"
IWM,10/02/2024,217.59,"14,455,444"
IWM,10/03/2024,216.13,"21,353,021"
IWM,10/04/2024,219.15,"27,914,834"
IWM,10/07/2024,217.43,"14,891,795"
IWM,10/08/2024,217.58,"18,118,575"
IWM,10/09/2024,218.06,"18,230,673"
IWM,10/10/2024,216.85,"24,571,442"
IWM,10/11/2024,221.26,"19,950,923"
IWM,10/14/2024,222.89,"19,263,303"
IWM,10/15/2024,223.07,"25,998,753"
IWM,10/16/2024,226.74,"27,656,695"
IWM,10/17/2024,226.12,"18,003,629"
IWM,10/18/2024,225.65,"20,047,352"
IWM,10/21/2024,222.1,"24,243,818"
IWM,10/22/2024,221.26,"15,813,923"
IWM,10/23/2024,219.24,"23,263,488"
IWM,10/24/2024,219.72,"18,381,921"
IWM,10/25/2024,218.89,"23,807,849"
IWM,10/28/2024,222.46,"19,877,718"
IWM,10/29/2024,221.74,"20,282,204"
IWM,10/30/2024,221.44,"19,754,849"
IWM,10/31/2024,217.76,"24,078,432"
IWM,11/01/2024,218.98,"21,222,177"
IWM,11/04/2024,220.09,"20,463,671"
IWM,11/05/2024,224.23,"26,404,596"
IWM,11/06/2024,237.22,"75,554,567"
IWM,11/07/2024,236.38,"34,970,273"
IWM,11/08/2024,238.12,"26,597,830"
IWM,11/11/2024,241.7,"29,207,686"
IWM,11/12/2024,237.46,"35,314,348"
IWM,11/13/2024,235.11,"25,947,674"
IWM,11/14/2024,231.94,"29,272,066"
IWM,11/15/2024,228.48,"37,930,047"
IWM,11/18/2024,228.93,"29,398,814"
IWM,11/19/2024,230.63,"26,009,367"
IWM,11/20/2024,230.93,"24,222,668"
IWM,11/21/2024,234.44,"28,679,385"
IWM,11/22/2024,238.77,"22,693,129"
IWM,11/25/2024,242.4,"33,533,998"
IWM,11/26/2024,240.62,"22,581,359"
IWM,11/27/2024,240.95,"19,472,811"
IWM,11/29/2024,241.87,"16,782,715"
IWM,12/02/2024,241.75,"25,274,751"
IWM,12/03/2024,240.03,"21,376,746"
IWM,12/04/2024,240.89,"19,903,043"
IWM,12/05/2024,238.08,"20,227,006"
IWM,12/06/2024,238.93,"20,760,908"
IWM,12/09/2024,237.73,"16,684,336"
IWM,12/10/2024,236.7,"19,946,465"
IWM,12/11/2024,237.77,"23,156,933"
IWM,12/12/2024,234.68,"21,454,510"
IWM,12/13/2024,233.07,"23,972,916"
IWM,12/16/2024,234.44,"32,293,518"
IWM,12/17/2024,231.07,"33,064,333"
IWM,12/18/2024,220.84,"52,267,523"
IWM,12/19/2024,219.86,"51,871,702"
IWM,12/20/2024,221.92,"53,882,241"
IWM,12/23/2024,221.41,"29,606,797"
IWM,12/24/2024,223.39,"13,399,595"
IWM,12/26/2024,225.68,"20,085,707"
IWM,12/27/2024,222.39,"26,956,047"
IWM,12/30/2024,220.68,"25,706,127"
IWM,12/31/2024,220.96,"26,208,298"
AGG,01/03/2011,105.63,"739,658"
AGG,01/04/2011,105.66,"625,447"
AGG,01/05/2011,105.15,"864,151"
AGG,01/06/2011,105.17,"2,032,597"
AGG,01/07/2011,105.51,"968,598"
AGG,01/10/2011,105.79,"565,984"
AGG,01/11/2011,105.58,"620,781"
AGG,01/12/2011,105.57,"562,378"
AGG,01/13/2011,105.95,"943,490"
AGG,01/14/2011,105.73,"751,891"
AGG,01/18/2011,105.66,"445,133"
AGG,01/19/2011,105.68,"912,017"
AGG,01/20/2011,105.28,"846,288"
AGG,01/21/2011,105.61,"578,187"
AGG,01/24/2011,105.55,"535,224"
AGG,01/25/2011,105.88,"483,335"
AGG,01/26/2011,105.53,"568,326"
AGG,01/27/2011,105.71,"598,432"
AGG,01/28/2011,105.86,"783,024"
AGG,01/31/2011,105.66,"1,691,445"
AGG,02/01/2011,105.12,"700,406"
AGG,02/02/2011,105,"512,945"
AGG,02/03/2011,104.61,"912,289"
AGG,02/04/2011,104.26,"1,116,592"
AGG,02/07/2011,104.3,"604,611"
AGG,02/08/2011,104,"740,954"
AGG,02/09/2011,104.19,"518,095"
AGG,02/10/2011,103.89,"520,722"
AGG,02/11/2011,104.3,"797,169"
AGG,02/14/2011,104.35,"1,024,864"
AGG,02/15/2011,104.48,"513,464"
AGG,02/16/2011,104.48,"474,754"
AGG,02/17/2011,104.73,"606,236"
AGG,02/18/2011,104.69,"694,345"
AGG,02/22/2011,105.07,"1,033,375"
AGG,02/23/2011,105.15,"706,969"
AGG,02/24/2011,105.17,"1,135,250"
AGG,02/25/2011,105.45,"541,936"
AGG,02/28/2011,105.65,"558,180"
AGG,03/01/2011,105.28,"735,679"
AGG,03/02/2011,105.11,"506,196"
AGG,03/03/2011,104.74,"618,676"
AGG,03/04/2011,105.02,"761,622"
AGG,03/07/2011,105.07,"621,106"
AGG,03/08/2011,104.99,"527,195"
AGG,03/09/2011,105.24,"590,587"
AGG,03/10/2011,105.61,"467,888"
AGG,03/11/2011,105.63,"473,753"
AGG,03/14/2011,105.69,"415,888"
AGG,03/15/2011,105.73,"672,519"
AGG,03/16/2011,106.03,"1,012,149"
AGG,03/17/2011,105.96,"584,751"
AGG,03/18/2011,105.92,"382,823"
AGG,03/21/2011,105.67,"460,827"
AGG,03/22/2011,105.68,"604,754"
AGG,03/23/2011,105.63,"472,213"
AGG,03/24/2011,105.34,"1,569,945"
AGG,03/25/2011,105.25,"811,195"
AGG,03/28/2011,105.2,"1,443,521"
AGG,03/29/2011,105.07,"538,077"
AGG,03/30/2011,105.25,"791,484"
AGG,03/31/2011,105.13,"1,014,363"
AGG,04/01/2011,104.96,"983,686"
AGG,04/04/2011,105.13,"517,413"
AGG,04/05/2011,104.91,"801,877"
AGG,04/06/2011,104.6,"980,375"
AGG,04/07/2011,104.76,"681,671"
AGG,04/08/2011,104.56,"392,850"
AGG,04/11/2011,104.66,"386,938"
AGG,04/12/2011,105.06,"562,948"
AGG,04/13/2011,105.17,"531,455"
AGG,04/14/2011,105.07,"654,221"
AGG,04/15/2011,105.45,"391,048"
AGG,04/18/2011,105.63,"720,370"
AGG,04/19/2011,105.84,"470,754"
AGG,04/20/2011,105.69,"388,775"
AGG,04/21/2011,105.76,"447,719"
AGG,04/25/2011,105.82,"541,603"
AGG,04/26/2011,106.21,"569,697"
AGG,04/27/2011,106.12,"473,252"
AGG,04/28/2011,106.37,"573,094"
AGG,04/29/2011,106.46,"499,153"
AGG,05/02/2011,106.2,"613,497"
AGG,05/03/2011,106.23,"486,196"
AGG,05/04/2011,106.43,"659,162"
AGG,05/05/2011,106.67,"800,630"
AGG,05/06/2011,106.66,"1,021,031"
AGG,05/09/2011,106.78,"502,188"
AGG,05/10/2011,106.59,"536,060"
AGG,05/11/2011,106.78,"538,895"
AGG,05/12/2011,106.62,"767,073"
AGG,05/13/2011,106.79,"312,830"
AGG,05/16/2011,107.02,"678,014"
AGG,05/17/2011,107.14,"683,442"
AGG,05/18/2011,106.97,"618,581"
AGG,05/19/2011,106.89,"632,778"
AGG,05/20/2011,106.99,"938,483"
AGG,05/23/2011,107.08,"804,028"
AGG,05/24/2011,107.12,"579,340"
AGG,05/25/2011,107.1,"543,390"
AGG,05/26/2011,107.33,"862,205"
AGG,05/27/2011,107.43,"509,661"
AGG,05/31/2011,107.46,"1,047,256"
AGG,06/01/2011,107.61,"1,139,469"
AGG,06/02/2011,107.18,"666,597"
AGG,06/03/2011,107.32,"522,224"
AGG,06/06/2011,107.34,"1,477,328"
AGG,06/07/2011,107.56,"1,737,676"
AGG,06/08/2011,107.65,"1,085,170"
AGG,06/09/2011,107.49,"646,468"
AGG,06/10/2011,107.48,"1,160,457"
AGG,06/13/2011,107.34,"955,940"
AGG,06/14/2011,107.05,"1,198,944"
AGG,06/15/2011,107.32,"1,395,610"
AGG,06/16/2011,107.39,"1,211,870"
AGG,06/17/2011,107.4899,"871,234"
AGG,06/20/2011,107.35,"731,878"
AGG,06/21/2011,107.45,"803,548"
AGG,06/22/2011,107.38,"897,712"
AGG,06/23/2011,107.73,"2,735,216"
AGG,06/24/2011,107.63,"1,084,022"
AGG,06/27/2011,107.44,"730,574"
AGG,06/28/2011,107.01,"1,038,410"
AGG,06/29/2011,106.69,"2,533,703"
AGG,06/30/2011,106.67,"1,295,556"
AGG,07/01/2011,106.4,"1,970,094"
AGG,07/05/2011,106.81,"799,142"
AGG,07/06/2011,106.87,"774,513"
AGG,07/07/2011,106.57,"1,291,578"
AGG,07/08/2011,107.12,"682,758"
AGG,07/11/2011,107.41,"614,984"
AGG,07/12/2011,107.5,"681,461"
AGG,07/13/2011,107.71,"508,318"
AGG,07/14/2011,107.44,"1,724,898"
AGG,07/15/2011,107.59,"638,240"
AGG,07/18/2011,107.43,"641,532"
AGG,07/19/2011,107.66,"780,048"
AGG,07/20/2011,107.49,"627,233"
AGG,07/21/2011,107.32,"839,117"
AGG,07/22/2011,107.55,"457,959"
AGG,07/25/2011,107.24,"1,154,517"
AGG,07/26/2011,107.49,"832,178"
AGG,07/27/2011,107.31,"662,620"
AGG,07/28/2011,107.52,"823,517"
AGG,07/29/2011,108.16,"1,400,634"
AGG,08/01/2011,108.1175,"1,300,549"
AGG,08/02/2011,108.58,"1,010,510"
AGG,08/03/2011,108.69,"1,237,410"
AGG,08/04/2011,109.27,"1,585,685"
AGG,08/05/2011,108.55,"2,184,355"
AGG,08/08/2011,108.6,"2,068,484"
AGG,08/09/2011,109.24,"1,642,544"
AGG,08/10/2011,110.13,"1,102,381"
AGG,08/11/2011,108.76,"2,596,294"
AGG,08/12/2011,109.24,"2,472,257"
AGG,08/15/2011,109.41,"1,034,133"
AGG,08/16/2011,109.64,"900,015"
AGG,08/17/2011,109.82,"1,119,445"
AGG,08/18/2011,109.98,"954,220"
AGG,08/19/2011,110.03,"1,271,778"
AGG,08/22/2011,109.89,"761,759"
AGG,08/23/2011,109.63,"757,058"
AGG,08/24/2011,109.01,"663,280"
AGG,08/25/2011,109.23,"647,038"
AGG,08/26/2011,109.38,"674,698"
AGG,08/29/2011,109.26,"1,150,614"
AGG,08/30/2011,109.6,"1,108,174"
AGG,08/31/2011,109.5,"2,444,391"
AGG,09/01/2011,109.62,"1,541,529"
AGG,09/02/2011,109.95,"923,809"
AGG,09/06/2011,110.24,"1,104,030"
AGG,09/07/2011,109.98,"919,487"
AGG,09/08/2011,110.01,"1,169,361"
AGG,09/09/2011,110.16,"809,693"
AGG,09/12/2011,109.94,"1,037,935"
AGG,09/13/2011,109.98,"701,302"
AGG,09/14/2011,110,"1,065,209"
AGG,09/15/2011,109.68,"1,046,682"
AGG,09/16/2011,109.84,"885,687"
AGG,09/19/2011,110.08,"786,416"
AGG,09/20/2011,110.3,"701,584"
AGG,09/21/2011,110.48,"1,242,880"
AGG,09/22/2011,110.8,"874,925"
AGG,09/23/2011,110.23,"1,113,340"
AGG,09/26/2011,109.98,"1,158,750"
AGG,09/27/2011,109.83,"1,287,379"
AGG,09/28/2011,109.74,"850,376"
AGG,09/29/2011,109.7,"824,938"
AGG,09/30/2011,110.11,"1,020,607"
AGG,10/03/2011,110.34,"2,372,406"
AGG,10/04/2011,110,"1,351,308"
AGG,10/05/2011,109.63,"1,499,039"
AGG,10/06/2011,109.45,"1,022,445"
AGG,10/07/2011,109.23,"1,513,760"
AGG,10/10/2011,109.01,"711,462"
AGG,10/11/2011,109.27,"2,154,957"
AGG,10/12/2011,109.06,"1,120,801"
AGG,10/13/2011,109.12,"939,560"
AGG,10/14/2011,108.94,"587,478"
AGG,10/17/2011,109.37,"826,668"
AGG,10/18/2011,109.25,"958,755"
AGG,10/19/2011,109.41,"780,127"
AGG,10/20/2011,109.35,"860,769"
AGG,10/21/2011,109.41,"555,298"
AGG,10/24/2011,109.24,"867,574"
AGG,10/25/2011,109.8,"1,478,143"
AGG,10/26/2011,109.5,"664,158"
AGG,10/27/2011,109.08,"960,055"
AGG,10/28/2011,109.51,"979,087"
AGG,10/31/2011,110.03,"1,746,949"
AGG,11/01/2011,110.27,"1,443,640"
AGG,11/02/2011,110.27,"732,325"
AGG,11/03/2011,110.03,"1,115,939"
AGG,11/04/2011,110,"2,040,077"
AGG,11/07/2011,110.09,"745,217"
AGG,11/08/2011,109.94,"949,230"
AGG,11/09/2011,110.13,"779,991"
AGG,11/10/2011,109.92,"1,307,746"
AGG,11/11/2011,109.79,"1,803,328"
AGG,11/14/2011,109.88,"1,189,526"
AGG,11/15/2011,109.74,"787,764"
AGG,11/16/2011,109.7,"1,213,062"
AGG,11/17/2011,109.64,"1,669,952"
AGG,11/18/2011,109.62,"805,668"
AGG,11/21/2011,109.6,"838,780"
AGG,11/22/2011,109.68,"1,050,914"
AGG,11/23/2011,109.78,"865,404"
AGG,11/25/2011,109.63,"764,769"
AGG,11/28/2011,109.62,"1,726,071"
AGG,11/29/2011,109.66,"1,718,444"
AGG,11/30/2011,109.38,"1,280,232"
AGG,12/01/2011,108.84,"1,830,922"
AGG,12/02/2011,109.12,"917,447"
AGG,12/05/2011,109.24,"1,063,701"
AGG,12/06/2011,109.14,"1,105,261"
AGG,12/07/2011,109.34,"690,961"
AGG,12/08/2011,109.45,"1,228,808"
AGG,12/09/2011,109.39,"934,864"
AGG,12/12/2011,109.42,"1,220,871"
AGG,12/13/2011,109.64,"1,467,990"
AGG,12/14/2011,109.91,"928,453"
AGG,12/15/2011,109.68,"3,769,214"
AGG,12/16/2011,110.05,"1,181,916"
AGG,12/19/2011,110.16,"1,123,630"
AGG,12/20/2011,110.01,"2,779,465"
AGG,12/21/2011,109.73,"929,967"
AGG,12/22/2011,109.9,"1,465,829"
AGG,12/23/2011,109.77,"679,656"
AGG,12/27/2011,109.94,"1,090,506"
AGG,12/28/2011,110.13,"873,724"
AGG,12/29/2011,110.39,"985,373"
AGG,12/30/2011,110.25,"1,098,267"
AGG,01/03/2012,110.03,"1,994,587"
AGG,01/04/2012,109.88,"1,299,106"
AGG,01/05/2012,110.03,"856,414"
AGG,01/06/2012,110.12,"897,827"
AGG,01/09/2012,110.03,"976,115"
AGG,01/10/2012,110,"1,002,085"
AGG,01/11/2012,110.39,"789,805"
AGG,01/12/2012,110.3,"844,128"
AGG,01/13/2012,110.55,"764,987"
AGG,01/17/2012,110.58,"1,272,839"
AGG,01/18/2012,110.44,"1,216,839"
AGG,01/19/2012,110.26,"1,032,233"
AGG,01/20/2012,109.98,"1,032,506"
AGG,01/23/2012,109.89,"819,598"
AGG,01/24/2012,109.98,"791,591"
AGG,01/25/2012,110.14,"1,559,544"
AGG,01/26/2012,110.36,"1,231,605"
AGG,01/27/2012,110.54,"778,008"
AGG,01/30/2012,110.86,"1,490,259"
AGG,01/31/2012,111.05,"3,255,877"
AGG,02/01/2012,110.58,"1,964,930"
AGG,02/02/2012,110.61,"1,182,126"
AGG,02/03/2012,110.56,"1,142,392"
AGG,02/06/2012,110.64,"1,854,338"
AGG,02/07/2012,110.53,"966,526"
AGG,02/08/2012,110.44,"1,479,599"
AGG,02/09/2012,110.26,"1,068,358"
AGG,02/10/2012,110.41,"714,898"
AGG,02/13/2012,110.45,"914,793"
AGG,02/14/2012,110.54,"876,187"
AGG,02/15/2012,110.5,"875,490"
AGG,02/16/2012,110.48,"918,702"
AGG,02/17/2012,110.34,"853,672"
AGG,02/21/2012,110.17,"1,043,799"
AGG,02/22/2012,110.48,"975,112"
AGG,02/23/2012,110.57,"788,325"
AGG,02/24/2012,110.6,"1,364,208"
AGG,02/27/2012,110.95,"711,968"
AGG,02/28/2012,110.87,"795,228"
AGG,02/29/2012,110.76,"1,993,561"
AGG,03/01/2012,110.26,"1,242,675"
AGG,03/02/2012,110.5,"863,812"
AGG,03/05/2012,110.34,"1,098,099"
AGG,03/06/2012,110.56,"1,056,422"
AGG,03/07/2012,110.46,"836,015"
AGG,03/08/2012,110.21,"971,270"
AGG,03/09/2012,110.19,"710,885"
AGG,03/12/2012,110.29,"1,096,591"
AGG,03/13/2012,109.92,"1,444,662"
AGG,03/14/2012,109.32,"1,119,721"
AGG,03/15/2012,109.27,"800,426"
AGG,03/16/2012,109.28,"933,874"
AGG,03/19/2012,108.93,"1,146,768"
AGG,03/20/2012,109.09,"960,317"
AGG,03/21/2012,109.35,"590,690"
AGG,03/22/2012,109.45,"666,888"
AGG,03/23/2012,109.7,"758,359"
AGG,03/26/2012,109.62,"867,775"
AGG,03/27/2012,109.74,"2,551,642"
AGG,03/28/2012,109.72,"812,660"
AGG,03/29/2012,110.02,"1,208,009"
AGG,03/30/2012,109.85,"1,121,222"
AGG,04/02/2012,109.62,"2,398,353"
AGG,04/03/2012,109.15,"767,007"
AGG,04/04/2012,109.38,"1,137,133"
AGG,04/05/2012,109.63,"749,007"
AGG,04/09/2012,110.11,"575,575"
AGG,04/10/2012,110.12,"1,893,811"
AGG,04/11/2012,110.13,"1,203,172"
AGG,04/12/2012,110.02,"505,877"
AGG,04/13/2012,110.36,"1,104,585"
AGG,04/16/2012,110.38,"1,121,180"
AGG,04/17/2012,110.4,"737,536"
AGG,04/18/2012,110.54,"884,244"
AGG,04/19/2012,110.46,"618,678"
AGG,04/20/2012,110.48,"1,530,198"
AGG,04/23/2012,110.59,"787,049"
AGG,04/24/2012,110.43,"627,475"
AGG,04/25/2012,110.48,"982,296"
AGG,04/26/2012,110.65,"1,021,635"
AGG,04/27/2012,110.64,"618,719"
AGG,04/30/2012,110.6,"881,893"
AGG,05/01/2012,110.33,"772,846"
AGG,05/02/2012,110.44,"1,298,433"
AGG,05/03/2012,110.56,"575,303"
AGG,05/04/2012,110.67,"611,496"
AGG,05/07/2012,110.71,"646,038"
AGG,05/08/2012,110.79,"580,138"
AGG,05/09/2012,110.82,"929,913"
AGG,05/10/2012,110.71,"526,506"
AGG,05/11/2012,110.79,"446,250"
AGG,05/14/2012,111.04,"764,212"
AGG,05/15/2012,110.98,"1,187,121"
AGG,05/16/2012,110.96,"986,368"
AGG,05/17/2012,111.03,"1,420,643"
AGG,05/18/2012,111,"1,184,629"
AGG,05/21/2012,110.98,"1,208,408"
AGG,05/22/2012,110.71,"1,007,359"
AGG,05/23/2012,110.84,"696,428"
AGG,05/24/2012,110.75,"938,889"
AGG,05/25/2012,110.92,"454,275"
AGG,05/29/2012,110.86,"1,192,081"
AGG,05/30/2012,111.23,"547,044"
AGG,05/31/2012,111.56,"2,984,039"
AGG,06/01/2012,111.6,"1,851,599"
AGG,06/04/2012,111.34,"1,046,091"
AGG,06/05/2012,111.11,"951,052"
AGG,06/06/2012,110.78,"1,864,391"
AGG,06/07/2012,110.95,"751,716"
AGG,06/08/2012,110.9,"710,157"
AGG,06/11/2012,111,"516,041"
AGG,06/12/2012,110.91,"481,979"
AGG,06/13/2012,111.2,"2,650,862"
AGG,06/14/2012,111.12,"559,106"
AGG,06/15/2012,111.38,"1,030,761"
AGG,06/18/2012,111.35,"695,983"
AGG,06/19/2012,111.22,"605,482"
AGG,06/20/2012,111.05,"1,256,025"
AGG,06/21/2012,111.2,"939,825"
AGG,06/22/2012,111.04,"600,170"
AGG,06/25/2012,111.39,"2,321,819"
AGG,06/26/2012,111.27,"789,040"
AGG,06/27/2012,111.32,"1,552,551"
AGG,06/28/2012,111.45,"1,180,328"
AGG,06/29/2012,111.3,"2,052,796"
AGG,07/02/2012,111.29,"1,994,491"
AGG,07/03/2012,111.21,"1,002,835"
AGG,07/05/2012,111.5,"740,689"
AGG,07/06/2012,111.58,"1,520,157"
AGG,07/09/2012,111.8,"472,529"
AGG,07/10/2012,111.85,"521,599"
AGG,07/11/2012,111.84,"566,355"
AGG,07/12/2012,112.04,"382,629"
AGG,07/13/2012,112.08,"435,218"
AGG,07/16/2012,112.17,"480,800"
AGG,07/17/2012,112.13,"600,160"
AGG,07/18/2012,112.35,"470,301"
AGG,07/19/2012,112.26,"901,544"
AGG,07/20/2012,112.42,"602,125"
AGG,07/23/2012,112.52,"498,133"
AGG,07/24/2012,112.66,"521,119"
AGG,07/25/2012,112.7,"874,664"
AGG,07/26/2012,112.63,"857,883"
AGG,07/27/2012,112.29,"1,010,103"
AGG,07/30/2012,112.48,"618,387"
AGG,07/31/2012,112.59,"983,561"
AGG,08/01/2012,112.24,"2,480,557"
AGG,08/02/2012,112.26,"846,266"
AGG,08/03/2012,111.99,"1,832,348"
AGG,08/06/2012,112.16,"1,832,463"
AGG,08/07/2012,111.86,"1,733,030"
AGG,08/08/2012,111.72,"550,396"
AGG,08/09/2012,111.69,"835,873"
AGG,08/10/2012,111.87,"627,389"
AGG,08/13/2012,111.86,"570,479"
AGG,08/14/2012,111.6,"567,054"
AGG,08/15/2012,111.24,"549,915"
AGG,08/16/2012,111.1,"668,255"
AGG,08/17/2012,111.23,"505,634"
AGG,08/20/2012,111.19,"418,911"
AGG,08/21/2012,111.34,"738,552"
AGG,08/22/2012,111.82,"405,483"
AGG,08/23/2012,111.9,"421,444"
AGG,08/24/2012,111.82,"649,521"
AGG,08/27/2012,111.97,"493,061"
AGG,08/28/2012,112.06,"699,138"
AGG,08/29/2012,111.95,"717,032"
AGG,08/30/2012,112.02,"436,181"
AGG,08/31/2012,112.37,"1,203,313"
AGG,09/04/2012,112.13,"1,596,695"
AGG,09/05/2012,112.13,"502,922"
AGG,09/06/2012,111.87,"1,805,127"
AGG,09/07/2012,111.89,"1,554,393"
AGG,09/10/2012,111.91,"1,302,973"
AGG,09/11/2012,111.78,"3,037,049"
AGG,09/12/2012,111.57,"1,679,430"
AGG,09/13/2012,111.83,"2,165,152"
AGG,09/14/2012,111.37,"1,011,166"
AGG,09/17/2012,111.55,"1,063,729"
AGG,09/18/2012,111.62,"1,133,563"
AGG,09/19/2012,111.84,"732,112"
AGG,09/20/2012,111.77,"2,518,549"
AGG,09/21/2012,111.95,"829,107"
AGG,09/24/2012,112.07,"1,220,721"
AGG,09/25/2012,112.25,"836,316"
AGG,09/26/2012,112.36,"793,438"
AGG,09/27/2012,112.29,"1,127,093"
AGG,09/28/2012,112.448,"2,745,443"
AGG,10/01/2012,112.2,"1,674,382"
AGG,10/02/2012,112.29,"903,222"
AGG,10/03/2012,112.25,"1,187,468"
AGG,10/04/2012,112.09,"459,163"
AGG,10/05/2012,111.86,"580,195"
AGG,10/08/2012,112.03,"524,758"
AGG,10/09/2012,111.91,"2,316,327"
AGG,10/10/2012,112.09,"555,310"
AGG,10/11/2012,112.23,"523,307"
AGG,10/12/2012,112.32,"1,646,842"
AGG,10/15/2012,112.38,"1,646,224"
AGG,10/16/2012,112.2,"978,481"
AGG,10/17/2012,111.85,"1,199,144"
AGG,10/18/2012,111.81,"1,249,420"
AGG,10/19/2012,111.95,"683,637"
AGG,10/22/2012,111.8,"438,094"
AGG,10/23/2012,112.05,"628,066"
AGG,10/24/2012,111.97,"604,827"
AGG,10/25/2012,111.73,"970,662"
AGG,10/26/2012,112.03,"908,863"
AGG,10/31/2012,112.19,"2,200,158"
AGG,11/01/2012,111.8,"1,350,748"
AGG,11/02/2012,111.8694,"961,638"
AGG,11/05/2012,112.06,"2,683,986"
AGG,11/06/2012,111.74,"589,508"
AGG,11/07/2012,112,"1,563,034"
AGG,11/08/2012,112.14,"1,411,364"
AGG,11/09/2012,112.08,"1,295,157"
AGG,11/12/2012,112.05,"612,614"
AGG,11/13/2012,112.2469,"3,355,791"
AGG,11/14/2012,112.28,"1,242,680"
AGG,11/15/2012,112.17,"1,532,522"
AGG,11/16/2012,112.21,"981,648"
AGG,11/19/2012,112.29,"916,994"
AGG,11/20/2012,112.08,"666,721"
AGG,11/21/2012,111.89,"1,160,734"
AGG,11/23/2012,111.96,"220,266"
AGG,11/26/2012,112,"629,458"
AGG,11/27/2012,112.15,"571,888"
AGG,11/28/2012,112.17,"465,560"
AGG,11/29/2012,112.31,"661,777"
AGG,11/30/2012,112.25,"908,579"
AGG,12/03/2012,111.6,"809,847"
AGG,12/04/2012,111.67,"871,836"
AGG,12/05/2012,111.77,"538,142"
AGG,12/06/2012,111.76,"519,319"
AGG,12/07/2012,111.66,"966,127"
AGG,12/10/2012,111.68,"843,432"
AGG,12/11/2012,111.64,"814,061"
AGG,12/12/2012,111.33,"1,448,565"
AGG,12/13/2012,111.15,"1,209,653"
AGG,12/14/2012,111.35,"1,678,796"
AGG,12/17/2012,111.08,"1,464,068"
AGG,12/18/2012,110.82,"1,411,480"
AGG,12/19/2012,111.01,"1,113,977"
AGG,12/20/2012,111.0216,"1,122,575"
AGG,12/21/2012,111.12,"973,666"
AGG,12/24/2012,111.13,"329,166"
AGG,12/26/2012,111.05,"575,839"
AGG,12/27/2012,111.11,"722,022"
AGG,12/28/2012,111.28,"1,295,782"
AGG,12/31/2012,111.08,"905,302"
AGG,01/02/2013,110.95,"1,137,272"
AGG,01/03/2013,110.67,"1,762,867"
AGG,01/04/2013,110.79,"1,286,754"
AGG,01/07/2013,110.73,"1,854,346"
AGG,01/08/2013,110.83,"1,784,444"
AGG,01/09/2013,110.75,"1,346,870"
AGG,01/10/2013,110.74,"1,128,616"
AGG,01/11/2013,110.85,"1,120,000"
AGG,01/14/2013,110.95,"870,110"
AGG,01/15/2013,110.98,"2,561,051"
AGG,01/16/2013,111.04,"1,231,979"
AGG,01/17/2013,110.8,"1,280,922"
AGG,01/18/2013,110.93,"654,661"
AGG,01/22/2013,110.87,"1,459,001"
AGG,01/23/2013,110.99,"1,393,770"
AGG,01/24/2013,110.84,"659,741"
AGG,01/25/2013,110.57,"877,738"
AGG,01/28/2013,110.41,"1,067,644"
AGG,01/29/2013,110.34,"837,633"
AGG,01/30/2013,110.29,"1,362,172"
AGG,01/31/2013,110.39,"1,969,986"
AGG,02/01/2013,109.94,"1,340,017"
AGG,02/04/2013,110.25,"805,306"
AGG,02/05/2013,110.02,"1,905,899"
AGG,02/06/2013,110.21,"1,229,531"
AGG,02/07/2013,110.25,"1,147,844"
AGG,02/08/2013,110.28,"681,367"
AGG,02/11/2013,110.17,"1,384,066"
AGG,02/12/2013,110.15,"666,730"
AGG,02/13/2013,110.04,"902,171"
AGG,02/14/2013,110.24,"731,894"
AGG,02/15/2013,110.25,"1,864,659"
AGG,02/19/2013,110.12,"1,391,243"
AGG,02/20/2013,110.19,"2,028,866"
AGG,02/21/2013,110.25,"829,505"
AGG,02/22/2013,110.31,"955,606"
AGG,02/25/2013,110.73,"1,181,447"
AGG,02/26/2013,110.7,"801,229"
AGG,02/27/2013,110.73,"520,262"
AGG,02/28/2013,110.83,"1,212,718"
AGG,03/01/2013,110.66,"1,076,797"
AGG,03/04/2013,110.58,"782,016"
AGG,03/05/2013,110.49,"804,324"
AGG,03/06/2013,110.37,"974,206"
AGG,03/07/2013,110.14,"1,046,909"
AGG,03/08/2013,109.82,"2,006,756"
AGG,03/11/2013,109.88,"1,163,404"
AGG,03/12/2013,110.08,"1,656,197"
AGG,03/13/2013,109.99,"1,136,948"
AGG,03/14/2013,110.11,"1,090,617"
AGG,03/15/2013,110.21,"661,472"
AGG,03/18/2013,110.31,"1,231,900"
AGG,03/19/2013,110.47,"1,104,710"
AGG,03/20/2013,110.35,"1,275,080"
AGG,03/21/2013,110.37,"906,369"
AGG,03/22/2013,110.41,"775,935"
AGG,03/25/2013,110.37,"981,053"
AGG,03/26/2013,110.5,"964,647"
AGG,03/27/2013,110.73,"1,028,730"
AGG,03/28/2013,110.73,"2,343,278"
AGG,04/01/2013,110.57,"1,580,788"
AGG,04/02/2013,110.45,"875,223"
AGG,04/03/2013,110.57,"1,260,253"
AGG,04/04/2013,110.88,"1,263,784"
AGG,04/05/2013,111.2,"1,013,775"
AGG,04/08/2013,111.01,"1,027,316"
AGG,04/09/2013,111.05,"1,286,513"
AGG,04/10/2013,110.82,"1,281,562"
AGG,04/11/2013,110.84,"1,037,321"
AGG,04/12/2013,111.2,"873,614"
AGG,04/15/2013,111.25,"1,521,623"
AGG,04/16/2013,111.25,"592,949"
AGG,04/17/2013,111.25,"1,078,406"
AGG,04/18/2013,111.23,"1,153,765"
AGG,04/19/2013,111.24,"373,522"
AGG,04/22/2013,111.38,"1,113,771"
AGG,04/23/2013,111.33,"747,886"
AGG,04/24/2013,111.31,"743,871"
AGG,04/25/2013,111.26,"848,647"
AGG,04/26/2013,111.49,"678,427"
AGG,04/29/2013,111.56,"869,326"
AGG,04/30/2013,111.54,"1,853,055"
AGG,05/01/2013,111.39,"1,741,208"
AGG,05/02/2013,111.4,"875,468"
AGG,05/03/2013,110.99,"579,993"
AGG,05/06/2013,110.81,"686,220"
AGG,05/07/2013,110.75,"931,563"
AGG,05/08/2013,110.85,"1,032,527"
AGG,05/09/2013,110.7,"537,803"
AGG,05/10/2013,110.48,"423,039"
AGG,05/13/2013,110.38,"563,375"
AGG,05/14/2013,110.12,"994,272"
AGG,05/15/2013,110.28,"926,736"
AGG,05/16/2013,110.58,"1,965,685"
AGG,05/17/2013,110.31,"621,763"
AGG,05/20/2013,110.2,"1,710,056"
AGG,05/21/2013,110.29,"992,243"
AGG,05/22/2013,109.92,"1,134,398"
AGG,05/23/2013,109.88,"1,107,141"
AGG,05/24/2013,109.88,"640,035"
AGG,05/28/2013,109.2,"1,082,765"
AGG,05/29/2013,109.35,"1,369,366"
AGG,05/30/2013,109.32,"1,300,982"
AGG,05/31/2013,109.11,"1,616,787"
AGG,06/03/2013,108.97,"2,110,336"
AGG,06/04/2013,108.73,"980,403"
AGG,06/05/2013,108.67,"1,160,549"
AGG,06/06/2013,108.95,"1,142,473"
AGG,06/07/2013,108.61,"1,337,326"
AGG,06/10/2013,108.39,"1,173,293"
AGG,06/11/2013,108.4,"1,118,700"
AGG,06/12/2013,108.22,"1,469,428"
AGG,06/13/2013,108.75,"998,941"
AGG,06/14/2013,108.78,"1,219,776"
AGG,06/17/2013,108.7,"1,694,616"
AGG,06/18/2013,108.66,"1,067,448"
AGG,06/19/2013,107.93,"975,715"
AGG,06/20/2013,107.21,"3,057,098"
AGG,06/21/2013,106.61,"1,979,411"
AGG,06/24/2013,106.18,"2,270,894"
AGG,06/25/2013,106.3,"1,687,344"
AGG,06/26/2013,106.75,"995,783"
AGG,06/27/2013,107.2,"1,333,640"
AGG,06/28/2013,107.21,"2,673,965"
AGG,07/01/2013,107.16,"950,232"
AGG,07/02/2013,107.16,"636,898"
AGG,07/03/2013,107.01,"442,585"
AGG,07/05/2013,105.84,"1,476,399"
AGG,07/08/2013,106.39,"641,783"
AGG,07/09/2013,106.5,"1,725,957"
AGG,07/10/2013,106.22,"717,065"
AGG,07/11/2013,106.93,"1,044,169"
AGG,07/12/2013,106.81,"616,210"
AGG,07/15/2013,107.04,"757,436"
AGG,07/16/2013,107.21,"585,842"
AGG,07/17/2013,107.44,"693,404"
AGG,07/18/2013,107.24,"576,862"
AGG,07/19/2013,107.52,"563,186"
AGG,07/22/2013,107.66,"684,004"
AGG,07/23/2013,107.6,"502,155"
AGG,07/24/2013,107.25,"956,713"
AGG,07/25/2013,107.29,"917,021"
AGG,07/26/2013,107.26,"771,600"
AGG,07/29/2013,107.26,"459,582"
AGG,07/30/2013,107.22,"662,428"
AGG,07/31/2013,107.3,"1,361,945"
AGG,08/01/2013,106.49,"1,163,736"
AGG,08/02/2013,106.85,"844,661"
AGG,08/05/2013,106.9,"1,166,615"
AGG,08/06/2013,106.79,"595,670"
AGG,08/07/2013,106.93,"460,602"
AGG,08/08/2013,107.08,"848,671"
AGG,08/09/2013,107.15,"389,769"
AGG,08/12/2013,107.08,"713,363"
AGG,08/13/2013,106.65,"525,069"
AGG,08/14/2013,106.51,"756,185"
AGG,08/15/2013,106.13,"765,573"
AGG,08/16/2013,105.83,"777,347"
AGG,08/19/2013,105.5,"734,006"
AGG,08/20/2013,105.81,"984,615"
AGG,08/21/2013,105.42,"656,305"
AGG,08/22/2013,105.55,"821,584"
AGG,08/23/2013,105.9,"654,188"
AGG,08/26/2013,106.09,"926,437"
AGG,08/27/2013,106.366,"676,315"
AGG,08/28/2013,106.17,"648,506"
AGG,08/29/2013,106.38,"476,203"
AGG,08/30/2013,106.21,"1,670,406"
AGG,09/03/2013,105.75,"1,345,211"
AGG,09/04/2013,105.6,"546,147"
AGG,09/05/2013,104.89,"1,058,451"
AGG,09/06/2013,105.28,"639,485"
AGG,09/09/2013,105.49,"897,228"
AGG,09/10/2013,105.3,"628,386"
AGG,09/11/2013,105.66,"2,315,613"
AGG,09/12/2013,105.54,"846,369"
AGG,09/13/2013,105.69,"655,256"
AGG,09/16/2013,105.91,"883,388"
AGG,09/17/2013,106.01,"865,352"
AGG,09/18/2013,106.9,"1,113,393"
AGG,09/19/2013,106.77,"661,790"
AGG,09/20/2013,106.77,"482,816"
AGG,09/23/2013,106.85,"855,826"
AGG,09/24/2013,107.1,"718,165"
AGG,09/25/2013,107.25,"647,670"
AGG,09/26/2013,107.23,"588,121"
AGG,09/27/2013,107.29,"427,859"
AGG,09/30/2013,107.2,"1,439,520"
AGG,10/01/2013,106.93,"2,279,010"
AGG,10/02/2013,107.07,"576,914"
AGG,10/03/2013,107.15,"905,020"
AGG,10/04/2013,107.06,"558,673"
AGG,10/07/2013,107.04,"559,642"
AGG,10/08/2013,106.99,"406,977"
AGG,10/09/2013,106.91,"771,519"
AGG,10/10/2013,107.03,"2,191,892"
AGG,10/11/2013,107.07,"1,032,211"
AGG,10/14/2013,106.87,"412,899"
AGG,10/15/2013,106.82,"946,887"
AGG,10/16/2013,107.28,"774,745"
AGG,10/17/2013,107.58,"1,027,322"
AGG,10/18/2013,107.76,"632,355"
AGG,10/21/2013,107.66,"734,662"
AGG,10/22/2013,108.04,"1,572,301"
AGG,10/23/2013,108.01,"694,323"
AGG,10/24/2013,107.97,"532,820"
AGG,10/25/2013,108.01,"484,285"
AGG,10/28/2013,107.96,"936,216"
AGG,10/29/2013,108.09,"521,444"
AGG,10/30/2013,107.89,"492,132"
AGG,10/31/2013,107.899,"1,793,619"
AGG,11/01/2013,107.45,"1,262,256"
AGG,11/04/2013,107.56,"421,665"
AGG,11/05/2013,107.24,"873,119"
AGG,11/06/2013,107.41,"561,727"
AGG,11/07/2013,107.49,"804,348"
AGG,11/08/2013,106.82,"796,624"
AGG,11/11/2013,106.76,"1,281,366"
AGG,11/12/2013,106.72,"1,130,631"
AGG,11/13/2013,107,"673,339"
AGG,11/14/2013,107.33,"1,437,849"
AGG,11/15/2013,107.36,"1,853,385"
AGG,11/18/2013,107.57,"856,053"
AGG,11/19/2013,107.28,"1,703,526"
AGG,11/20/2013,106.98,"984,760"
AGG,11/21/2013,107.09,"1,362,947"
AGG,11/22/2013,107.24,"919,379"
AGG,11/25/2013,107.32,"692,312"
AGG,11/26/2013,107.35,"1,625,574"
AGG,11/27/2013,107.4,"932,808"
AGG,11/29/2013,107.44,"956,486"
AGG,12/02/2013,106.83,"1,518,682"
AGG,12/03/2013,106.96,"1,478,590"
AGG,12/04/2013,106.68,"1,205,288"
AGG,12/05/2013,106.45,"1,882,757"
AGG,12/06/2013,106.63,"2,883,569"
AGG,12/09/2013,106.76,"1,381,541"
AGG,12/10/2013,106.93,"2,986,889"
AGG,12/11/2013,106.76,"4,010,607"
AGG,12/12/2013,106.6,"2,260,040"
AGG,12/13/2013,106.65,"3,461,585"
AGG,12/16/2013,106.73,"804,938"
AGG,12/17/2013,106.91,"1,384,156"
AGG,12/18/2013,106.86,"1,446,065"
AGG,12/19/2013,106.68,"2,011,353"
AGG,12/20/2013,106.86,"1,378,324"
AGG,12/23/2013,106.81,"1,926,747"
AGG,12/24/2013,106.66,"688,526"
AGG,12/26/2013,106.39,"750,809"
AGG,12/27/2013,106.43,"1,320,388"
AGG,12/30/2013,106.53,"1,226,524"
AGG,12/31/2013,106.43,"3,280,297"
AGG,01/02/2014,106.5,"1,346,635"
AGG,01/03/2014,106.54,"2,293,520"
AGG,01/06/2014,106.68,"4,413,863"
AGG,01/07/2014,106.73,"1,255,683"
AGG,01/08/2014,106.41,"1,090,809"
AGG,01/09/2014,106.56,"829,446"
AGG,01/10/2014,107.1,"1,484,433"
AGG,01/13/2014,107.2,"1,139,533"
AGG,01/14/2014,107.04,"987,501"
AGG,01/15/2014,106.95,"1,664,833"
AGG,01/16/2014,107.2,"3,113,724"
AGG,01/17/2014,107.25,"588,650"
AGG,01/21/2014,107.3,"1,777,054"
AGG,01/22/2014,107.07,"892,944"
AGG,01/23/2014,107.35,"1,901,180"
AGG,01/24/2014,107.58,"783,270"
AGG,01/27/2014,107.35,"1,334,950"
AGG,01/28/2014,107.53,"1,306,409"
AGG,01/29/2014,107.85,"1,116,203"
AGG,01/30/2014,107.87,"3,074,373"
AGG,01/31/2014,108.07,"3,195,172"
AGG,02/03/2014,108.23,"1,976,089"
AGG,02/04/2014,107.97,"2,288,988"
AGG,02/05/2014,107.7,"1,161,953"
AGG,02/06/2014,107.65,"1,127,704"
AGG,02/07/2014,107.82,"628,612"
AGG,02/10/2014,107.93,"1,097,231"
AGG,02/11/2014,107.72,"1,493,233"
AGG,02/12/2014,107.54,"714,129"
AGG,02/13/2014,107.77,"777,422"
AGG,02/14/2014,107.77,"709,033"
AGG,02/18/2014,107.84,"940,929"
AGG,02/19/2014,107.76,"902,609"
AGG,02/20/2014,107.7,"894,002"
AGG,02/21/2014,107.8,"395,315"
AGG,02/24/2014,107.7,"838,467"
AGG,02/25/2014,107.99,"542,149"
AGG,02/26/2014,108.22,"617,049"
AGG,02/27/2014,108.33,"628,859"
AGG,02/28/2014,108.27,"1,589,498"
AGG,03/03/2014,108.35,"2,533,867"
AGG,03/04/2014,107.95,"953,664"
AGG,03/05/2014,108.01,"2,852,331"
AGG,03/06/2014,107.77,"689,227"
AGG,03/07/2014,107.47,"701,655"
AGG,03/10/2014,107.47,"877,780"
AGG,03/11/2014,107.46,"2,060,680"
AGG,03/12/2014,107.7,"943,309"
AGG,03/13/2014,107.98,"660,856"
AGG,03/14/2014,107.93,"741,804"
AGG,03/17/2014,107.87,"590,812"
AGG,03/18/2014,108,"568,768"
AGG,03/19/2014,107.52,"701,986"
AGG,03/20/2014,107.44,"1,100,577"
AGG,03/21/2014,107.59,"756,565"
AGG,03/24/2014,107.75,"712,806"
AGG,03/25/2014,107.64,"1,377,644"
AGG,03/26/2014,107.98,"593,935"
AGG,03/27/2014,108.06,"1,299,237"
AGG,03/28/2014,107.9,"865,582"
AGG,03/31/2014,107.91,"1,452,262"
AGG,04/01/2014,107.54,"759,994"
AGG,04/02/2014,107.36,"1,550,723"
AGG,04/03/2014,107.44,"1,126,701"
AGG,04/04/2014,107.78,"1,043,591"
AGG,04/07/2014,107.94,"679,524"
AGG,04/08/2014,108.07,"1,435,735"
AGG,04/09/2014,108.08,"1,167,121"
AGG,04/10/2014,108.33,"1,033,347"
AGG,04/11/2014,108.43,"1,168,746"
AGG,04/14/2014,108.47,"1,002,828"
AGG,04/15/2014,108.48,"1,442,126"
AGG,04/16/2014,108.54,"2,245,605"
AGG,04/17/2014,108.19,"1,262,934"
AGG,04/21/2014,108.18,"1,018,249"
AGG,04/22/2014,108.16,"1,034,816"
AGG,04/23/2014,108.27,"745,962"
AGG,04/24/2014,108.37,"494,013"
AGG,04/25/2014,108.39,"489,724"
AGG,04/28/2014,108.32,"523,333"
AGG,04/29/2014,108.37,"858,629"
AGG,04/30/2014,108.59,"1,312,994"
AGG,05/01/2014,108.55,"1,727,501"
AGG,05/02/2014,108.68,"1,075,337"
AGG,05/05/2014,108.64,"1,261,124"
AGG,05/06/2014,108.72,"786,783"
AGG,05/07/2014,108.72,"664,899"
AGG,05/08/2014,108.79,"2,023,412"
AGG,05/09/2014,108.69,"812,801"
AGG,05/12/2014,108.6,"472,926"
AGG,05/13/2014,108.78,"577,525"
AGG,05/14/2014,109.09,"1,321,613"
AGG,05/15/2014,109.32,"2,408,932"
AGG,05/16/2014,109.2,"558,690"
AGG,05/19/2014,109.16,"945,884"
AGG,05/20/2014,109.21,"1,102,242"
AGG,05/21/2014,109.17,"804,401"
AGG,05/22/2014,109.12,"633,858"
AGG,05/23/2014,109.23,"435,506"
AGG,05/27/2014,109.33,"762,614"
AGG,05/28/2014,109.63,"692,257"
AGG,05/29/2014,109.57,"981,366"
AGG,05/30/2014,109.67,"5,554,725"
AGG,06/02/2014,109.13,"2,822,931"
AGG,06/03/2014,108.84,"864,572"
AGG,06/04/2014,108.8,"1,445,716"
AGG,06/05/2014,108.94,"643,481"
AGG,06/06/2014,108.88,"839,471"
AGG,06/09/2014,108.78,"1,133,370"
AGG,06/10/2014,108.62,"823,256"
AGG,06/11/2014,108.7,"1,171,171"
AGG,06/12/2014,108.91,"1,224,225"
AGG,06/13/2014,108.88,"1,040,913"
AGG,06/16/2014,108.82,"1,308,947"
AGG,06/17/2014,108.62,"842,325"
AGG,06/18/2014,108.91,"504,430"
AGG,06/19/2014,108.75,"690,012"
AGG,06/20/2014,108.94,"690,618"
AGG,06/23/2014,108.84,"559,686"
AGG,06/24/2014,109.03,"740,782"
AGG,06/25/2014,109.18,"713,668"
AGG,06/26/2014,109.39,"673,742"
AGG,06/27/2014,109.39,"668,228"
AGG,06/30/2014,109.4,"1,046,876"
AGG,07/01/2014,109.07,"1,038,472"
AGG,07/02/2014,108.69,"1,381,415"
AGG,07/03/2014,108.62,"634,462"
AGG,07/07/2014,108.65,"1,253,261"
AGG,07/08/2014,108.87,"2,023,980"
AGG,07/09/2014,108.96,"785,506"
AGG,07/10/2014,109.01,"791,501"
AGG,07/11/2014,109.16,"606,815"
AGG,07/14/2014,109.07,"710,430"
AGG,07/15/2014,108.93,"660,181"
AGG,07/16/2014,109.02,"725,585"
AGG,07/17/2014,109.34,"1,158,365"
AGG,07/18/2014,109.22,"543,622"
AGG,07/21/2014,109.26,"585,667"
AGG,07/22/2014,109.44,"724,714"
AGG,07/23/2014,109.46,"711,838"
AGG,07/24/2014,109.12,"853,416"
AGG,07/25/2014,109.33,"506,244"
AGG,07/28/2014,109.35,"673,026"
AGG,07/29/2014,109.46,"2,977,132"
AGG,07/30/2014,109.07,"1,245,013"
AGG,07/31/2014,108.93,"1,066,380"
AGG,08/01/2014,109.14,"1,064,384"
AGG,08/04/2014,109.12,"1,496,980"
AGG,08/05/2014,109.12,"1,875,186"
AGG,08/06/2014,109.13,"708,756"
AGG,08/07/2014,109.34,"1,246,477"
AGG,08/08/2014,109.38,"1,339,201"
AGG,08/11/2014,109.39,"1,632,940"
AGG,08/12/2014,109.34,"876,046"
AGG,08/13/2014,109.56,"3,471,734"
AGG,08/14/2014,109.62,"1,072,886"
AGG,08/15/2014,109.89,"2,593,232"
AGG,08/18/2014,109.66,"1,424,390"
AGG,08/19/2014,109.51,"1,820,733"
AGG,08/20/2014,109.39,"929,463"
AGG,08/21/2014,109.58,"775,579"
AGG,08/22/2014,109.56,"801,920"
AGG,08/25/2014,109.65,"3,473,776"
AGG,08/26/2014,109.66,"543,367"
AGG,08/27/2014,109.8,"866,103"
AGG,08/28/2014,110.02,"1,123,701"
AGG,08/29/2014,109.98,"1,473,300"
AGG,09/02/2014,109.45,"1,029,287"
AGG,09/03/2014,109.57,"1,311,668"
AGG,09/04/2014,109.43,"1,308,945"
AGG,09/05/2014,109.37,"798,456"
AGG,09/08/2014,109.26,"895,295"
AGG,09/09/2014,109.11,"689,510"
AGG,09/10/2014,108.96,"974,367"
AGG,09/11/2014,108.85,"753,477"
AGG,09/12/2014,108.63,"1,327,615"
AGG,09/15/2014,108.61,"1,210,783"
AGG,09/16/2014,108.61,"850,970"
AGG,09/17/2014,108.49,"707,246"
AGG,09/18/2014,108.5,"707,596"
AGG,09/19/2014,108.68,"929,889"
AGG,09/22/2014,108.83,"592,391"
AGG,09/23/2014,108.93,"705,231"
AGG,09/24/2014,108.86,"836,713"
AGG,09/25/2014,109.07,"1,161,869"
AGG,09/26/2014,109.06,"1,729,491"
AGG,09/29/2014,109.18,"7,243,748"
AGG,09/30/2014,109.11,"2,335,365"
AGG,10/01/2014,109.53,"6,605,180"
AGG,10/02/2014,109.35,"4,826,810"
AGG,10/03/2014,109.3,"2,928,901"
AGG,10/06/2014,109.4,"2,145,824"
AGG,10/07/2014,109.82,"2,328,416"
AGG,10/08/2014,110.13,"2,477,897"
AGG,10/09/2014,109.91,"1,502,816"
AGG,10/10/2014,109.99,"1,734,434"
AGG,10/13/2014,110.31,"1,098,538"
AGG,10/14/2014,110.56,"3,518,455"
AGG,10/15/2014,110.76,"2,275,368"
AGG,10/16/2014,110.67,"1,792,877"
AGG,10/17/2014,110.52,"2,065,773"
AGG,10/20/2014,110.65,"1,518,290"
AGG,10/21/2014,110.55,"2,624,964"
AGG,10/22/2014,110.49,"3,179,164"
AGG,10/23/2014,110.23,"1,863,102"
AGG,10/24/2014,110.27,"1,188,946"
AGG,10/27/2014,110.31,"1,073,056"
AGG,10/28/2014,110.14,"1,128,600"
AGG,10/29/2014,109.9,"1,591,007"
AGG,10/30/2014,110.08,"2,479,468"
AGG,10/31/2014,110.08,"3,145,121"
AGG,11/03/2014,109.68,"2,282,374"
AGG,11/04/2014,109.69,"2,346,280"
AGG,11/05/2014,109.73,"2,699,558"
AGG,11/06/2014,109.54,"1,391,435"
AGG,11/07/2014,109.91,"1,661,449"
AGG,11/10/2014,109.65,"846,857"
AGG,11/11/2014,109.7,"1,138,463"
AGG,11/12/2014,109.71,"1,123,741"
AGG,11/13/2014,109.76,"860,783"
AGG,11/14/2014,109.86,"1,073,003"
AGG,11/17/2014,109.73,"1,403,014"
AGG,11/18/2014,109.83,"1,318,376"
AGG,11/19/2014,109.57,"1,361,784"
AGG,11/20/2014,109.77,"1,155,795"
AGG,11/21/2014,109.9,"1,294,994"
AGG,11/24/2014,109.94,"1,355,121"
AGG,11/25/2014,110.18,"3,187,726"
AGG,11/26/2014,110.27,"1,205,659"
AGG,11/28/2014,110.61,"2,072,793"
AGG,12/01/2014,110.08,"2,811,726"
AGG,12/02/2014,109.86,"1,469,400"
AGG,12/03/2014,109.76,"1,998,004"
AGG,12/04/2014,110.09,"3,001,658"
AGG,12/05/2014,109.62,"3,477,696"
AGG,12/08/2014,109.89,"984,140"
AGG,12/09/2014,110.06,"1,203,037"
AGG,12/10/2014,110.25,"1,207,989"
AGG,12/11/2014,110.21,"1,447,694"
AGG,12/12/2014,110.56,"1,714,109"
AGG,12/15/2014,110.26,"2,540,686"
AGG,12/16/2014,110.53,"1,411,670"
AGG,12/17/2014,110.39,"2,167,454"
AGG,12/18/2014,110.1,"1,865,794"
AGG,12/19/2014,110.28,"1,865,027"
AGG,12/22/2014,110.45,"3,827,829"
AGG,12/23/2014,109.94,"2,790,798"
AGG,12/24/2014,109.69,"922,096"
AGG,12/26/2014,109.74,"1,124,918"
AGG,12/29/2014,109.97,"2,199,237"
AGG,12/30/2014,110.09,"2,069,596"
AGG,12/31/2014,110.12,"2,493,870"
AGG,01/02/2015,110.43,"2,090,232"
AGG,01/05/2015,110.67,"3,446,236"
AGG,01/06/2015,110.95,"3,688,054"
AGG,01/07/2015,110.93,"3,984,399"
AGG,01/08/2015,110.76,"2,212,153"
AGG,01/09/2015,111.03,"1,322,557"
AGG,01/12/2015,111.12,"2,185,655"
AGG,01/13/2015,111.15,"5,536,965"
AGG,01/14/2015,111.42,"3,043,605"
AGG,01/15/2015,111.93,"2,084,009"
AGG,01/16/2015,111.5,"2,744,525"
AGG,01/20/2015,111.69,"2,059,394"
AGG,01/21/2015,111.49,"2,020,176"
AGG,01/22/2015,111.43,"2,030,434"
AGG,01/23/2015,111.71,"1,535,012"
AGG,01/26/2015,111.66,"2,705,234"
AGG,01/27/2015,111.6,"1,635,906"
AGG,01/28/2015,112.07,"1,327,756"
AGG,01/29/2015,111.98,"1,752,591"
AGG,01/30/2015,112.38,"6,252,828"
AGG,02/02/2015,112.2,"2,792,120"
AGG,02/03/2015,111.77,"1,815,375"
AGG,02/04/2015,111.94,"1,953,033"
AGG,02/05/2015,111.71,"2,409,552"
AGG,02/06/2015,111.06,"2,531,315"
AGG,02/09/2015,111.04,"1,724,911"
AGG,02/10/2015,110.92,"1,272,543"
AGG,02/11/2015,110.87,"1,803,433"
AGG,02/12/2015,110.89,"2,123,746"
AGG,02/13/2015,110.76,"1,706,183"
AGG,02/17/2015,110.31,"2,043,026"
AGG,02/18/2015,110.62,"1,442,441"
AGG,02/19/2015,110.53,"1,442,991"
AGG,02/20/2015,110.55,"2,280,736"
AGG,02/23/2015,110.75,"1,688,234"
AGG,02/24/2015,111.24,"1,736,745"
AGG,02/25/2015,111.32,"2,319,277"
AGG,02/26/2015,110.92,"1,837,251"
AGG,02/27/2015,111.2,"3,816,414"
AGG,03/02/2015,110.45,"7,881,863"
AGG,03/03/2015,110.31,"4,228,397"
AGG,03/04/2015,110.37,"1,477,095"
AGG,03/05/2015,110.42,"1,053,013"
AGG,03/06/2015,109.7,"1,872,869"
AGG,03/09/2015,109.98,"2,724,695"
AGG,03/10/2015,110.24,"1,708,143"
AGG,03/11/2015,110.46,"1,171,619"
AGG,03/12/2015,110.55,"1,416,645"
AGG,03/13/2015,110.34,"3,235,526"
AGG,03/16/2015,110.58,"1,305,770"
AGG,03/17/2015,110.56,"1,423,692"
AGG,03/18/2015,111.37,"1,997,848"
AGG,03/19/2015,110.98,"1,929,655"
AGG,03/20/2015,111.32,"3,833,605"
AGG,03/23/2015,111.34,"1,120,884"
AGG,03/24/2015,111.64,"2,647,340"
AGG,03/25/2015,111.43,"1,612,307"
AGG,03/26/2015,111.03,"1,377,559"
AGG,03/27/2015,111.19,"5,610,233"
AGG,03/30/2015,111.24,"1,310,728"
AGG,03/31/2015,111.43,"2,958,055"
AGG,04/01/2015,111.58,"1,927,330"
AGG,04/02/2015,111.43,"1,761,723"
AGG,04/06/2015,111.5,"1,430,979"
AGG,04/07/2015,111.52,"1,415,177"
AGG,04/08/2015,111.53,"903,019"
AGG,04/09/2015,111.25,"1,728,452"
AGG,04/10/2015,111.25,"2,055,617"
AGG,04/13/2015,111.37,"950,963"
AGG,04/14/2015,111.49,"1,157,399"
AGG,04/15/2015,111.64,"1,296,832"
AGG,04/16/2015,111.58,"1,000,803"
AGG,04/17/2015,111.67,"1,274,289"
AGG,04/20/2015,111.59,"1,289,415"
AGG,04/21/2015,111.47,"1,522,674"
AGG,04/22/2015,111.14,"916,429"
AGG,04/23/2015,111.31,"1,483,934"
AGG,04/24/2015,111.5,"837,747"
AGG,04/27/2015,111.54,"1,595,563"
AGG,04/28/2015,111.11,"1,602,004"
AGG,04/29/2015,110.86,"1,313,249"
AGG,04/30/2015,110.86,"3,328,573"
AGG,05/01/2015,110.34,"1,357,164"
AGG,05/04/2015,110.1307,"1,651,932"
AGG,05/05/2015,110.03,"1,481,227"
AGG,05/06/2015,109.66,"1,566,004"
AGG,05/07/2015,109.93,"1,986,235"
AGG,05/08/2015,110.29,"1,933,601"
AGG,05/11/2015,109.59,"2,984,888"
AGG,05/12/2015,109.58,"1,394,866"
AGG,05/13/2015,109.57,"2,441,612"
AGG,05/14/2015,109.74,"1,796,941"
AGG,05/15/2015,110.2,"1,047,478"
AGG,05/18/2015,109.78,"863,865"
AGG,05/19/2015,109.4,"1,664,380"
AGG,05/20/2015,109.57,"1,584,131"
AGG,05/21/2015,109.91,"2,652,588"
AGG,05/22/2015,109.79,"1,086,983"
AGG,05/26/2015,110.06,"2,774,957"
AGG,05/27/2015,110.17,"888,691"
AGG,05/28/2015,110.13,"1,298,906"
AGG,05/29/2015,110.17,"2,780,256"
AGG,06/01/2015,109.66,"4,327,305"
AGG,06/02/2015,109.23,"1,830,416"
AGG,06/03/2015,108.8,"3,413,107"
AGG,06/04/2015,109.03,"1,907,881"
AGG,06/05/2015,108.55,"1,619,045"
AGG,06/08/2015,108.71,"1,289,705"
AGG,06/09/2015,108.4,"1,206,678"
AGG,06/10/2015,108.13,"1,491,244"
AGG,06/11/2015,108.71,"1,539,634"
AGG,06/12/2015,108.58,"1,365,918"
AGG,06/15/2015,108.71,"1,666,570"
AGG,06/16/2015,108.89,"1,309,857"
AGG,06/17/2015,108.9,"1,895,671"
AGG,06/18/2015,108.87,"2,917,418"
AGG,06/19/2015,109.21,"2,048,458"
AGG,06/22/2015,108.67,"1,173,800"
AGG,06/23/2015,108.42,"1,339,035"
AGG,06/24/2015,108.59,"1,527,811"
AGG,06/25/2015,108.47,"1,222,025"
AGG,06/26/2015,108.21,"1,054,938"
AGG,06/29/2015,108.85,"3,278,938"
AGG,06/30/2015,108.78,"2,159,465"
AGG,07/01/2015,108.29,"6,010,318"
AGG,07/02/2015,108.44,"994,614"
AGG,07/06/2015,108.83,"1,107,991"
AGG,07/07/2015,108.98,"2,502,487"
AGG,07/08/2015,109.24,"2,892,899"
AGG,07/09/2015,108.84,"1,932,808"
AGG,07/10/2015,108.38,"2,163,693"
AGG,07/13/2015,108.22,"1,938,311"
AGG,07/14/2015,108.4,"1,441,422"
AGG,07/15/2015,108.69,"1,781,385"
AGG,07/16/2015,108.78,"1,294,775"
AGG,07/17/2015,108.79,"897,639"
AGG,07/20/2015,108.6,"1,245,077"
AGG,07/21/2015,108.78,"1,191,503"
AGG,07/22/2015,108.83,"1,099,960"
AGG,07/23/2015,109.14,"1,021,367"
AGG,07/24/2015,109.12,"1,192,475"
AGG,07/27/2015,109.26,"2,665,995"
AGG,07/28/2015,109.15,"1,873,240"
AGG,07/29/2015,109.06,"2,273,525"
AGG,07/30/2015,109.07,"1,959,020"
AGG,07/31/2015,109.5,"2,084,323"
AGG,08/03/2015,109.4,"2,563,943"
AGG,08/04/2015,109.08,"1,659,909"
AGG,08/05/2015,108.88,"2,346,582"
AGG,08/06/2015,109.01,"1,038,142"
AGG,08/07/2015,109.2,"2,154,749"
AGG,08/10/2015,109.06,"1,280,227"
AGG,08/11/2015,109.42,"1,537,300"
AGG,08/12/2015,109.35,"1,563,891"
AGG,08/13/2015,109.12,"1,571,743"
AGG,08/14/2015,109.07,"1,890,482"
AGG,08/17/2015,109.26,"1,387,062"
AGG,08/18/2015,109.06,"785,393"
AGG,08/19/2015,109.4,"2,184,876"
AGG,08/20/2015,109.57,"1,075,630"
AGG,08/21/2015,109.76,"2,443,414"
AGG,08/24/2015,109.72,"5,440,205"
AGG,08/25/2015,109.46,"4,069,990"
AGG,08/26/2015,108.95,"3,994,218"
AGG,08/27/2015,109.1,"4,040,532"
AGG,08/28/2015,109,"4,774,631"
AGG,08/31/2015,108.92,"4,145,627"
AGG,09/01/2015,109.02,"3,386,037"
AGG,09/02/2015,108.88,"3,442,041"
AGG,09/03/2015,109.04,"1,935,134"
AGG,09/04/2015,109.27,"1,748,062"
AGG,09/08/2015,109.01,"2,130,373"
AGG,09/09/2015,109.05,"2,891,414"
AGG,09/10/2015,108.93,"2,564,356"
AGG,09/11/2015,109.06,"2,001,634"
AGG,09/14/2015,109.09,"1,543,554"
AGG,09/15/2015,108.6,"1,541,194"
AGG,09/16/2015,108.51,"1,810,077"
AGG,09/17/2015,109.19,"1,955,397"
AGG,09/18/2015,109.28,"4,510,562"
AGG,09/21/2015,108.99,"2,325,812"
AGG,09/22/2015,109.25,"2,044,824"
AGG,09/23/2015,109.16,"1,562,085"
AGG,09/24/2015,109.3,"2,699,968"
AGG,09/25/2015,109.11,"1,225,465"
AGG,09/28/2015,109.37,"1,884,380"
AGG,09/29/2015,109.54,"1,506,765"
AGG,09/30/2015,109.58,"3,121,559"
AGG,10/01/2015,109.46,"4,274,924"
AGG,10/02/2015,109.79,"3,553,258"
AGG,10/05/2015,109.38,"4,604,506"
AGG,10/06/2015,109.65,"5,013,761"
AGG,10/07/2015,109.57,"1,983,212"
AGG,10/08/2015,109.42,"2,038,676"
AGG,10/09/2015,109.33,"3,235,549"
AGG,10/12/2015,109.61,"1,268,800"
AGG,10/13/2015,109.62,"1,500,196"
AGG,10/14/2015,110.03,"3,911,956"
AGG,10/15/2015,109.88,"2,044,846"
AGG,10/16/2015,109.77,"1,629,967"
AGG,10/19/2015,109.88,"1,534,892"
AGG,10/20/2015,109.66,"1,805,387"
AGG,10/21/2015,109.92,"1,278,248"
AGG,10/22/2015,109.94,"2,276,274"
AGG,10/23/2015,109.75,"2,237,383"
AGG,10/26/2015,109.8,"1,541,278"
AGG,10/27/2015,109.96,"2,021,871"
AGG,10/28/2015,109.63,"1,661,266"
AGG,10/29/2015,109.16,"2,333,240"
AGG,10/30/2015,109.45,"10,576,989"
AGG,11/02/2015,109.02,"8,049,353"
AGG,11/03/2015,108.82,"3,033,405"
AGG,11/04/2015,108.82,"3,542,543"
AGG,11/05/2015,108.77,"2,185,900"
AGG,11/06/2015,108.25,"1,829,481"
AGG,11/09/2015,108.18,"12,843,237"
AGG,11/10/2015,108.38,"5,233,179"
AGG,11/11/2015,108.24,"1,603,365"
AGG,11/12/2015,108.34,"3,448,695"
AGG,11/13/2015,108.55,"3,784,105"
AGG,11/16/2015,108.64,"3,326,000"
AGG,11/17/2015,108.72,"2,461,340"
AGG,11/18/2015,108.64,"1,952,051"
AGG,11/19/2015,108.69,"4,232,721"
AGG,11/20/2015,108.62,"2,034,414"
AGG,11/23/2015,108.65,"1,975,965"
AGG,11/24/2015,108.75,"1,335,246"
AGG,11/25/2015,108.8,"1,169,253"
AGG,11/27/2015,108.77,"946,065"
AGG,11/30/2015,108.81,"2,397,035"
AGG,12/01/2015,108.82,"4,259,986"
AGG,12/02/2015,108.685,"2,462,787"
AGG,12/03/2015,107.89,"4,634,083"
AGG,12/04/2015,108.24,"2,182,057"
AGG,12/07/2015,108.4,"2,143,773"
AGG,12/08/2015,108.44,"2,311,799"
AGG,12/09/2015,108.44,"2,791,044"
AGG,12/10/2015,108.42,"2,001,503"
AGG,12/11/2015,108.69,"2,321,370"
AGG,12/14/2015,108.18,"3,351,855"
AGG,12/15/2015,108.19,"2,955,918"
AGG,12/16/2015,108,"2,946,785"
AGG,12/17/2015,108.15,"5,407,881"
AGG,12/18/2015,108.38,"4,006,425"
AGG,12/21/2015,108.28,"3,233,516"
AGG,12/22/2015,108.2,"4,507,611"
AGG,12/23/2015,108.18,"3,599,565"
AGG,12/24/2015,108.01,"1,248,819"
AGG,12/28/2015,108.01,"3,736,430"
AGG,12/29/2015,107.74,"3,094,619"
AGG,12/30/2015,107.72,"3,731,393"
AGG,12/31/2015,108.01,"3,406,140"
AGG,01/04/2016,107.97,"3,690,995"
AGG,01/05/2016,108.02,"2,732,887"
AGG,01/06/2016,108.43,"2,916,018"
AGG,01/07/2016,108.42,"2,469,015"
AGG,01/08/2016,108.66,"4,017,144"
AGG,01/11/2016,108.35,"2,820,542"
AGG,01/12/2016,108.59,"3,318,448"
AGG,01/13/2016,108.84,"3,011,466"
AGG,01/14/2016,108.8,"5,322,713"
AGG,01/15/2016,108.93,"3,348,853"
AGG,01/19/2016,108.82,"4,209,886"
AGG,01/20/2016,108.91,"4,349,924"
AGG,01/21/2016,108.76,"7,256,021"
AGG,01/22/2016,108.84,"3,258,715"
AGG,01/25/2016,108.78,"3,285,000"
AGG,01/26/2016,108.92,"2,604,142"
AGG,01/27/2016,108.94,"1,645,315"
AGG,01/28/2016,109.03,"2,390,647"
AGG,01/29/2016,109.35,"8,632,951"
AGG,02/01/2016,108.99,"4,512,330"
AGG,02/02/2016,109.32,"4,835,115"
AGG,02/03/2016,109.31,"3,700,282"
AGG,02/04/2016,109.42,"1,880,319"
AGG,02/05/2016,109.32,"2,155,563"
AGG,02/08/2016,109.74,"2,818,711"
AGG,02/09/2016,109.73,"3,023,852"
AGG,02/10/2016,110,"2,318,976"
AGG,02/11/2016,110.07,"2,928,013"
AGG,02/12/2016,109.77,"2,968,985"
AGG,02/16/2016,109.5,"2,356,364"
AGG,02/17/2016,109.44,"2,446,719"
AGG,02/18/2016,109.77,"2,844,572"
AGG,02/19/2016,109.79,"2,278,789"
AGG,02/22/2016,109.82,"2,421,786"
AGG,02/23/2016,109.84,"2,337,755"
AGG,02/24/2016,109.88,"2,473,501"
AGG,02/25/2016,110.16,"2,335,961"
AGG,02/26/2016,109.96,"2,068,260"
AGG,02/29/2016,110.09,"3,694,192"
AGG,03/01/2016,109.54,"3,984,505"
AGG,03/02/2016,109.42,"2,624,471"
AGG,03/03/2016,109.55,"3,632,840"
AGG,03/04/2016,109.38,"4,461,135"
AGG,03/07/2016,109.35,"2,823,244"
AGG,03/08/2016,109.62,"1,984,289"
AGG,03/09/2016,109.57,"1,468,657"
AGG,03/10/2016,109.62,"2,828,718"
AGG,03/11/2016,109.42,"2,065,008"
AGG,03/14/2016,109.48,"2,186,892"
AGG,03/15/2016,109.38,"1,746,182"
AGG,03/16/2016,109.85,"1,888,538"
AGG,03/17/2016,110.08,"4,116,539"
AGG,03/18/2016,110.17,"1,909,665"
AGG,03/21/2016,109.93,"2,152,276"
AGG,03/22/2016,109.86,"2,023,058"
AGG,03/23/2016,110.1,"2,885,056"
AGG,03/24/2016,110.11,"2,846,436"
AGG,03/28/2016,110.19,"2,918,053"
AGG,03/29/2016,110.52,"1,886,251"
AGG,03/30/2016,110.48,"2,764,517"
AGG,03/31/2016,110.825,"7,003,559"
AGG,04/01/2016,110.51,"5,374,230"
AGG,04/04/2016,110.62,"3,176,154"
AGG,04/05/2016,110.77,"2,954,123"
AGG,04/06/2016,110.75,"2,027,438"
AGG,04/07/2016,110.99,"1,876,140"
AGG,04/08/2016,110.88,"2,318,334"
AGG,04/11/2016,110.96,"1,718,424"
AGG,04/12/2016,110.78,"1,984,517"
AGG,04/13/2016,110.83,"1,769,278"
AGG,04/14/2016,110.64,"3,596,565"
AGG,04/15/2016,110.95,"1,579,648"
AGG,04/18/2016,110.94,"2,146,557"
AGG,04/19/2016,110.93,"2,019,189"
AGG,04/20/2016,110.66,"2,376,103"
AGG,04/21/2016,110.51,"2,692,797"
AGG,04/22/2016,110.52,"3,795,615"
AGG,04/25/2016,110.4,"3,118,816"
AGG,04/26/2016,110.35,"2,326,144"
AGG,04/27/2016,110.68,"2,337,117"
AGG,04/28/2016,110.9,"9,405,201"
AGG,04/29/2016,110.89,"5,112,855"
AGG,05/02/2016,110.605,"3,553,939"
AGG,05/03/2016,110.81,"3,044,940"
AGG,05/04/2016,110.86,"2,920,608"
AGG,05/05/2016,111.14,"3,008,142"
AGG,05/06/2016,110.97,"2,718,710"
AGG,05/09/2016,111.04,"2,173,463"
AGG,05/10/2016,111.09,"2,103,822"
AGG,05/11/2016,111.09,"2,507,055"
AGG,05/12/2016,110.99,"1,938,846"
AGG,05/13/2016,111.2,"1,511,386"
AGG,05/16/2016,111.01,"3,134,424"
AGG,05/17/2016,110.86,"1,769,745"
AGG,05/18/2016,110.4,"1,900,840"
AGG,05/19/2016,110.47,"3,461,882"
AGG,05/20/2016,110.54,"2,655,713"
AGG,05/23/2016,110.52,"2,244,346"
AGG,05/24/2016,110.46,"1,759,881"
AGG,05/25/2016,110.48,"2,743,128"
AGG,05/26/2016,110.65,"1,614,809"
AGG,05/27/2016,110.63,"2,164,776"
AGG,05/31/2016,110.7,"3,368,858"
AGG,06/01/2016,110.42,"2,941,672"
AGG,06/02/2016,110.7,"2,013,855"
AGG,06/03/2016,111.3,"2,210,534"
AGG,06/06/2016,111.15,"3,278,944"
AGG,06/07/2016,111.25,"2,157,143"
AGG,06/08/2016,111.29,"2,148,002"
AGG,06/09/2016,111.37,"1,543,605"
AGG,06/10/2016,111.52,"1,368,457"
AGG,06/13/2016,111.61,"1,661,371"
AGG,06/14/2016,111.56,"1,871,475"
AGG,06/15/2016,111.8,"1,732,212"
AGG,06/16/2016,111.87,"2,533,104"
AGG,06/17/2016,111.79,"2,730,866"
AGG,06/20/2016,111.48,"2,043,815"
AGG,06/21/2016,111.4,"1,882,471"
AGG,06/22/2016,111.47,"1,734,386"
AGG,06/23/2016,111.28,"1,721,410"
AGG,06/24/2016,111.86,"4,080,993"
AGG,06/27/2016,112.33,"3,018,894"
AGG,06/28/2016,112.47,"2,951,700"
AGG,06/29/2016,112.39,"2,745,817"
AGG,06/30/2016,112.615,"4,154,315"
AGG,07/01/2016,112.65,"5,235,298"
AGG,07/05/2016,112.95,"4,739,997"
AGG,07/06/2016,113.16,"3,150,465"
AGG,07/07/2016,113.08,"3,122,244"
AGG,07/08/2016,113.25,"2,910,456"
AGG,07/11/2016,112.95,"4,423,995"
AGG,07/12/2016,112.61,"1,970,760"
AGG,07/13/2016,112.77,"2,363,319"
AGG,07/14/2016,112.67,"3,345,200"
AGG,07/15/2016,112.26,"3,612,189"
AGG,07/18/2016,112.32,"1,547,259"
AGG,07/19/2016,112.51,"1,787,302"
AGG,07/20/2016,112.41,"1,808,776"
AGG,07/21/2016,112.51,"3,043,480"
AGG,07/22/2016,112.53,"2,315,883"
AGG,07/25/2016,112.4,"1,680,790"
AGG,07/26/2016,112.4,"3,540,188"
AGG,07/27/2016,112.73,"3,047,227"
AGG,07/28/2016,112.72,"2,640,793"
AGG,07/29/2016,113.02,"3,671,163"
AGG,08/01/2016,112.55,"3,149,309"
AGG,08/02/2016,112.22,"3,643,852"
AGG,08/03/2016,112.34,"3,777,808"
AGG,08/04/2016,112.55,"2,002,838"
AGG,08/05/2016,112.17,"2,474,608"
AGG,08/08/2016,112.24,"2,604,005"
AGG,08/09/2016,112.53,"2,981,125"
AGG,08/10/2016,112.66,"3,185,774"
AGG,08/11/2016,112.36,"1,807,426"
AGG,08/12/2016,112.63,"1,889,646"
AGG,08/15/2016,112.43,"1,950,534"
AGG,08/16/2016,112.36,"6,250,346"
AGG,08/17/2016,112.57,"5,210,676"
AGG,08/18/2016,112.73,"1,963,011"
AGG,08/19/2016,112.48,"3,287,636"
AGG,08/22/2016,112.65,"1,808,608"
AGG,08/23/2016,112.68,"2,583,046"
AGG,08/24/2016,112.64,"2,312,833"
AGG,08/25/2016,112.52,"1,613,504"
AGG,08/26/2016,112.34,"2,513,744"
AGG,08/29/2016,112.65,"2,156,390"
AGG,08/30/2016,112.59,"1,712,330"
AGG,08/31/2016,112.57,"3,024,974"
AGG,09/01/2016,112.46,"3,777,072"
AGG,09/02/2016,112.31,"1,730,891"
AGG,09/06/2016,112.55,"3,745,783"
AGG,09/07/2016,112.61,"1,839,590"
AGG,09/08/2016,112.22,"2,605,588"
AGG,09/09/2016,111.73,"2,763,905"
AGG,09/12/2016,111.82,"2,358,202"
AGG,09/13/2016,111.51,"3,005,397"
AGG,09/14/2016,111.65,"2,089,669"
AGG,09/15/2016,111.72,"2,270,232"
AGG,09/16/2016,111.8,"1,701,101"
AGG,09/19/2016,111.71,"2,026,930"
AGG,09/20/2016,111.75,"2,078,533"
AGG,09/21/2016,112.03,"1,899,475"
AGG,09/22/2016,112.26,"2,017,170"
AGG,09/23/2016,112.23,"3,415,707"
AGG,09/26/2016,112.37,"2,326,930"
AGG,09/27/2016,112.51,"2,881,338"
AGG,09/28/2016,112.54,"2,853,912"
AGG,09/29/2016,112.54,"1,668,048"
AGG,09/30/2016,112.42,"3,679,813"
AGG,10/03/2016,112.09,"9,372,902"
AGG,10/04/2016,111.71,"5,022,435"
AGG,10/05/2016,111.56,"3,368,692"
AGG,10/06/2016,111.56,"2,059,449"
AGG,10/07/2016,111.58,"1,867,638"
AGG,10/10/2016,111.53,"1,295,404"
AGG,10/11/2016,111.36,"2,753,285"
AGG,10/12/2016,111.4,"1,668,515"
AGG,10/13/2016,111.56,"1,964,801"
AGG,10/14/2016,111.37,"2,471,532"
AGG,10/17/2016,111.56,"1,556,795"
AGG,10/18/2016,111.74,"1,583,035"
AGG,10/19/2016,111.8,"1,550,019"
AGG,10/20/2016,111.76,"1,420,763"
AGG,10/21/2016,111.83,"1,776,977"
AGG,10/24/2016,111.66,"1,385,635"
AGG,10/25/2016,111.66,"2,344,414"
AGG,10/26/2016,111.44,"2,684,013"
AGG,10/27/2016,111.16,"2,330,676"
AGG,10/28/2016,111.16,"1,713,818"
AGG,10/31/2016,111.3,"3,260,284"
AGG,11/01/2016,111.03,"4,724,994"
AGG,11/02/2016,111.16,"2,572,621"
AGG,11/03/2016,111.01,"3,254,541"
AGG,11/04/2016,111.24,"2,013,403"
AGG,11/07/2016,111.11,"2,030,961"
AGG,11/08/2016,110.93,"2,107,399"
AGG,11/09/2016,109.9,"3,657,249"
AGG,11/10/2016,109.45,"4,179,169"
AGG,11/11/2016,109.25,"2,804,638"
AGG,11/14/2016,108.81,"3,055,326"
AGG,11/15/2016,108.89,"2,252,283"
AGG,11/16/2016,109.13,"2,165,040"
AGG,11/17/2016,108.72,"1,904,088"
AGG,11/18/2016,108.37,"2,767,026"
AGG,11/21/2016,108.46,"1,705,567"
AGG,11/22/2016,108.56,"3,465,281"
AGG,11/23/2016,108.18,"2,497,587"
AGG,11/25/2016,108.17,"1,071,549"
AGG,11/28/2016,108.55,"2,476,734"
AGG,11/29/2016,108.67,"2,178,974"
AGG,11/30/2016,108.24,"4,627,504"
AGG,12/01/2016,107.68,"4,691,890"
AGG,12/02/2016,108.02,"4,269,397"
AGG,12/05/2016,108.11,"3,398,051"
AGG,12/06/2016,108.09,"3,306,875"
AGG,12/07/2016,108.37,"3,796,920"
AGG,12/08/2016,108.17,"2,822,645"
AGG,12/09/2016,107.84,"4,530,921"
AGG,12/12/2016,107.74,"3,074,224"
AGG,12/13/2016,107.88,"3,665,919"
AGG,12/14/2016,107.29,"3,544,087"
AGG,12/15/2016,107.16,"4,619,085"
AGG,12/16/2016,107.23,"2,981,686"
AGG,12/19/2016,107.51,"3,202,481"
AGG,12/20/2016,107.41,"2,871,918"
AGG,12/21/2016,107.64,"4,066,779"
AGG,12/22/2016,107.39,"4,110,325"
AGG,12/23/2016,107.42,"3,821,161"
AGG,12/27/2016,107.34,"2,661,574"
AGG,12/28/2016,107.51,"5,609,732"
AGG,12/29/2016,107.84,"3,649,948"
AGG,12/30/2016,108.06,"3,690,250"
AGG,01/03/2017,108.17,"5,079,339"
AGG,01/04/2017,108.2,"3,297,075"
AGG,01/05/2017,108.65,"5,165,933"
AGG,01/06/2017,108.29,"2,910,119"
AGG,01/09/2017,108.47,"3,030,497"
AGG,01/10/2017,108.44,"2,396,346"
AGG,01/11/2017,108.57,"4,465,599"
AGG,01/12/2017,108.61,"3,036,555"
AGG,01/13/2017,108.42,"3,293,580"
AGG,01/17/2017,108.79,"3,685,709"
AGG,01/18/2017,108.32,"3,115,614"
AGG,01/19/2017,108.04,"2,387,984"
AGG,01/20/2017,108.08,"3,524,950"
AGG,01/23/2017,108.38,"3,063,351"
AGG,01/24/2017,108.21,"2,049,504"
AGG,01/25/2017,107.92,"2,912,944"
AGG,01/26/2017,107.99,"2,046,256"
AGG,01/27/2017,108.08,"3,096,808"
AGG,01/30/2017,108.03,"2,946,223"
AGG,01/31/2017,108.29,"7,552,672"
AGG,02/01/2017,107.92,"2,994,645"
AGG,02/02/2017,107.98,"3,490,763"
AGG,02/03/2017,108.01,"2,728,430"
AGG,02/06/2017,108.32,"1,827,186"
AGG,02/07/2017,108.43,"2,659,217"
AGG,02/08/2017,108.74,"3,873,152"
AGG,02/09/2017,108.48,"2,736,100"
AGG,02/10/2017,108.46,"2,365,339"
AGG,02/13/2017,108.3,"2,189,830"
AGG,02/14/2017,108.06,"2,809,525"
AGG,02/15/2017,107.89,"2,138,914"
AGG,02/16/2017,108.12,"5,257,568"
AGG,02/17/2017,108.36,"2,228,261"
AGG,02/21/2017,108.35,"1,980,343"
AGG,02/22/2017,108.42,"2,655,460"
AGG,02/23/2017,108.6,"2,168,995"
AGG,02/24/2017,109,"2,670,884"
AGG,02/27/2017,108.8,"1,998,161"
AGG,02/28/2017,108.77,"3,840,064"
AGG,03/01/2017,108.04,"3,280,167"
AGG,03/02/2017,107.84,"2,299,703"
AGG,03/03/2017,107.92,"4,293,867"
AGG,03/06/2017,107.87,"3,678,302"
AGG,03/07/2017,107.73,"2,237,937"
AGG,03/08/2017,107.47,"2,834,748"
AGG,03/09/2017,107.14,"3,527,292"
AGG,03/10/2017,107.3,"1,905,999"
AGG,03/13/2017,107.12,"1,658,472"
AGG,03/14/2017,107.16,"2,639,200"
AGG,03/15/2017,107.78,"2,163,046"
AGG,03/16/2017,107.66,"2,369,707"
AGG,03/17/2017,107.89,"2,368,799"
AGG,03/20/2017,108.05,"1,635,249"
AGG,03/21/2017,108.27,"2,049,680"
AGG,03/22/2017,108.42,"2,643,641"
AGG,03/23/2017,108.45,"2,071,485"
AGG,03/24/2017,108.36,"3,374,871"
AGG,03/27/2017,108.62,"1,977,292"
AGG,03/28/2017,108.37,"2,016,097"
AGG,03/29/2017,108.61,"1,965,626"
AGG,03/30/2017,108.41,"1,733,874"
AGG,03/31/2017,108.49,"3,717,721"
AGG,04/03/2017,108.67,"5,198,006"
AGG,04/04/2017,108.57,"1,627,492"
AGG,04/05/2017,108.69,"2,304,074"
AGG,04/06/2017,108.68,"1,725,301"
AGG,04/07/2017,108.44,"1,783,599"
AGG,04/10/2017,108.58,"1,903,768"
AGG,04/11/2017,108.89,"2,200,830"
AGG,04/12/2017,109.13,"2,432,965"
AGG,04/13/2017,109.27,"2,339,939"
AGG,04/17/2017,109.21,"1,646,056"
AGG,04/18/2017,109.65,"2,369,862"
AGG,04/19/2017,109.48,"2,148,531"
AGG,04/20/2017,109.31,"1,867,805"
AGG,04/21/2017,109.34,"1,539,265"
AGG,04/24/2017,109.18,"2,745,689"
AGG,04/25/2017,108.82,"1,888,469"
AGG,04/26/2017,108.96,"2,893,801"
AGG,04/27/2017,109.06,"1,660,940"
AGG,04/28/2017,109.25,"5,774,846"
AGG,05/01/2017,108.73,"2,510,027"
AGG,05/02/2017,108.88,"2,841,518"
AGG,05/03/2017,108.77,"1,923,403"
AGG,05/04/2017,108.68,"1,897,912"
AGG,05/05/2017,108.7,"1,421,843"
AGG,05/08/2017,108.49,"3,568,402"
AGG,05/09/2017,108.5,"3,084,948"
AGG,05/10/2017,108.53,"1,653,429"
AGG,05/11/2017,108.52,"2,331,142"
AGG,05/12/2017,108.92,"1,329,696"
AGG,05/15/2017,108.88,"1,770,999"
AGG,05/16/2017,109.02,"2,051,881"
AGG,05/17/2017,109.58,"2,464,752"
AGG,05/18/2017,109.52,"2,107,020"
AGG,05/19/2017,109.52,"1,503,978"
AGG,05/22/2017,109.45,"1,642,809"
AGG,05/23/2017,109.24,"1,334,724"
AGG,05/24/2017,109.43,"2,719,267"
AGG,05/25/2017,109.48,"1,558,065"
AGG,05/26/2017,109.44,"955,267"
AGG,05/30/2017,109.65,"2,093,241"
AGG,05/31/2017,109.76,"2,416,515"
AGG,06/01/2017,109.48,"2,454,539"
AGG,06/02/2017,109.84,"1,507,368"
AGG,06/05/2017,109.67,"2,450,624"
AGG,06/06/2017,109.89,"1,607,846"
AGG,06/07/2017,109.76,"1,903,624"
AGG,06/08/2017,109.65,"1,532,737"
AGG,06/09/2017,109.56,"1,616,833"
AGG,06/12/2017,109.56,"1,394,766"
AGG,06/13/2017,109.59,"1,474,335"
AGG,06/14/2017,109.94,"2,627,482"
AGG,06/15/2017,109.87,"2,233,855"
AGG,06/16/2017,109.94,"2,216,671"
AGG,06/19/2017,109.79,"1,610,466"
AGG,06/20/2017,109.96,"2,195,500"
AGG,06/21/2017,109.98,"1,217,369"
AGG,06/22/2017,110.03,"1,427,444"
AGG,06/23/2017,110.05,"1,259,120"
AGG,06/26/2017,110.15,"1,914,565"
AGG,06/27/2017,109.82,"3,072,302"
AGG,06/28/2017,109.86,"12,184,475"
AGG,06/29/2017,109.65,"3,377,194"
AGG,06/30/2017,109.51,"2,626,939"
AGG,07/03/2017,109.09,"1,817,281"
AGG,07/05/2017,109.15,"4,288,609"
AGG,07/06/2017,108.94,"2,284,910"
AGG,07/07/2017,108.9,"2,727,445"
AGG,07/10/2017,108.95,"2,386,444"
AGG,07/11/2017,109.05,"1,969,064"
AGG,07/12/2017,109.38,"2,129,850"
AGG,07/13/2017,109.26,"1,568,304"
AGG,07/14/2017,109.37,"1,916,631"
AGG,07/17/2017,109.42,"4,078,495"
AGG,07/18/2017,109.67,"2,878,592"
AGG,07/19/2017,109.7,"1,577,734"
AGG,07/20/2017,109.73,"1,802,663"
AGG,07/21/2017,109.92,"1,532,056"
AGG,07/24/2017,109.82,"1,946,019"
AGG,07/25/2017,109.43,"2,601,670"
AGG,07/26/2017,109.64,"2,249,859"
AGG,07/27/2017,109.48,"1,868,732"
AGG,07/28/2017,109.7,"1,894,332"
AGG,07/31/2017,109.65,"2,362,989"
AGG,08/01/2017,109.72,"2,338,876"
AGG,08/02/2017,109.64,"2,253,372"
AGG,08/03/2017,109.86,"1,485,193"
AGG,08/04/2017,109.68,"2,300,875"
AGG,08/07/2017,109.67,"2,359,826"
AGG,08/08/2017,109.57,"2,570,876"
AGG,08/09/2017,109.67,"2,308,932"
AGG,08/10/2017,109.78,"2,004,163"
AGG,08/11/2017,109.87,"1,913,253"
AGG,08/14/2017,109.82,"2,294,261"
AGG,08/15/2017,109.66,"2,177,420"
AGG,08/16/2017,109.86,"1,956,479"
AGG,08/17/2017,110.02,"5,403,527"
AGG,08/18/2017,109.95,"1,564,794"
AGG,08/21/2017,110.03,"1,717,640"
AGG,08/22/2017,109.93,"1,992,321"
AGG,08/23/2017,110.18,"1,894,934"
AGG,08/24/2017,110.04,"2,102,142"
AGG,08/25/2017,110.12,"2,326,792"
AGG,08/28/2017,110.16,"4,476,080"
AGG,08/29/2017,110.32,"2,092,244"
AGG,08/30/2017,110.3,"1,505,746"
AGG,08/31/2017,110.45,"5,308,381"
AGG,09/01/2017,109.97,"2,824,636"
AGG,09/05/2017,110.42,"2,257,109"
AGG,09/06/2017,110.3,"2,720,188"
AGG,09/07/2017,110.57,"1,648,825"
AGG,09/08/2017,110.44,"2,363,231"
AGG,09/11/2017,110.14,"2,492,743"
AGG,09/12/2017,109.98,"2,403,562"
AGG,09/13/2017,109.87,"1,304,102"
AGG,09/14/2017,109.93,"1,704,216"
AGG,09/15/2017,109.91,"2,818,046"
AGG,09/18/2017,109.86,"1,946,411"
AGG,09/19/2017,109.8,"1,407,196"
AGG,09/20/2017,109.71,"1,356,768"
AGG,09/21/2017,109.69,"2,210,883"
AGG,09/22/2017,109.77,"1,461,846"
AGG,09/25/2017,110.03,"3,937,638"
AGG,09/26/2017,109.99,"2,749,892"
AGG,09/27/2017,109.67,"3,042,751"
AGG,09/28/2017,109.68,"1,702,507"
AGG,09/29/2017,109.59,"5,770,818"
AGG,10/02/2017,109.43,"5,692,248"
AGG,10/03/2017,109.52,"2,462,485"
AGG,10/04/2017,109.49,"2,673,151"
AGG,10/05/2017,109.44,"1,909,925"
AGG,10/06/2017,109.28,"1,823,984"
AGG,10/09/2017,109.43,"1,131,590"
AGG,10/10/2017,109.44,"1,635,802"
AGG,10/11/2017,109.46,"1,866,393"
AGG,10/12/2017,109.59,"1,933,369"
AGG,10/13/2017,109.86,"1,743,840"
AGG,10/16/2017,109.75,"3,788,111"
AGG,10/17/2017,109.71,"1,764,831"
AGG,10/18/2017,109.54,"1,663,836"
AGG,10/19/2017,109.62,"1,876,987"
AGG,10/20/2017,109.3,"2,014,321"
AGG,10/23/2017,109.42,"2,000,787"
AGG,10/24/2017,109.19,"1,722,478"
AGG,10/25/2017,109.12,"2,945,419"
AGG,10/26/2017,109,"2,163,496"
AGG,10/27/2017,109.24,"1,902,541"
AGG,10/30/2017,109.54,"2,384,812"
AGG,10/31/2017,109.47,"3,719,883"
AGG,11/01/2017,109.29,"2,959,362"
AGG,11/02/2017,109.35,"2,160,492"
AGG,11/03/2017,109.45,"1,781,239"
AGG,11/06/2017,109.55,"1,292,977"
AGG,11/07/2017,109.58,"2,015,511"
AGG,11/08/2017,109.51,"2,742,622"
AGG,11/09/2017,109.43,"2,479,760"
AGG,11/10/2017,108.99,"1,751,136"
AGG,11/13/2017,108.99,"1,891,563"
AGG,11/14/2017,109.1,"2,799,949"
AGG,11/15/2017,109.31,"2,495,653"
AGG,11/16/2017,109.19,"1,912,596"
AGG,11/17/2017,109.31,"3,544,593"
AGG,11/20/2017,109.25,"2,639,133"
AGG,11/21/2017,109.36,"2,297,395"
AGG,11/22/2017,109.55,"6,104,105"
AGG,11/24/2017,109.53,"1,693,471"
AGG,11/27/2017,109.53,"2,653,260"
AGG,11/28/2017,109.53,"5,126,887"
AGG,11/29/2017,109.26,"2,423,666"
AGG,11/30/2017,109.08,"4,011,274"
AGG,12/01/2017,109.16,"3,410,153"
AGG,12/04/2017,109.15,"2,652,809"
AGG,12/05/2017,109.26,"2,995,529"
AGG,12/06/2017,109.37,"2,965,777"
AGG,12/07/2017,109.23,"2,584,120"
AGG,12/08/2017,109.19,"1,684,998"
AGG,12/11/2017,109.15,"2,612,378"
AGG,12/12/2017,109.1,"3,142,615"
AGG,12/13/2017,109.41,"3,109,545"
AGG,12/14/2017,109.44,"4,126,106"
AGG,12/15/2017,109.47,"2,403,655"
AGG,12/18/2017,109.33,"4,474,295"
AGG,12/19/2017,109.01,"2,820,942"
AGG,12/20/2017,108.76,"4,002,532"
AGG,12/21/2017,108.82,"2,374,500"
AGG,12/22/2017,108.87,"3,292,848"
AGG,12/26/2017,108.96,"1,873,401"
AGG,12/27/2017,109.3,"2,046,950"
AGG,12/28/2017,109.22,"2,895,441"
AGG,12/29/2017,109.33,"2,813,359"
AGG,01/02/2018,109.17,"8,851,239"
AGG,01/03/2018,109.18,"2,441,732"
AGG,01/04/2018,109.11,"2,945,384"
AGG,01/05/2018,109.04,"4,322,873"
AGG,01/08/2018,109.01,"3,394,498"
AGG,01/09/2018,108.71,"2,301,454"
AGG,01/10/2018,108.71,"4,194,349"
AGG,01/11/2018,108.76,"3,470,415"
AGG,01/12/2018,108.74,"3,605,930"
AGG,01/16/2018,108.77,"6,794,442"
AGG,01/17/2018,108.65,"3,146,296"
AGG,01/18/2018,108.41,"2,896,531"
AGG,01/19/2018,108.18,"2,933,808"
AGG,01/22/2018,108.14,"3,983,269"
AGG,01/23/2018,108.4,"4,775,565"
AGG,01/24/2018,108.29,"2,362,273"
AGG,01/25/2018,108.57,"9,851,621"
AGG,01/26/2018,108.37,"3,808,163"
AGG,01/29/2018,108.18,"3,974,875"
AGG,01/30/2018,108.01,"3,659,538"
AGG,01/31/2018,108.1,"8,066,895"
AGG,02/01/2018,107.52,"9,678,708"
AGG,02/02/2018,107.2,"4,779,286"
AGG,02/05/2018,107.63,"5,991,702"
AGG,02/06/2018,107.32,"6,031,378"
AGG,02/07/2018,107.08,"4,115,631"
AGG,02/08/2018,106.9,"4,761,578"
AGG,02/09/2018,106.76,"5,926,119"
AGG,02/12/2018,106.79,"5,421,413"
AGG,02/13/2018,106.82,"4,256,198"
AGG,02/14/2018,106.46,"4,317,006"
AGG,02/15/2018,106.59,"2,878,890"
AGG,02/16/2018,106.8,"3,648,896"
AGG,02/20/2018,106.69,"2,907,353"
AGG,02/21/2018,106.35,"3,223,807"
AGG,02/22/2018,106.36,"2,485,375"
AGG,02/23/2018,106.63,"2,398,139"
AGG,02/26/2018,106.71,"4,617,332"
AGG,02/27/2018,106.48,"5,704,682"
AGG,02/28/2018,106.77,"9,614,100"
AGG,03/01/2018,106.63,"7,335,507"
AGG,03/02/2018,106.46,"3,717,333"
AGG,03/05/2018,106.4,"3,307,229"
AGG,03/06/2018,106.42,"1,932,134"
AGG,03/07/2018,106.4,"3,448,700"
AGG,03/08/2018,106.57,"2,396,210"
AGG,03/09/2018,106.37,"3,669,435"
AGG,03/12/2018,106.43,"4,149,551"
AGG,03/13/2018,106.57,"2,727,516"
AGG,03/14/2018,106.75,"3,126,465"
AGG,03/15/2018,106.76,"3,045,480"
AGG,03/16/2018,106.7,"2,552,666"
AGG,03/19/2018,106.59,"2,263,306"
AGG,03/20/2018,106.42,"3,000,736"
AGG,03/21/2018,106.41,"2,994,423"
AGG,03/22/2018,106.61,"3,334,408"
AGG,03/23/2018,106.61,"3,618,720"
AGG,03/26/2018,106.57,"4,546,535"
AGG,03/27/2018,106.88,"4,537,652"
AGG,03/28/2018,106.94,"5,617,206"
AGG,03/29/2018,107.25,"9,190,690"
AGG,04/02/2018,106.9,"7,280,259"
AGG,04/03/2018,106.78,"9,916,091"
AGG,04/04/2018,106.82,"6,200,862"
AGG,04/05/2018,106.67,"2,592,453"
AGG,04/06/2018,106.91,"2,814,781"
AGG,04/09/2018,107,"3,746,468"
AGG,04/10/2018,106.92,"2,955,469"
AGG,04/11/2018,107.01,"8,598,940"
AGG,04/12/2018,106.77,"3,898,969"
AGG,04/13/2018,106.8,"2,764,839"
AGG,04/16/2018,106.82,"3,860,835"
AGG,04/17/2018,106.85,"2,362,997"
AGG,04/18/2018,106.55,"2,231,676"
AGG,04/19/2018,106.29,"10,985,057"
AGG,04/20/2018,106,"2,766,030"
AGG,04/23/2018,105.95,"2,620,804"
AGG,04/24/2018,105.81,"3,442,319"
AGG,04/25/2018,105.67,"3,784,953"
AGG,04/26/2018,105.85,"4,870,388"
AGG,04/27/2018,105.98,"3,806,396"
AGG,04/30/2018,106,"4,692,614"
AGG,05/01/2018,105.67,"3,027,047"
AGG,05/02/2018,105.67,"2,560,752"
AGG,05/03/2018,105.79,"4,499,248"
AGG,05/04/2018,105.86,"2,317,096"
AGG,05/07/2018,105.81,"1,533,669"
AGG,05/08/2018,105.69,"2,591,700"
AGG,05/09/2018,105.57,"2,507,491"
AGG,05/10/2018,105.81,"2,096,721"
AGG,05/11/2018,105.86,"2,034,081"
AGG,05/14/2018,105.76,"2,183,502"
AGG,05/15/2018,105.29,"2,166,440"
AGG,05/16/2018,105.17,"2,477,507"
AGG,05/17/2018,105.03,"2,789,005"
AGG,05/18/2018,105.3,"2,151,118"
AGG,05/21/2018,105.31,"1,952,244"
AGG,05/22/2018,105.31,"2,246,365"
AGG,05/23/2018,105.6,"6,061,860"
AGG,05/24/2018,105.89,"2,903,289"
AGG,05/25/2018,106.12,"2,508,114"
AGG,05/29/2018,106.82,"3,494,325"
AGG,05/30/2018,106.55,"3,158,167"
AGG,05/31/2018,106.46,"5,157,385"
AGG,06/01/2018,106.08,"6,206,774"
AGG,06/04/2018,105.83,"4,288,082"
AGG,06/05/2018,105.91,"1,848,314"
AGG,06/06/2018,105.67,"2,705,824"
AGG,06/07/2018,105.9,"2,724,806"
AGG,06/08/2018,105.75,"3,416,767"
AGG,06/11/2018,105.64,"4,330,767"
AGG,06/12/2018,105.67,"3,546,472"
AGG,06/13/2018,105.57,"3,627,325"
AGG,06/14/2018,105.84,"4,689,627"
AGG,06/15/2018,105.88,"2,361,806"
AGG,06/18/2018,105.9,"2,359,348"
AGG,06/19/2018,106.01,"2,184,239"
AGG,06/20/2018,105.81,"2,403,650"
AGG,06/21/2018,105.84,"2,895,519"
AGG,06/22/2018,105.94,"1,957,177"
AGG,06/25/2018,105.88,"5,522,854"
AGG,06/26/2018,106.05,"2,665,205"
AGG,06/27/2018,106.24,"3,001,320"
AGG,06/28/2018,106.23,"1,798,917"
AGG,06/29/2018,106.32,"7,117,325"
AGG,07/02/2018,105.99,"7,159,907"
AGG,07/03/2018,106.21,"2,425,106"
AGG,07/05/2018,106.31,"2,739,896"
AGG,07/06/2018,106.42,"2,598,654"
AGG,07/09/2018,106.32,"1,926,043"
AGG,07/10/2018,106.24,"2,489,718"
AGG,07/11/2018,106.28,"5,385,003"
AGG,07/12/2018,106.41,"2,145,797"
AGG,07/13/2018,106.51,"2,235,587"
AGG,07/16/2018,106.39,"2,116,503"
AGG,07/17/2018,106.35,"2,964,094"
AGG,07/18/2018,106.32,"1,760,866"
AGG,07/19/2018,106.48,"2,163,249"
AGG,07/20/2018,106.27,"3,024,605"
AGG,07/23/2018,105.9,"1,848,649"
AGG,07/24/2018,106.05,"3,590,304"
AGG,07/25/2018,106.06,"3,318,287"
AGG,07/26/2018,106,"2,245,020"
AGG,07/27/2018,106.08,"2,637,432"
AGG,07/30/2018,105.97,"5,518,246"
AGG,07/31/2018,106.06,"5,928,141"
AGG,08/01/2018,105.7,"4,534,062"
AGG,08/02/2018,105.74,"3,671,901"
AGG,08/03/2018,105.97,"2,542,872"
AGG,08/06/2018,106.04,"4,120,024"
AGG,08/07/2018,105.85,"2,532,774"
AGG,08/08/2018,105.85,"1,937,527"
AGG,08/09/2018,106,"2,386,423"
AGG,08/10/2018,106.23,"4,136,263"
AGG,08/13/2018,106.29,"2,786,252"
AGG,08/14/2018,106.19,"6,087,441"
AGG,08/15/2018,106.34,"4,652,701"
AGG,08/16/2018,106.4,"2,658,190"
AGG,08/17/2018,106.46,"2,071,108"
AGG,08/20/2018,106.67,"2,355,530"
AGG,08/21/2018,106.58,"2,834,967"
AGG,08/22/2018,106.67,"2,189,962"
AGG,08/23/2018,106.61,"1,568,629"
AGG,08/24/2018,106.73,"3,649,676"
AGG,08/27/2018,106.59,"3,233,506"
AGG,08/28/2018,106.39,"2,558,087"
AGG,08/29/2018,106.37,"2,792,416"
AGG,08/30/2018,106.42,"2,803,229"
AGG,08/31/2018,106.41,"3,308,670"
AGG,09/04/2018,106.06,"3,164,000"
AGG,09/05/2018,106.01,"2,788,329"
AGG,09/06/2018,106.19,"2,248,481"
AGG,09/07/2018,105.81,"2,571,740"
AGG,09/10/2018,105.91,"3,305,683"
AGG,09/11/2018,105.73,"4,918,982"
AGG,09/12/2018,105.8,"4,168,939"
AGG,09/13/2018,105.87,"2,280,187"
AGG,09/14/2018,105.67,"2,693,325"
AGG,09/17/2018,105.67,"5,721,676"
AGG,09/18/2018,105.44,"2,206,031"
AGG,09/19/2018,105.24,"2,700,645"
AGG,09/20/2018,105.38,"2,897,990"
AGG,09/21/2018,105.46,"2,792,572"
AGG,09/24/2018,105.36,"1,894,985"
AGG,09/25/2018,105.31,"2,059,394"
AGG,09/26/2018,105.56,"2,912,060"
AGG,09/27/2018,105.63,"2,528,176"
AGG,09/28/2018,105.52,"4,883,958"
AGG,10/01/2018,105.24,"3,517,615"
AGG,10/02/2018,105.36,"6,912,595"
AGG,10/03/2018,104.86,"2,540,483"
AGG,10/04/2018,104.56,"5,268,197"
AGG,10/05/2018,104.33,"3,460,512"
AGG,10/08/2018,104.29,"2,267,961"
AGG,10/09/2018,104.44,"21,903,180"
AGG,10/10/2018,104.41,"3,834,833"
AGG,10/11/2018,104.72,"7,053,895"
AGG,10/12/2018,104.75,"5,017,438"
AGG,10/15/2018,104.68,"3,047,742"
AGG,10/16/2018,104.74,"5,750,136"
AGG,10/17/2018,104.53,"2,844,251"
AGG,10/18/2018,104.46,"3,158,160"
AGG,10/19/2018,104.37,"2,985,836"
AGG,10/22/2018,104.35,"2,807,288"
AGG,10/23/2018,104.48,"3,524,332"
AGG,10/24/2018,104.75,"4,465,115"
AGG,10/25/2018,104.66,"8,290,193"
AGG,10/26/2018,104.9,"5,811,430"
AGG,10/29/2018,104.79,"5,075,124"
AGG,10/30/2018,104.64,"2,551,951"
AGG,10/31/2018,104.59,"14,880,451"
AGG,11/01/2018,104.34,"7,918,997"
AGG,11/02/2018,104.03,"4,491,534"
AGG,11/05/2018,104.1,"3,412,593"
AGG,11/06/2018,104.11,"2,619,867"
AGG,11/07/2018,104.2,"4,677,344"
AGG,11/08/2018,104.01,"3,489,240"
AGG,11/09/2018,104.14,"2,901,862"
AGG,11/12/2018,104.31,"2,779,740"
AGG,11/13/2018,104.35,"2,977,135"
AGG,11/14/2018,104.36,"3,395,933"
AGG,11/15/2018,104.49,"3,861,267"
AGG,11/16/2018,104.66,"3,332,603"
AGG,11/19/2018,104.65,"4,673,171"
AGG,11/20/2018,104.61,"3,162,710"
AGG,11/21/2018,104.68,"5,701,650"
AGG,11/23/2018,104.65,"1,665,891"
AGG,11/26/2018,104.63,"4,326,052"
AGG,11/27/2018,104.66,"4,107,650"
AGG,11/28/2018,104.86,"8,513,892"
AGG,11/29/2018,104.91,"5,922,602"
AGG,11/30/2018,104.88,"6,126,215"
AGG,12/03/2018,104.8,"14,037,859"
AGG,12/04/2018,105.08,"5,365,152"
AGG,12/06/2018,105.34,"7,396,761"
AGG,12/07/2018,105.48,"5,440,236"
AGG,12/10/2018,105.55,"6,096,047"
AGG,12/11/2018,105.58,"8,086,242"
AGG,12/12/2018,105.5,"8,088,958"
AGG,12/13/2018,105.53,"5,762,548"
AGG,12/14/2018,105.56,"6,265,024"
AGG,12/17/2018,105.74,"7,630,451"
AGG,12/18/2018,105.84,"6,626,140"
AGG,12/19/2018,105.94,"7,264,847"
AGG,12/20/2018,105.84,"7,695,043"
AGG,12/21/2018,105.79,"10,381,249"
AGG,12/24/2018,105.86,"7,196,077"
AGG,12/26/2018,105.66,"8,606,928"
AGG,12/27/2018,105.83,"10,562,240"
AGG,12/28/2018,106.22,"7,019,644"
AGG,12/31/2018,106.49,"9,671,788"
AGG,01/02/2019,106.57,"11,200,737"
AGG,01/03/2019,107.01,"6,497,102"
AGG,01/04/2019,106.69,"8,148,986"
AGG,01/07/2019,106.51,"7,433,691"
AGG,01/08/2019,106.43,"4,395,589"
AGG,01/09/2019,106.52,"5,458,087"
AGG,01/10/2019,106.4,"3,532,551"
AGG,01/11/2019,106.55,"5,759,032"
AGG,01/14/2019,106.4,"7,544,314"
AGG,01/15/2019,106.42,"3,690,211"
AGG,01/16/2019,106.51,"4,007,835"
AGG,01/17/2019,106.43,"5,546,970"
AGG,01/18/2019,106.35,"5,643,389"
AGG,01/22/2019,106.44,"6,823,956"
AGG,01/23/2019,106.55,"3,222,846"
AGG,01/24/2019,106.73,"7,308,898"
AGG,01/25/2019,106.68,"3,469,453"
AGG,01/28/2019,106.62,"7,365,747"
AGG,01/29/2019,106.9,"6,158,607"
AGG,01/30/2019,107.14,"6,350,434"
AGG,01/31/2019,107.46,"14,766,451"
AGG,02/01/2019,106.97,"7,227,896"
AGG,02/04/2019,106.88,"14,227,726"
AGG,02/05/2019,107.11,"8,913,510"
AGG,02/06/2019,107.05,"6,449,575"
AGG,02/07/2019,107.1,"3,938,913"
AGG,02/08/2019,107.34,"4,288,562"
AGG,02/11/2019,107.23,"3,521,028"
AGG,02/12/2019,107.25,"3,136,691"
AGG,02/13/2019,107.06,"2,526,097"
AGG,02/14/2019,107.22,"2,908,486"
AGG,02/15/2019,107.3,"2,413,984"
AGG,02/19/2019,107.36,"6,235,519"
AGG,02/20/2019,107.37,"3,231,241"
AGG,02/21/2019,107.13,"3,676,956"
AGG,02/22/2019,107.4,"2,731,541"
AGG,02/25/2019,107.37,"3,645,391"
AGG,02/26/2019,107.49,"4,759,394"
AGG,02/27/2019,107.26,"2,988,342"
AGG,02/28/2019,107.07,"11,872,108"
AGG,03/01/2019,106.63,"5,526,990"
AGG,03/04/2019,106.76,"3,837,156"
AGG,03/05/2019,106.83,"5,835,845"
AGG,03/06/2019,106.99,"4,834,023"
AGG,03/07/2019,107.29,"6,089,153"
AGG,03/08/2019,107.43,"4,943,131"
AGG,03/11/2019,107.44,"5,638,411"
AGG,03/12/2019,107.64,"5,243,350"
AGG,03/13/2019,107.59,"2,608,927"
AGG,03/14/2019,107.43,"2,955,400"
AGG,03/15/2019,107.7,"2,756,917"
AGG,03/18/2019,107.68,"2,295,491"
AGG,03/19/2019,107.62,"2,928,330"
AGG,03/20/2019,108.06,"4,236,169"
AGG,03/21/2019,108.08,"4,192,702"
AGG,03/22/2019,108.62,"2,464,093"
AGG,03/25/2019,108.82,"4,971,284"
AGG,03/26/2019,108.84,"3,120,549"
AGG,03/27/2019,109.07,"3,719,559"
AGG,03/28/2019,109.08,"6,070,991"
AGG,03/29/2019,109.07,"5,988,628"
AGG,04/01/2019,108.31,"11,261,856"
AGG,04/02/2019,108.43,"8,080,094"
AGG,04/03/2019,108.23,"3,731,127"
AGG,04/04/2019,108.31,"3,676,929"
AGG,04/05/2019,108.39,"2,236,562"
AGG,04/08/2019,108.34,"9,485,306"
AGG,04/09/2019,108.4,"3,753,769"
AGG,04/10/2019,108.61,"4,682,046"
AGG,04/11/2019,108.48,"2,827,701"
AGG,04/12/2019,108.27,"2,390,560"
AGG,04/15/2019,108.25,"2,546,204"
AGG,04/16/2019,108.06,"4,093,942"
AGG,04/17/2019,108.05,"3,390,171"
AGG,04/18/2019,108.19,"2,217,221"
AGG,04/22/2019,108.06,"5,725,612"
AGG,04/23/2019,108.25,"3,422,712"
AGG,04/24/2019,108.5,"3,000,163"
AGG,04/25/2019,108.49,"2,648,150"
AGG,04/26/2019,108.71,"2,299,929"
AGG,04/29/2019,108.52,"2,782,634"
AGG,04/30/2019,108.59,"7,491,505"
AGG,05/01/2019,108.4,"6,387,902"
AGG,05/02/2019,108.16,"3,379,510"
AGG,05/03/2019,108.34,"2,326,299"
AGG,05/06/2019,108.48,"4,609,083"
AGG,05/07/2019,108.61,"3,051,351"
AGG,05/08/2019,108.59,"5,946,381"
AGG,05/09/2019,108.65,"4,847,612"
AGG,05/10/2019,108.67,"5,257,496"
AGG,05/13/2019,108.85,"6,733,774"
AGG,05/14/2019,108.94,"6,217,044"
AGG,05/15/2019,109.13,"2,666,488"
AGG,05/16/2019,109,"2,756,957"
AGG,05/17/2019,109.03,"2,090,829"
AGG,05/20/2019,108.88,"2,035,034"
AGG,05/21/2019,108.87,"2,029,825"
AGG,05/22/2019,109.05,"3,509,876"
AGG,05/23/2019,109.37,"4,922,489"
AGG,05/24/2019,109.41,"2,010,339"
AGG,05/28/2019,109.57,"6,270,138"
AGG,05/29/2019,109.6,"5,634,417"
AGG,05/30/2019,109.89,"3,305,173"
AGG,05/31/2019,110.4,"9,204,082"
AGG,06/03/2019,110.4,"7,137,903"
AGG,06/04/2019,110.3,"5,131,883"
AGG,06/05/2019,110.24,"3,253,509"
AGG,06/06/2019,110.22,"2,660,352"
AGG,06/07/2019,110.53,"3,697,054"
AGG,06/10/2019,110.24,"3,992,934"
AGG,06/11/2019,110.22,"4,374,559"
AGG,06/12/2019,110.36,"2,797,629"
AGG,06/13/2019,110.6,"2,293,318"
AGG,06/14/2019,110.57,"1,901,165"
AGG,06/17/2019,110.54,"3,312,647"
AGG,06/18/2019,110.84,"3,640,299"
AGG,06/19/2019,111.22,"2,895,875"
AGG,06/20/2019,111.41,"4,224,311"
AGG,06/21/2019,111.12,"4,640,233"
AGG,06/24/2019,111.32,"3,079,779"
AGG,06/25/2019,111.34,"3,111,092"
AGG,06/26/2019,111.09,"3,703,224"
AGG,06/27/2019,111.4,"2,963,646"
AGG,06/28/2019,111.35,"9,887,791"
AGG,07/01/2019,111.18,"4,199,232"
AGG,07/02/2019,111.38,"5,765,417"
AGG,07/03/2019,111.56,"1,324,832"
AGG,07/05/2019,111.09,"2,461,249"
AGG,07/08/2019,111.03,"3,041,397"
AGG,07/09/2019,111,"2,525,797"
AGG,07/10/2019,111.08,"4,589,808"
AGG,07/11/2019,110.67,"3,303,803"
AGG,07/12/2019,110.79,"3,836,296"
AGG,07/15/2019,110.95,"3,619,073"
AGG,07/16/2019,110.83,"2,149,083"
AGG,07/17/2019,111.12,"2,985,610"
AGG,07/18/2019,111.3,"5,982,223"
AGG,07/19/2019,111.17,"3,150,774"
AGG,07/22/2019,111.31,"2,855,073"
AGG,07/23/2019,111.2,"2,659,305"
AGG,07/24/2019,111.36,"2,783,254"
AGG,07/25/2019,111.19,"2,976,838"
AGG,07/26/2019,111.21,"4,669,019"
AGG,07/29/2019,111.26,"4,167,109"
AGG,07/30/2019,111.25,"2,409,278"
AGG,07/31/2019,111.3,"10,034,514"
AGG,08/01/2019,111.91,"5,709,211"
AGG,08/02/2019,111.95,"3,293,739"
AGG,08/05/2019,112.44,"7,626,602"
AGG,08/06/2019,112.74,"5,151,810"
AGG,08/07/2019,112.68,"9,156,551"
AGG,08/08/2019,112.79,"3,707,196"
AGG,08/09/2019,112.64,"2,432,292"
AGG,08/12/2019,113.05,"2,474,866"
AGG,08/13/2019,112.89,"3,048,473"
AGG,08/14/2019,113.24,"2,829,922"
AGG,08/15/2019,113.76,"2,822,315"
AGG,08/16/2019,113.67,"5,209,017"
AGG,08/19/2019,113.37,"2,900,796"
AGG,08/20/2019,113.68,"2,253,593"
AGG,08/21/2019,113.62,"3,815,389"
AGG,08/22/2019,113.32,"6,294,965"
AGG,08/23/2019,113.78,"3,772,105"
AGG,08/26/2019,113.73,"5,128,260"
AGG,08/27/2019,114.09,"3,473,405"
AGG,08/28/2019,114.1,"5,102,472"
AGG,08/29/2019,114.03,"2,670,969"
AGG,08/30/2019,114.13,"4,661,629"
AGG,09/03/2019,113.84,"6,197,414"
AGG,09/04/2019,114.04,"3,814,413"
AGG,09/05/2019,113.55,"5,336,458"
AGG,09/06/2019,113.67,"3,675,151"
AGG,09/09/2019,113.19,"2,747,429"
AGG,09/10/2019,112.58,"3,119,323"
AGG,09/11/2019,112.6,"2,647,080"
AGG,09/12/2019,112.42,"4,069,598"
AGG,09/13/2019,111.75,"2,506,567"
AGG,09/16/2019,112.05,"2,923,475"
AGG,09/17/2019,112.22,"2,614,166"
AGG,09/18/2019,112.35,"2,292,355"
AGG,09/19/2019,112.51,"2,280,050"
AGG,09/20/2019,112.92,"2,057,157"
AGG,09/23/2019,112.97,"3,412,011"
AGG,09/24/2019,113.28,"2,602,286"
AGG,09/25/2019,112.81,"3,813,759"
AGG,09/26/2019,113,"4,869,355"
AGG,09/27/2019,113.14,"4,652,474"
AGG,09/30/2019,113.17,"6,621,995"
AGG,10/01/2019,113.12,"5,980,252"
AGG,10/02/2019,113.2,"9,561,979"
AGG,10/03/2019,113.64,"5,144,049"
AGG,10/04/2019,113.82,"3,331,180"
AGG,10/07/2019,113.51,"2,492,981"
AGG,10/08/2019,113.55,"3,055,708"
AGG,10/09/2019,113.49,"3,332,795"
AGG,10/10/2019,113.1,"4,312,383"
AGG,10/11/2019,112.73,"3,566,227"
AGG,10/14/2019,112.92,"1,716,639"
AGG,10/15/2019,112.55,"4,168,633"
AGG,10/16/2019,112.75,"2,430,650"
AGG,10/17/2019,112.72,"2,320,651"
AGG,10/18/2019,112.8,"1,454,236"
AGG,10/21/2019,112.49,"3,314,469"
AGG,10/22/2019,112.66,"2,147,439"
AGG,10/23/2019,112.75,"1,887,886"
AGG,10/24/2019,112.78,"1,725,844"
AGG,10/25/2019,112.62,"2,486,700"
AGG,10/28/2019,112.38,"2,951,411"
AGG,10/29/2019,112.39,"2,384,826"
AGG,10/30/2019,112.71,"2,381,436"
AGG,10/31/2019,113.15,"5,416,778"
AGG,11/01/2019,112.93,"3,988,327"
AGG,11/04/2019,112.65,"2,723,842"
AGG,11/05/2019,112.23,"3,766,043"
AGG,11/06/2019,112.4,"3,908,982"
AGG,11/07/2019,111.87,"4,022,445"
AGG,11/08/2019,111.81,"3,866,063"
AGG,11/11/2019,111.83,"2,112,221"
AGG,11/12/2019,111.95,"2,032,870"
AGG,11/13/2019,112.15,"2,598,503"
AGG,11/14/2019,112.47,"2,901,048"
AGG,11/15/2019,112.41,"5,078,285"
AGG,11/18/2019,112.62,"6,044,518"
AGG,11/19/2019,112.7,"2,655,993"
AGG,11/20/2019,112.97,"3,474,474"
AGG,11/21/2019,112.81,"6,522,830"
AGG,11/22/2019,112.87,"2,507,046"
AGG,11/25/2019,112.98,"4,392,682"
AGG,11/26/2019,113.14,"2,522,234"
AGG,11/27/2019,113,"3,437,269"
AGG,11/29/2019,112.86,"4,058,982"
AGG,12/02/2019,112.49,"9,329,626"
AGG,12/03/2019,113,"5,310,615"
AGG,12/04/2019,112.81,"5,806,479"
AGG,12/05/2019,112.68,"4,374,749"
AGG,12/06/2019,112.52,"4,648,200"
AGG,12/09/2019,112.58,"7,406,938"
AGG,12/10/2019,112.54,"3,761,060"
AGG,12/11/2019,112.84,"3,764,527"
AGG,12/12/2019,112.36,"5,080,118"
AGG,12/13/2019,112.81,"5,910,984"
AGG,12/16/2019,112.58,"5,012,142"
AGG,12/17/2019,112.59,"3,016,266"
AGG,12/18/2019,112.37,"6,516,293"
AGG,12/19/2019,112.3,"5,613,828"
AGG,12/20/2019,112.32,"8,809,204"
AGG,12/23/2019,112.24,"3,148,580"
AGG,12/24/2019,112.38,"1,887,800"
AGG,12/26/2019,112.48,"6,072,100"
AGG,12/27/2019,112.63,"4,733,786"
AGG,12/30/2019,112.63,"3,979,075"
AGG,12/31/2019,112.37,"6,807,603"
AGG,01/02/2020,112.68,"6,791,537"
AGG,01/03/2020,113.01,"3,664,283"
AGG,01/06/2020,112.92,"8,131,608"
AGG,01/07/2020,112.8,"2,883,005"
AGG,01/08/2020,112.67,"7,323,117"
AGG,01/09/2020,112.79,"9,110,852"
AGG,01/10/2020,112.98,"4,198,053"
AGG,01/13/2020,112.91,"4,465,340"
AGG,01/14/2020,113.01,"3,626,984"
AGG,01/15/2020,113.18,"3,896,304"
AGG,01/16/2020,113.18,"2,801,378"
AGG,01/17/2020,113.05,"3,003,267"
AGG,01/21/2020,113.37,"4,672,052"
AGG,01/22/2020,113.43,"3,627,169"
AGG,01/23/2020,113.58,"3,429,575"
AGG,01/24/2020,113.79,"4,199,784"
AGG,01/27/2020,114.14,"4,790,076"
AGG,01/28/2020,114.04,"4,463,823"
AGG,01/29/2020,114.3,"2,890,247"
AGG,01/30/2020,114.31,"6,885,551"
AGG,01/31/2020,114.65,"5,061,895"
AGG,02/03/2020,114.37,"7,214,231"
AGG,02/04/2020,113.99,"5,290,765"
AGG,02/05/2020,113.82,"6,066,905"
AGG,02/06/2020,113.89,"6,838,658"
AGG,02/07/2020,114.22,"5,224,176"
AGG,02/10/2020,114.35,"8,187,842"
AGG,02/11/2020,114.21,"5,633,359"
AGG,02/12/2020,114.09,"6,373,719"
AGG,02/13/2020,114.17,"5,214,383"
AGG,02/14/2020,114.29,"4,004,913"
AGG,02/18/2020,114.44,"4,874,767"
AGG,02/19/2020,114.41,"3,692,153"
AGG,02/20/2020,114.67,"4,056,035"
AGG,02/21/2020,114.9,"4,492,753"
AGG,02/24/2020,115.27,"7,490,110"
AGG,02/25/2020,115.47,"7,474,824"
AGG,02/26/2020,115.35,"4,807,627"
AGG,02/27/2020,115.37,"11,606,413"
AGG,02/28/2020,116.22,"17,242,966"
AGG,03/02/2020,115.94,"13,198,203"
AGG,03/03/2020,116.73,"12,541,002"
AGG,03/04/2020,116.64,"6,285,261"
AGG,03/05/2020,117,"6,802,750"
AGG,03/06/2020,117.86,"17,456,408"
AGG,03/09/2020,117.71,"13,666,699"
AGG,03/10/2020,116.38,"18,694,073"
AGG,03/11/2020,114.72,"13,342,359"
AGG,03/12/2020,110.13,"18,684,755"
AGG,03/13/2020,111.86,"24,960,719"
AGG,03/16/2020,113.73,"12,310,306"
AGG,03/17/2020,110.79,"15,737,224"
AGG,03/18/2020,106.57,"17,061,663"
AGG,03/19/2020,108.95,"11,720,247"
AGG,03/20/2020,110.03,"16,503,716"
AGG,03/23/2020,112.64,"12,572,180"
AGG,03/24/2020,113.57,"10,253,621"
AGG,03/25/2020,114.73,"10,999,713"
AGG,03/26/2020,115.08,"16,611,377"
AGG,03/27/2020,115.57,"10,841,700"
AGG,03/30/2020,115.68,"13,340,572"
AGG,03/31/2020,115.37,"14,018,642"
AGG,04/01/2020,114.73,"14,192,274"
AGG,04/02/2020,114.9,"11,565,380"
AGG,04/03/2020,114.98,"9,786,694"
AGG,04/06/2020,115.54,"8,457,712"
AGG,04/07/2020,115.7,"7,743,944"
AGG,04/08/2020,115.81,"4,674,198"
AGG,04/09/2020,117.25,"5,584,071"
AGG,04/13/2020,116.7,"5,738,262"
AGG,04/14/2020,116.76,"5,506,671"
AGG,04/15/2020,117.24,"4,367,410"
AGG,04/16/2020,117.39,"4,744,716"
AGG,04/17/2020,117.25,"4,949,824"
AGG,04/20/2020,117.08,"3,847,904"
AGG,04/21/2020,117.14,"4,660,507"
AGG,04/22/2020,117.14,"4,647,244"
AGG,04/23/2020,117.42,"4,331,115"
AGG,04/24/2020,117.36,"3,162,137"
AGG,04/27/2020,116.82,"5,576,322"
AGG,04/28/2020,117.28,"5,889,809"
AGG,04/29/2020,117.36,"4,653,336"
AGG,04/30/2020,117.1,"10,487,461"
AGG,05/01/2020,116.87,"6,099,551"
AGG,05/04/2020,116.97,"3,684,081"
AGG,05/05/2020,116.88,"4,611,519"
AGG,05/06/2020,116.41,"6,394,949"
AGG,05/07/2020,116.77,"3,786,651"
AGG,05/08/2020,116.46,"3,592,658"
AGG,05/11/2020,116.11,"5,249,607"
AGG,05/12/2020,116.41,"6,161,470"
AGG,05/13/2020,116.6,"4,425,927"
AGG,05/14/2020,116.96,"5,698,908"
AGG,05/15/2020,117.03,"5,897,983"
AGG,05/18/2020,116.86,"5,037,112"
AGG,05/19/2020,116.99,"4,929,483"
AGG,05/20/2020,117.29,"4,579,246"
AGG,05/21/2020,117.38,"5,143,735"
AGG,05/22/2020,117.44,"2,794,003"
AGG,05/26/2020,117.25,"6,164,678"
AGG,05/27/2020,117.42,"4,772,889"
AGG,05/28/2020,117.34,"11,253,053"
AGG,05/29/2020,117.65,"9,228,690"
AGG,06/01/2020,117.37,"5,580,035"
AGG,06/02/2020,117.47,"4,286,887"
AGG,06/03/2020,117.18,"6,077,614"
AGG,06/04/2020,116.83,"5,002,653"
AGG,06/05/2020,116.9,"5,166,330"
AGG,06/08/2020,117.03,"8,551,900"
AGG,06/09/2020,117.18,"5,512,556"
AGG,06/10/2020,117.66,"4,681,205"
AGG,06/11/2020,117.46,"7,438,799"
AGG,06/12/2020,117.58,"4,571,846"
AGG,06/15/2020,117.97,"5,869,970"
AGG,06/16/2020,117.74,"5,327,356"
AGG,06/17/2020,117.64,"3,695,970"
AGG,06/18/2020,117.76,"3,356,844"
AGG,06/19/2020,117.8,"2,917,426"
AGG,06/22/2020,117.77,"3,445,741"
AGG,06/23/2020,117.75,"3,991,369"
AGG,06/24/2020,117.73,"5,040,112"
AGG,06/25/2020,117.87,"4,723,348"
AGG,06/26/2020,118.01,"5,683,422"
AGG,06/29/2020,118.11,"3,517,292"
AGG,06/30/2020,118.21,"7,451,457"
AGG,07/01/2020,118.05,"6,746,473"
AGG,07/02/2020,118.19,"3,614,293"
AGG,07/06/2020,118.18,"5,945,243"
AGG,07/07/2020,118.36,"5,454,674"
AGG,07/08/2020,118.32,"5,026,726"
AGG,07/09/2020,118.63,"3,804,030"
AGG,07/10/2020,118.49,"3,133,855"
AGG,07/13/2020,118.48,"4,803,170"
AGG,07/14/2020,118.67,"3,986,756"
AGG,07/15/2020,118.68,"3,403,571"
AGG,07/16/2020,118.76,"3,526,894"
AGG,07/17/2020,118.88,"2,549,106"
AGG,07/20/2020,119.01,"3,989,211"
AGG,07/21/2020,119.08,"6,098,027"
AGG,07/22/2020,119.18,"6,296,788"
AGG,07/23/2020,119.32,"12,117,179"
AGG,07/24/2020,119.28,"11,071,680"
AGG,07/27/2020,119.2,"5,606,050"
AGG,07/28/2020,119.28,"6,080,801"
AGG,07/29/2020,119.42,"9,727,968"
AGG,07/30/2020,119.51,"3,052,829"
AGG,07/31/2020,119.56,"5,277,863"
AGG,08/03/2020,119.4,"13,013,685"
AGG,08/04/2020,119.63,"10,935,154"
AGG,08/05/2020,119.4,"17,346,073"
AGG,08/06/2020,119.57,"4,608,710"
AGG,08/07/2020,119.43,"5,559,066"
AGG,08/10/2020,119.32,"5,152,700"
AGG,08/11/2020,118.99,"7,809,897"
AGG,08/12/2020,118.75,"5,524,629"
AGG,08/13/2020,118.31,"8,023,792"
AGG,08/14/2020,118.2,"4,556,476"
AGG,08/17/2020,118.36,"3,947,091"
AGG,08/18/2020,118.53,"4,765,813"
AGG,08/19/2020,118.35,"4,540,992"
AGG,08/20/2020,118.56,"4,487,506"
AGG,08/21/2020,118.68,"6,373,275"
AGG,08/24/2020,118.63,"4,620,863"
AGG,08/25/2020,118.38,"4,002,330"
AGG,08/26/2020,118.36,"5,139,794"
AGG,08/27/2020,117.95,"5,609,698"
AGG,08/28/2020,118.11,"6,467,365"
AGG,08/31/2020,118.37,"10,894,506"
AGG,09/01/2020,118.42,"9,844,234"
AGG,09/02/2020,118.66,"4,838,532"
AGG,09/03/2020,118.69,"6,856,734"
AGG,09/04/2020,118.1,"5,366,819"
AGG,09/08/2020,118.23,"8,894,007"
AGG,09/09/2020,118.22,"7,824,768"
AGG,09/10/2020,118.23,"4,932,623"
AGG,09/11/2020,118.37,"8,200,474"
AGG,09/14/2020,118.38,"6,394,336"
AGG,09/15/2020,118.39,"4,163,037"
AGG,09/16/2020,118.33,"6,452,562"
AGG,09/17/2020,118.36,"4,882,182"
AGG,09/18/2020,118.22,"5,149,369"
AGG,09/21/2020,118.24,"6,191,910"
AGG,09/22/2020,118.33,"4,390,186"
AGG,09/23/2020,118.08,"5,392,884"
AGG,09/24/2020,118.09,"4,145,039"
AGG,09/25/2020,118.13,"5,138,241"
AGG,09/28/2020,118.23,"5,830,389"
AGG,09/29/2020,118.25,"5,301,718"
AGG,09/30/2020,118.06,"6,090,816"
AGG,10/01/2020,118.02,"9,741,805"
AGG,10/02/2020,117.9,"5,599,555"
AGG,10/05/2020,117.52,"4,890,812"
AGG,10/06/2020,117.62,"4,338,717"
AGG,10/07/2020,117.54,"4,801,667"
AGG,10/08/2020,117.69,"4,235,989"
AGG,10/09/2020,117.72,"2,909,311"
AGG,10/12/2020,117.95,"2,999,269"
AGG,10/13/2020,117.98,"3,421,737"
AGG,10/14/2020,118.05,"4,919,727"
AGG,10/15/2020,117.95,"5,459,197"
AGG,10/16/2020,117.89,"3,933,279"
AGG,10/19/2020,117.75,"4,685,033"
AGG,10/20/2020,117.65,"4,013,620"
AGG,10/21/2020,117.51,"3,688,494"
AGG,10/22/2020,117.3,"4,801,011"
AGG,10/23/2020,117.47,"3,878,745"
AGG,10/26/2020,117.63,"4,962,531"
AGG,10/27/2020,117.9,"5,694,085"
AGG,10/28/2020,117.73,"7,329,242"
AGG,10/29/2020,117.52,"11,775,806"
AGG,10/30/2020,117.2,"10,610,002"
AGG,11/02/2020,117.22,"6,667,902"
AGG,11/03/2020,117.17,"6,693,534"
AGG,11/04/2020,117.95,"5,308,746"
AGG,11/05/2020,118.06,"5,293,955"
AGG,11/06/2020,117.8,"5,514,452"
AGG,11/09/2020,117.25,"6,625,285"
AGG,11/10/2020,117.06,"5,146,371"
AGG,11/11/2020,117.13,"3,044,345"
AGG,11/12/2020,117.62,"7,740,846"
AGG,11/13/2020,117.64,"5,126,806"
AGG,11/16/2020,117.63,"7,951,487"
AGG,11/17/2020,117.87,"4,650,191"
AGG,11/18/2020,117.95,"6,191,072"
AGG,11/19/2020,118.17,"6,680,775"
AGG,11/20/2020,118.29,"7,217,433"
AGG,11/23/2020,118.26,"4,739,119"
AGG,11/24/2020,118.1,"4,696,878"
AGG,11/25/2020,118.06,"4,125,185"
AGG,11/27/2020,118.26,"3,436,221"
AGG,11/30/2020,118.42,"8,688,562"
AGG,12/01/2020,117.84,"5,190,827"
AGG,12/02/2020,117.71,"6,120,981"
AGG,12/03/2020,117.91,"5,198,437"
AGG,12/04/2020,117.59,"5,896,088"
AGG,12/07/2020,117.77,"6,127,835"
AGG,12/08/2020,117.78,"6,807,000"
AGG,12/09/2020,117.61,"6,975,697"
AGG,12/10/2020,117.9,"6,192,273"
AGG,12/11/2020,118.03,"5,636,060"
AGG,12/14/2020,117.96,"4,705,572"
AGG,12/15/2020,118.03,"4,217,872"
AGG,12/16/2020,117.98,"4,467,913"
AGG,12/17/2020,117.85,"6,610,627"
AGG,12/18/2020,117.79,"3,874,807"
AGG,12/21/2020,117.79,"4,818,305"
AGG,12/22/2020,117.96,"4,516,554"
AGG,12/23/2020,117.88,"4,157,735"
AGG,12/24/2020,117.99,"2,214,487"
AGG,12/28/2020,118.01,"4,567,222"
AGG,12/29/2020,118.03,"4,295,691"
AGG,12/30/2020,118.1,"2,762,258"
AGG,12/31/2020,118.19,"4,834,717"
AGG,01/04/2021,118.04,"6,414,050"
AGG,01/05/2021,117.92,"7,477,903"
AGG,01/06/2021,117.34,"10,680,792"
AGG,01/07/2021,117.22,"6,639,609"
AGG,01/08/2021,117.08,"7,335,700"
AGG,01/11/2021,116.89,"8,610,105"
AGG,01/12/2021,116.99,"7,269,596"
AGG,01/13/2021,117.36,"6,788,521"
AGG,01/14/2021,117.13,"6,610,456"
AGG,01/15/2021,117.25,"6,447,838"
AGG,01/19/2021,117.41,"7,601,121"
AGG,01/20/2021,117.42,"6,229,268"
AGG,01/21/2021,117.25,"8,301,326"
AGG,01/22/2021,117.25,"3,513,742"
AGG,01/25/2021,117.55,"4,049,029"
AGG,01/26/2021,117.51,"3,639,521"
AGG,01/27/2021,117.52,"3,619,105"
AGG,01/28/2021,117.44,"6,176,611"
AGG,01/29/2021,117.31,"12,164,830"
AGG,02/01/2021,117.23,"6,621,900"
AGG,02/02/2021,117.05,"7,323,411"
AGG,02/03/2021,116.91,"5,492,357"
AGG,02/04/2021,116.86,"5,287,405"
AGG,02/05/2021,116.71,"3,446,584"
AGG,02/08/2021,116.83,"4,704,165"
AGG,02/09/2021,116.88,"4,533,527"
AGG,02/10/2021,116.99,"4,378,370"
AGG,02/11/2021,116.85,"3,470,842"
AGG,02/12/2021,116.58,"3,284,934"
AGG,02/16/2021,116.03,"5,682,753"
AGG,02/17/2021,116.26,"7,795,885"
AGG,02/18/2021,116.2,"5,333,967"
AGG,02/19/2021,115.84,"4,673,220"
AGG,02/22/2021,115.48,"4,894,556"
AGG,02/23/2021,115.51,"6,035,405"
AGG,02/24/2021,115.47,"6,232,271"
AGG,02/25/2021,114.41,"14,926,908"
AGG,02/26/2021,115.34,"11,333,379"
AGG,03/01/2021,115.09,"13,018,087"
AGG,03/02/2021,115.11,"10,111,335"
AGG,03/03/2021,114.69,"10,317,490"
AGG,03/04/2021,114.36,"5,953,553"
AGG,03/05/2021,114.28,"8,675,690"
AGG,03/08/2021,113.83,"5,639,392"
AGG,03/09/2021,114.26,"5,676,798"
AGG,03/10/2021,114.45,"6,936,942"
AGG,03/11/2021,114.44,"8,827,827"
AGG,03/12/2021,113.79,"5,066,976"
AGG,03/15/2021,113.91,"5,001,788"
AGG,03/16/2021,113.87,"3,991,008"
AGG,03/17/2021,113.86,"6,229,776"
AGG,03/18/2021,113.42,"6,222,247"
AGG,03/19/2021,113.51,"4,701,406"
AGG,03/22/2021,113.73,"5,468,656"
AGG,03/23/2021,114.02,"5,525,062"
AGG,03/24/2021,114.16,"6,352,692"
AGG,03/25/2021,114.1,"5,177,994"
AGG,03/26/2021,113.91,"4,333,939"
AGG,03/29/2021,113.72,"7,630,810"
AGG,03/30/2021,113.81,"4,996,946"
AGG,03/31/2021,113.83,"6,309,151"
AGG,04/01/2021,114.04,"10,767,223"
AGG,04/05/2021,113.81,"9,230,132"
AGG,04/06/2021,114.21,"4,864,120"
AGG,04/07/2021,114.03,"4,505,626"
AGG,04/08/2021,114.31,"4,932,133"
AGG,04/09/2021,114.18,"7,467,129"
AGG,04/12/2021,114.15,"3,845,011"
AGG,04/13/2021,114.48,"4,040,521"
AGG,04/14/2021,114.39,"3,620,530"
AGG,04/15/2021,114.84,"6,753,201"
AGG,04/16/2021,114.54,"3,663,673"
AGG,04/19/2021,114.45,"5,072,766"
AGG,04/20/2021,114.63,"4,322,279"
AGG,04/21/2021,114.74,"5,511,435"
AGG,04/22/2021,114.77,"4,571,030"
AGG,04/23/2021,114.75,"3,813,862"
AGG,04/26/2021,114.65,"3,480,303"
AGG,04/27/2021,114.37,"3,823,347"
AGG,04/28/2021,114.43,"7,078,559"
AGG,04/29/2021,114.37,"6,254,127"
AGG,04/30/2021,114.49,"6,469,535"
AGG,05/03/2021,114.39,"5,939,532"
AGG,05/04/2021,114.53,"6,291,480"
AGG,05/05/2021,114.62,"4,475,808"
AGG,05/06/2021,114.64,"4,739,453"
AGG,05/07/2021,114.61,"7,005,205"
AGG,05/10/2021,114.43,"5,576,535"
AGG,05/11/2021,114.18,"6,161,678"
AGG,05/12/2021,113.78,"7,000,777"
AGG,05/13/2021,114.04,"6,772,308"
AGG,05/14/2021,114.3,"3,985,440"
AGG,05/17/2021,114.2,"4,926,608"
AGG,05/18/2021,114.06,"3,674,624"
AGG,05/19/2021,113.9,"6,892,441"
AGG,05/20/2021,114.29,"6,243,292"
AGG,05/21/2021,114.34,"3,873,173"
AGG,05/24/2021,114.45,"3,867,733"
AGG,05/25/2021,114.73,"6,351,673"
AGG,05/26/2021,114.69,"3,969,393"
AGG,05/27/2021,114.55,"5,072,323"
AGG,05/28/2021,114.55,"6,768,941"
AGG,06/01/2021,114.33,"6,209,773"
AGG,06/02/2021,114.48,"6,103,871"
AGG,06/03/2021,114.21,"3,464,339"
AGG,06/04/2021,114.68,"4,535,897"
AGG,06/07/2021,114.6,"3,728,371"
AGG,06/08/2021,114.81,"4,395,332"
AGG,06/09/2021,115.04,"3,643,098"
AGG,06/10/2021,115.28,"4,021,902"
AGG,06/11/2021,115.23,"3,781,860"
AGG,06/14/2021,114.94,"3,270,788"
AGG,06/15/2021,114.99,"8,230,360"
AGG,06/16/2021,114.62,"8,654,214"
AGG,06/17/2021,114.98,"7,641,819"
AGG,06/18/2021,115.29,"5,690,395"
AGG,06/21/2021,114.99,"6,875,480"
AGG,06/22/2021,115.11,"6,485,071"
AGG,06/23/2021,115.05,"5,070,470"
AGG,06/24/2021,115.09,"8,357,942"
AGG,06/25/2021,114.86,"6,496,582"
AGG,06/28/2021,115.19,"5,739,041"
AGG,06/29/2021,115.25,"5,097,132"
AGG,06/30/2021,115.33,"6,653,138"
AGG,07/01/2021,115.11,"4,744,859"
AGG,07/02/2021,115.36,"4,312,838"
AGG,07/06/2021,115.73,"7,372,886"
AGG,07/07/2021,115.93,"7,786,358"
AGG,07/08/2021,116.06,"6,538,371"
AGG,07/09/2021,115.68,"4,750,779"
AGG,07/12/2021,115.61,"4,266,616"
AGG,07/13/2021,115.36,"5,145,171"
AGG,07/14/2021,115.75,"4,977,399"
AGG,07/15/2021,116,"4,480,890"
AGG,07/16/2021,115.9,"3,869,611"
AGG,07/19/2021,116.51,"6,688,067"
AGG,07/20/2021,116.4,"8,474,754"
AGG,07/21/2021,116.02,"9,686,429"
AGG,07/22/2021,116.29,"8,176,256"
AGG,07/23/2021,116.21,"4,441,022"
AGG,07/26/2021,116.11,"7,127,420"
AGG,07/27/2021,116.38,"5,423,774"
AGG,07/28/2021,116.49,"5,463,630"
AGG,07/29/2021,116.3,"6,629,507"
AGG,07/30/2021,116.46,"5,552,109"
AGG,08/02/2021,116.54,"5,753,765"
AGG,08/03/2021,116.58,"3,715,333"
AGG,08/04/2021,116.57,"4,654,252"
AGG,08/05/2021,116.31,"3,283,363"
AGG,08/06/2021,115.79,"3,811,953"
AGG,08/09/2021,115.58,"5,298,656"
AGG,08/10/2021,115.43,"7,332,093"
AGG,08/11/2021,115.54,"6,674,630"
AGG,08/12/2021,115.55,"5,017,250"
AGG,08/13/2021,115.97,"4,599,811"
AGG,08/16/2021,116.03,"3,693,626"
AGG,08/17/2021,115.94,"5,469,248"
AGG,08/18/2021,115.95,"3,981,911"
AGG,08/19/2021,116.15,"4,581,313"
AGG,08/20/2021,116.16,"2,897,840"
AGG,08/23/2021,116.16,"6,585,417"
AGG,08/24/2021,115.99,"5,875,388"
AGG,08/25/2021,115.77,"5,452,000"
AGG,08/26/2021,115.78,"4,879,211"
AGG,08/27/2021,116.1,"5,545,551"
AGG,08/30/2021,116.23,"3,706,042"
AGG,08/31/2021,116.06,"6,763,941"
AGG,09/01/2021,115.93,"4,153,988"
AGG,09/02/2021,116.05,"5,427,270"
AGG,09/03/2021,115.85,"5,274,341"
AGG,09/07/2021,115.54,"3,579,852"
AGG,09/08/2021,115.73,"3,417,489"
AGG,09/09/2021,116.1,"3,332,649"
AGG,09/10/2021,115.87,"3,957,348"
AGG,09/13/2021,116.02,"3,954,120"
AGG,09/14/2021,116.28,"4,183,570"
AGG,09/15/2021,116.17,"3,448,467"
AGG,09/16/2021,115.97,"4,265,519"
AGG,09/17/2021,115.87,"5,742,502"
AGG,09/20/2021,116.09,"5,464,713"
AGG,09/21/2021,116.14,"5,225,248"
AGG,09/22/2021,116.18,"7,139,913"
AGG,09/23/2021,115.61,"8,265,009"
AGG,09/24/2021,115.41,"4,461,937"
AGG,09/27/2021,115.25,"5,630,622"
AGG,09/28/2021,114.77,"7,017,089"
AGG,09/29/2021,114.85,"6,161,321"
AGG,09/30/2021,114.83,"5,348,804"
AGG,10/01/2021,115,"7,064,531"
AGG,10/04/2021,114.92,"4,180,607"
AGG,10/05/2021,114.65,"7,422,000"
AGG,10/06/2021,114.7,"4,893,390"
AGG,10/07/2021,114.38,"4,456,194"
AGG,10/08/2021,114.13,"4,581,904"
AGG,10/11/2021,113.95,"2,178,356"
AGG,10/12/2021,114.37,"3,688,376"
AGG,10/13/2021,114.63,"5,522,671"
AGG,10/14/2021,114.85,"4,094,516"
AGG,10/15/2021,114.57,"4,644,812"
AGG,10/18/2021,114.49,"5,575,055"
AGG,10/19/2021,114.16,"5,041,044"
AGG,10/20/2021,114.08,"6,183,697"
AGG,10/21/2021,113.84,"5,228,294"
AGG,10/22/2021,114.06,"3,528,834"
AGG,10/25/2021,114.17,"8,569,649"
AGG,10/26/2021,114.38,"5,429,821"
AGG,10/27/2021,114.76,"8,048,651"
AGG,10/28/2021,114.67,"5,916,055"
AGG,10/29/2021,114.64,"10,047,906"
AGG,11/01/2021,114.39,"6,198,199"
AGG,11/02/2021,114.62,"5,317,021"
AGG,11/03/2021,114.39,"6,421,690"
AGG,11/04/2021,114.77,"6,618,091"
AGG,11/05/2021,115.22,"7,283,109"
AGG,11/08/2021,115.01,"4,922,756"
AGG,11/09/2021,115.33,"8,960,485"
AGG,11/10/2021,114.55,"11,620,260"
AGG,11/11/2021,114.34,"3,937,147"
AGG,11/12/2021,114.32,"4,554,672"
AGG,11/15/2021,113.9,"6,405,000"
AGG,11/16/2021,113.86,"7,484,034"
AGG,11/17/2021,114.13,"7,173,096"
AGG,11/18/2021,114.23,"4,230,789"
AGG,11/19/2021,114.45,"5,688,583"
AGG,11/22/2021,113.9,"6,995,331"
AGG,11/23/2021,113.45,"6,275,143"
AGG,11/24/2021,113.71,"8,472,445"
AGG,11/26/2021,114.52,"3,258,891"
AGG,11/29/2021,114.58,"8,982,838"
AGG,11/30/2021,114.77,"13,108,996"
AGG,12/01/2021,114.63,"12,772,743"
AGG,12/02/2021,114.61,"7,759,699"
AGG,12/03/2021,115.07,"7,600,888"
AGG,12/06/2021,114.67,"9,416,707"
AGG,12/07/2021,114.49,"6,787,061"
AGG,12/08/2021,114.19,"8,050,116"
AGG,12/09/2021,114.2,"8,646,766"
AGG,12/10/2021,114.23,"6,501,338"
AGG,12/13/2021,114.63,"8,659,260"
AGG,12/14/2021,114.41,"7,503,635"
AGG,12/15/2021,114.32,"7,459,084"
AGG,12/16/2021,114.36,"7,566,579"
AGG,12/17/2021,114.5,"7,428,096"
AGG,12/20/2021,114.33,"7,382,619"
AGG,12/21/2021,114.24,"12,970,210"
AGG,12/22/2021,114.34,"6,171,714"
AGG,12/23/2021,114.2,"5,506,661"
AGG,12/27/2021,114.26,"5,436,840"
AGG,12/28/2021,114.21,"5,253,786"
AGG,12/29/2021,113.87,"5,933,775"
AGG,12/30/2021,114.12,"5,455,434"
AGG,12/31/2021,114.08,"7,989,476"
AGG,01/03/2022,113.3,"9,399,276"
AGG,01/04/2022,113.29,"7,772,171"
AGG,01/05/2022,112.94,"8,530,902"
AGG,01/06/2022,112.82,"8,866,493"
AGG,01/07/2022,112.49,"9,018,905"
AGG,01/10/2022,112.39,"8,074,992"
AGG,01/11/2022,112.6,"6,728,618"
AGG,01/12/2022,112.6,"6,713,197"
AGG,01/13/2022,112.8,"8,454,265"
AGG,01/14/2022,112.17,"9,113,399"
AGG,01/18/2022,111.49,"7,943,803"
AGG,01/19/2022,111.73,"8,320,991"
AGG,01/20/2022,111.79,"7,186,396"
AGG,01/21/2022,112.23,"8,679,614"
AGG,01/24/2022,112.1,"12,131,424"
AGG,01/25/2022,111.99,"9,540,988"
AGG,01/26/2022,111.36,"10,729,365"
AGG,01/27/2022,111.73,"6,146,781"
AGG,01/28/2022,111.81,"10,855,688"
AGG,01/31/2022,111.8,"12,837,442"
AGG,02/01/2022,111.6,"10,356,014"
AGG,02/02/2022,111.72,"7,967,892"
AGG,02/03/2022,111.27,"10,290,431"
AGG,02/04/2022,110.57,"6,967,250"
AGG,02/07/2022,110.67,"6,723,367"
AGG,02/08/2022,110.33,"7,986,961"
AGG,02/09/2022,110.4,"9,194,441"
AGG,02/10/2022,109.38,"10,761,160"
AGG,02/11/2022,110.1,"13,868,360"
AGG,02/14/2022,109.46,"8,843,670"
AGG,02/15/2022,109.28,"5,820,180"
AGG,02/16/2022,109.41,"8,115,969"
AGG,02/17/2022,109.64,"10,216,991"
AGG,02/18/2022,109.87,"7,111,143"
AGG,02/22/2022,109.75,"7,604,428"
AGG,02/23/2022,109.26,"11,732,146"
AGG,02/24/2022,109.46,"12,372,112"
AGG,02/25/2022,109.57,"10,089,128"
AGG,02/28/2022,110.36,"16,594,641"
AGG,03/01/2022,110.82,"14,355,116"
AGG,03/02/2022,109.49,"9,028,866"
AGG,03/03/2022,109.86,"15,802,644"
AGG,03/04/2022,110.3,"8,556,616"
AGG,03/07/2022,109.66,"12,740,567"
AGG,03/08/2022,109.27,"9,933,667"
AGG,03/09/2022,109.04,"11,192,337"
AGG,03/10/2022,108.43,"16,234,911"
AGG,03/11/2022,108.41,"11,997,840"
AGG,03/14/2022,107.36,"10,961,644"
AGG,03/15/2022,107.6,"14,001,158"
AGG,03/16/2022,107.68,"16,805,399"
AGG,03/17/2022,107.86,"8,035,416"
AGG,03/18/2022,108.1,"7,864,062"
AGG,03/21/2022,107.04,"8,024,821"
AGG,03/22/2022,106.75,"16,120,492"
AGG,03/23/2022,107.19,"9,060,751"
AGG,03/24/2022,106.95,"7,480,541"
AGG,03/25/2022,106.1,"10,540,250"
AGG,03/28/2022,106.36,"8,540,492"
AGG,03/29/2022,106.86,"11,396,565"
AGG,03/30/2022,107.15,"11,544,370"
AGG,03/31/2022,107.1,"13,799,159"
AGG,04/01/2022,106.75,"11,581,631"
AGG,04/04/2022,106.84,"9,956,504"
AGG,04/05/2022,105.76,"11,028,333"
AGG,04/06/2022,105.49,"13,115,969"
AGG,04/07/2022,105.26,"7,922,503"
AGG,04/08/2022,104.73,"6,503,173"
AGG,04/11/2022,104.28,"8,381,780"
AGG,04/12/2022,104.61,"8,498,697"
AGG,04/13/2022,104.82,"6,801,024"
AGG,04/14/2022,103.97,"8,510,083"
AGG,04/18/2022,103.65,"8,632,981"
AGG,04/19/2022,103.02,"7,847,461"
AGG,04/20/2022,103.61,"8,460,184"
AGG,04/21/2022,103.04,"11,396,047"
AGG,04/22/2022,102.94,"9,159,006"
AGG,04/25/2022,103.63,"8,777,519"
AGG,04/26/2022,103.95,"8,535,145"
AGG,04/27/2022,103.53,"11,185,371"
AGG,04/28/2022,103.49,"10,372,227"
AGG,04/29/2022,102.87,"9,924,179"
AGG,05/02/2022,102.13,"12,729,043"
AGG,05/03/2022,102.36,"12,165,260"
AGG,05/04/2022,103.02,"14,656,378"
AGG,05/05/2022,102,"17,474,427"
AGG,05/06/2022,101.57,"8,314,307"
AGG,05/09/2022,102.07,"8,640,927"
AGG,05/10/2022,102.38,"18,464,962"
AGG,05/11/2022,102.76,"16,461,960"
AGG,05/12/2022,102.95,"9,015,308"
AGG,05/13/2022,102.51,"6,715,579"
AGG,05/16/2022,102.74,"7,239,212"
AGG,05/17/2022,102.18,"6,559,038"
AGG,05/18/2022,102.59,"6,093,818"
AGG,05/19/2022,102.85,"10,504,273"
AGG,05/20/2022,103.16,"6,731,407"
AGG,05/23/2022,102.82,"8,007,232"
AGG,05/24/2022,103.61,"10,332,288"
AGG,05/25/2022,104.04,"7,718,122"
AGG,05/26/2022,103.96,"5,720,073"
AGG,05/27/2022,104.13,"5,496,283"
AGG,05/31/2022,103.47,"10,491,722"
AGG,06/01/2022,102.86,"8,056,802"
AGG,06/02/2022,102.99,"7,456,895"
AGG,06/03/2022,102.82,"6,561,091"
AGG,06/06/2022,102.19,"5,144,496"
AGG,06/07/2022,102.58,"5,620,183"
AGG,06/08/2022,102.16,"4,150,910"
AGG,06/09/2022,102.05,"5,423,587"
AGG,06/10/2022,101.26,"7,829,980"
AGG,06/13/2022,99.6,"9,479,214"
AGG,06/14/2022,99.01,"10,943,479"
AGG,06/15/2022,100.11,"10,979,025"
AGG,06/16/2022,100.35,"9,329,899"
AGG,06/17/2022,100.34,"9,892,239"
AGG,06/21/2022,99.94,"9,022,476"
AGG,06/22/2022,100.79,"9,436,995"
AGG,06/23/2022,101.21,"7,774,051"
AGG,06/24/2022,101.05,"7,389,583"
AGG,06/27/2022,100.6,"8,319,683"
AGG,06/28/2022,100.64,"6,540,036"
AGG,06/29/2022,101.22,"7,326,495"
AGG,06/30/2022,101.68,"7,521,306"
AGG,07/01/2022,102.34,"7,393,110"
AGG,07/05/2022,102.53,"6,813,402"
AGG,07/06/2022,101.84,"6,647,665"
AGG,07/07/2022,101.61,"8,226,532"
AGG,07/08/2022,101.23,"5,270,091"
AGG,07/11/2022,101.7,"5,758,407"
AGG,07/12/2022,101.84,"6,690,559"
AGG,07/13/2022,102.21,"6,534,738"
AGG,07/14/2022,101.85,"6,233,275"
AGG,07/15/2022,102.25,"8,640,415"
AGG,07/18/2022,101.92,"6,006,406"
AGG,07/19/2022,101.78,"5,936,232"
AGG,07/20/2022,101.71,"6,123,970"
AGG,07/21/2022,102.56,"5,919,977"
AGG,07/22/2022,103.36,"7,323,110"
AGG,07/25/2022,102.98,"3,729,487"
AGG,07/26/2022,102.96,"6,312,403"
AGG,07/27/2022,103.32,"5,431,438"
AGG,07/28/2022,104.06,"6,473,834"
AGG,07/29/2022,104.07,"7,674,760"
AGG,08/01/2022,104.23,"7,733,744"
AGG,08/02/2022,103.16,"6,869,385"
AGG,08/03/2022,103.62,"6,261,918"
AGG,08/04/2022,103.87,"5,199,672"
AGG,08/05/2022,102.71,"4,847,064"
AGG,08/08/2022,103.18,"3,424,967"
AGG,08/09/2022,102.95,"3,854,013"
AGG,08/10/2022,103.21,"7,156,420"
AGG,08/11/2022,102.66,"8,518,254"
AGG,08/12/2022,103.12,"3,643,558"
AGG,08/15/2022,103.25,"3,782,889"
AGG,08/16/2022,103.1,"4,976,060"
AGG,08/17/2022,102.49,"7,222,288"
AGG,08/18/2022,102.71,"4,260,579"
AGG,08/19/2022,101.99,"4,575,547"
AGG,08/22/2022,101.55,"7,133,245"
AGG,08/23/2022,101.51,"7,369,600"
AGG,08/24/2022,101.24,"6,319,122"
AGG,08/25/2022,101.8,"8,217,318"
AGG,08/26/2022,101.61,"5,584,793"
AGG,08/29/2022,101.12,"7,508,960"
AGG,08/30/2022,101.25,"6,573,668"
AGG,08/31/2022,100.71,"6,116,453"
AGG,09/01/2022,100.07,"8,961,796"
AGG,09/02/2022,100.36,"5,966,840"
AGG,09/06/2022,99.42,"5,341,272"
AGG,09/07/2022,100.11,"3,607,139"
AGG,09/08/2022,99.79,"5,546,199"
AGG,09/09/2022,99.78,"7,496,080"
AGG,09/12/2022,99.63,"8,535,467"
AGG,09/13/2022,99.07,"4,957,421"
AGG,09/14/2022,99.2,"7,557,369"
AGG,09/15/2022,98.9,"6,016,666"
AGG,09/16/2022,98.83,"6,965,431"
AGG,09/19/2022,98.68,"5,982,197"
AGG,09/20/2022,98.24,"11,271,700"
AGG,09/21/2022,98.55,"7,094,443"
AGG,09/22/2022,97.5,"7,092,379"
AGG,09/23/2022,97.2,"11,059,537"
AGG,09/26/2022,95.95,"9,010,119"
AGG,09/27/2022,95.54,"11,440,212"
AGG,09/28/2022,97.08,"10,539,881"
AGG,09/29/2022,96.57,"8,666,051"
AGG,09/30/2022,96.34,"14,376,285"
AGG,10/03/2022,96.91,"9,617,946"
AGG,10/04/2022,97.17,"6,964,233"
AGG,10/05/2022,96.66,"9,512,807"
AGG,10/06/2022,96.28,"5,625,145"
AGG,10/07/2022,95.77,"6,149,631"
AGG,10/10/2022,95.34,"4,074,744"
AGG,10/11/2022,95.4,"8,892,773"
AGG,10/12/2022,95.48,"5,651,195"
AGG,10/13/2022,95.18,"6,254,435"
AGG,10/14/2022,94.66,"8,580,697"
AGG,10/17/2022,94.86,"5,460,624"
AGG,10/18/2022,95.02,"6,389,064"
AGG,10/19/2022,94.2,"6,316,065"
AGG,10/20/2022,93.63,"9,013,040"
AGG,10/21/2022,93.77,"8,371,273"
AGG,10/24/2022,93.64,"6,090,397"
AGG,10/25/2022,94.56,"11,710,398"
AGG,10/26/2022,94.98,"7,884,252"
AGG,10/27/2022,95.46,"6,913,500"
AGG,10/28/2022,95.22,"6,229,253"
AGG,10/31/2022,94.9,"10,946,419"
AGG,11/01/2022,94.86,"8,096,833"
AGG,11/02/2022,94.7,"8,584,173"
AGG,11/03/2022,94.35,"9,314,775"
AGG,11/04/2022,94.34,"6,918,307"
AGG,11/07/2022,94.04,"7,597,242"
AGG,11/08/2022,94.44,"5,834,912"
AGG,11/09/2022,94.55,"6,694,180"
AGG,11/10/2022,96.58,"8,494,808"
AGG,11/11/2022,96.51,"4,953,168"
AGG,11/14/2022,96.24,"7,457,618"
AGG,11/15/2022,96.95,"7,961,974"
AGG,11/16/2022,97.55,"11,075,022"
AGG,11/17/2022,97.14,"6,889,201"
AGG,11/18/2022,97,"4,714,973"
AGG,11/21/2022,96.94,"6,829,111"
AGG,11/22/2022,97.44,"8,039,011"
AGG,11/23/2022,98.02,"5,885,623"
AGG,11/25/2022,98.04,"2,718,602"
AGG,11/28/2022,97.88,"7,920,752"
AGG,11/29/2022,97.53,"6,643,300"
AGG,11/30/2022,98.29,"8,963,551"
AGG,12/01/2022,98.88,"12,471,321"
AGG,12/02/2022,99.29,"6,367,993"
AGG,12/05/2022,98.51,"8,072,479"
AGG,12/06/2022,98.8,"7,660,058"
AGG,12/07/2022,99.68,"6,752,854"
AGG,12/08/2022,99.38,"6,307,207"
AGG,12/09/2022,98.79,"8,994,364"
AGG,12/12/2022,98.81,"10,384,255"
AGG,12/13/2022,99.47,"9,120,641"
AGG,12/14/2022,99.69,"10,623,950"
AGG,12/15/2022,99.61,"9,424,090"
AGG,12/16/2022,99.35,"7,546,301"
AGG,12/19/2022,98.74,"10,351,012"
AGG,12/20/2022,98.07,"10,282,174"
AGG,12/21/2022,98.34,"8,489,423"
AGG,12/22/2022,98.31,"8,267,852"
AGG,12/23/2022,97.97,"4,823,380"
AGG,12/27/2022,97.26,"7,925,770"
AGG,12/28/2022,97.09,"12,131,152"
AGG,12/29/2022,97.45,"7,763,261"
AGG,12/30/2022,96.99,"8,469,000"
AGG,01/03/2023,97.56,"19,930,920"
AGG,01/04/2023,98.1,"10,080,087"
AGG,01/05/2023,98.02,"9,682,089"
AGG,01/06/2023,99.09,"8,503,052"
AGG,01/09/2023,99.34,"7,849,643"
AGG,01/10/2023,98.96,"7,291,301"
AGG,01/11/2023,99.57,"6,102,954"
AGG,01/12/2023,100.29,"8,342,746"
AGG,01/13/2023,99.92,"6,719,042"
AGG,01/17/2023,99.74,"8,174,659"
AGG,01/18/2023,100.73,"7,779,524"
AGG,01/19/2023,100.5,"8,633,834"
AGG,01/20/2023,100.09,"6,095,775"
AGG,01/23/2023,99.84,"6,573,240"
AGG,01/24/2023,100.28,"6,538,592"
AGG,01/25/2023,100.4,"5,431,036"
AGG,01/26/2023,100.23,"5,399,092"
AGG,01/27/2023,100.08,"5,123,098"
AGG,01/30/2023,99.81,"6,822,012"
AGG,01/31/2023,100.22,"12,083,590"
AGG,02/01/2023,100.68,"11,593,329"
AGG,02/02/2023,100.79,"9,197,909"
AGG,02/03/2023,99.82,"9,082,975"
AGG,02/06/2023,99.27,"9,198,870"
AGG,02/07/2023,99.1,"6,224,773"
AGG,02/08/2023,99.24,"4,900,645"
AGG,02/09/2023,98.85,"5,594,835"
AGG,02/10/2023,98.42,"5,068,200"
AGG,02/13/2023,98.72,"6,832,726"
AGG,02/14/2023,98.37,"9,559,496"
AGG,02/15/2023,98.18,"6,489,232"
AGG,02/16/2023,97.77,"5,235,622"
AGG,02/17/2023,98,"5,956,279"
AGG,02/21/2023,97.08,"8,369,587"
AGG,02/22/2023,97.34,"5,862,307"
AGG,02/23/2023,97.69,"8,527,182"
AGG,02/24/2023,97.13,"4,866,858"
AGG,02/27/2023,97.32,"5,040,022"
AGG,02/28/2023,97.31,"8,575,033"
AGG,03/01/2023,96.52,"9,125,349"
AGG,03/02/2023,96.32,"9,247,374"
AGG,03/03/2023,97.08,"7,266,999"
AGG,03/06/2023,96.84,"4,188,489"
AGG,03/07/2023,96.71,"6,013,304"
AGG,03/08/2023,96.61,"8,044,025"
AGG,03/09/2023,96.96,"7,054,402"
AGG,03/10/2023,98.09,"7,515,785"
AGG,03/13/2023,98.87,"10,344,139"
AGG,03/14/2023,98.29,"8,159,781"
AGG,03/15/2023,99.27,"11,133,655"
AGG,03/16/2023,98.88,"15,219,710"
AGG,03/17/2023,99.5,"8,277,602"
AGG,03/20/2023,99.1,"6,346,444"
AGG,03/21/2023,98.8,"5,499,073"
AGG,03/22/2023,99.75,"7,585,382"
AGG,03/23/2023,99.99,"9,949,714"
AGG,03/24/2023,100.16,"6,217,707"
AGG,03/27/2023,99.08,"6,823,373"
AGG,03/28/2023,98.93,"6,356,361"
AGG,03/29/2023,99.05,"5,111,265"
AGG,03/30/2023,99.16,"4,251,904"
AGG,03/31/2023,99.64,"8,521,604"
AGG,04/03/2023,99.82,"7,567,059"
AGG,04/04/2023,100.19,"8,925,168"
AGG,04/05/2023,100.53,"9,883,500"
AGG,04/06/2023,100.44,"6,105,185"
AGG,04/10/2023,99.75,"4,477,955"
AGG,04/11/2023,99.81,"4,543,802"
AGG,04/12/2023,99.93,"7,226,075"
AGG,04/13/2023,99.89,"3,964,799"
AGG,04/14/2023,99.4,"4,794,084"
AGG,04/17/2023,98.9,"4,441,277"
AGG,04/18/2023,99.04,"4,753,036"
AGG,04/19/2023,98.89,"3,592,906"
AGG,04/20/2023,99.34,"5,092,430"
AGG,04/21/2023,99.17,"5,367,257"
AGG,04/24/2023,99.56,"3,256,883"
AGG,04/25/2023,100.18,"5,065,415"
AGG,04/26/2023,99.81,"3,723,566"
AGG,04/27/2023,99.45,"4,018,321"
AGG,04/28/2023,99.96,"5,469,882"
AGG,05/01/2023,98.69,"10,631,644"
AGG,05/02/2023,99.65,"6,085,943"
AGG,05/03/2023,100.09,"5,637,180"
AGG,05/04/2023,99.97,"5,262,191"
AGG,05/05/2023,99.65,"4,003,005"
AGG,05/08/2023,99.1,"5,481,302"
AGG,05/09/2023,99.01,"5,712,210"
AGG,05/10/2023,99.65,"4,803,044"
AGG,05/11/2023,99.95,"7,703,942"
AGG,05/12/2023,99.39,"4,286,034"
AGG,05/15/2023,99.14,"8,532,590"
AGG,05/16/2023,98.91,"6,728,498"
AGG,05/17/2023,98.76,"6,318,677"
AGG,05/18/2023,98.3,"4,811,544"
AGG,05/19/2023,98.08,"10,285,865"
AGG,05/22/2023,97.99,"8,551,145"
AGG,05/23/2023,98.1,"7,641,202"
AGG,05/24/2023,97.85,"7,719,174"
AGG,05/25/2023,97.49,"5,941,485"
AGG,05/26/2023,97.57,"3,889,853"
AGG,05/30/2023,98.22,"7,349,896"
AGG,05/31/2023,98.57,"10,560,022"
AGG,06/01/2023,98.61,"9,029,803"
AGG,06/02/2023,98.09,"6,877,188"
AGG,06/05/2023,98.08,"7,562,834"
AGG,06/06/2023,98.2,"3,815,981"
AGG,06/07/2023,97.68,"5,131,567"
AGG,06/08/2023,98.2,"5,041,870"
AGG,06/09/2023,97.97,"7,140,768"
AGG,06/12/2023,98.14,"5,436,273"
AGG,06/13/2023,97.68,"9,568,345"
AGG,06/14/2023,97.77,"8,360,159"
AGG,06/15/2023,98.45,"7,471,994"
AGG,06/16/2023,98.14,"5,653,727"
AGG,06/20/2023,98.32,"6,694,188"
AGG,06/21/2023,98.48,"5,579,941"
AGG,06/22/2023,97.97,"7,147,656"
AGG,06/23/2023,98.26,"4,792,937"
AGG,06/26/2023,98.38,"10,632,271"
AGG,06/27/2023,98.19,"7,803,348"
AGG,06/28/2023,98.48,"8,622,853"
AGG,06/29/2023,97.72,"8,877,566"
AGG,06/30/2023,97.95,"13,417,260"
AGG,07/03/2023,97.58,"3,691,597"
AGG,07/05/2023,97.14,"6,046,567"
AGG,07/06/2023,96.51,"9,534,231"
AGG,07/07/2023,96.53,"8,311,015"
AGG,07/10/2023,96.8,"8,827,490"
AGG,07/11/2023,97.01,"5,978,640"
AGG,07/12/2023,97.8,"7,189,081"
AGG,07/13/2023,98.41,"7,458,509"
AGG,07/14/2023,97.94,"7,208,467"
AGG,07/17/2023,98.05,"4,689,526"
AGG,07/18/2023,98.13,"5,593,380"
AGG,07/19/2023,98.43,"7,467,923"
AGG,07/20/2023,97.92,"12,562,376"
AGG,07/21/2023,97.99,"7,605,261"
AGG,07/24/2023,97.81,"6,656,685"
AGG,07/25/2023,97.7,"5,794,830"
AGG,07/26/2023,98.02,"5,907,376"
AGG,07/27/2023,97.18,"6,937,871"
AGG,07/28/2023,97.56,"9,233,678"
AGG,07/31/2023,97.68,"11,079,096"
AGG,08/01/2023,96.77,"8,810,799"
AGG,08/02/2023,96.54,"8,551,942"
AGG,08/03/2023,95.89,"7,532,793"
AGG,08/04/2023,96.68,"6,400,359"
AGG,08/07/2023,96.7,"9,732,593"
AGG,08/08/2023,96.93,"6,867,329"
AGG,08/09/2023,97,"5,634,703"
AGG,08/10/2023,96.37,"15,516,098"
AGG,08/11/2023,96.07,"9,016,684"
AGG,08/14/2023,96,"7,901,458"
AGG,08/15/2023,95.74,"6,522,465"
AGG,08/16/2023,95.51,"8,964,587"
AGG,08/17/2023,95.41,"8,162,377"
AGG,08/18/2023,95.62,"6,154,612"
AGG,08/21/2023,95.14,"13,362,274"
AGG,08/22/2023,95.24,"6,156,222"
AGG,08/23/2023,96.15,"7,831,606"
AGG,08/24/2023,95.93,"8,247,712"
AGG,08/25/2023,95.87,"7,917,939"
AGG,08/28/2023,96.08,"6,544,469"
AGG,08/29/2023,96.7,"7,386,310"
AGG,08/30/2023,96.66,"8,752,362"
AGG,08/31/2023,96.8,"7,230,076"
AGG,09/01/2023,96.04,"8,132,478"
AGG,09/05/2023,95.52,"6,111,516"
AGG,09/06/2023,95.43,"8,379,217"
AGG,09/07/2023,95.73,"5,077,850"
AGG,09/08/2023,95.78,"4,774,309"
AGG,09/11/2023,95.67,"4,077,173"
AGG,09/12/2023,95.7,"4,583,413"
AGG,09/13/2023,95.84,"5,953,577"
AGG,09/14/2023,95.71,"5,952,843"
AGG,09/15/2023,95.49,"5,667,690"
AGG,09/18/2023,95.63,"6,066,168"
AGG,09/19/2023,95.35,"5,327,873"
AGG,09/20/2023,95.3,"6,282,734"
AGG,09/21/2023,94.65,"8,028,921"
AGG,09/22/2023,95.05,"7,294,228"
AGG,09/25/2023,94.3,"7,485,203"
AGG,09/26/2023,94.18,"15,549,166"
AGG,09/27/2023,93.85,"14,560,455"
AGG,09/28/2023,94.13,"13,334,180"
AGG,09/29/2023,94.04,"13,483,638"
AGG,10/02/2023,93.13,"8,880,050"
AGG,10/03/2023,92.4,"12,058,369"
AGG,10/04/2023,93.05,"14,097,771"
AGG,10/05/2023,93.11,"7,129,439"
AGG,10/06/2023,92.75,"9,569,518"
AGG,10/09/2023,93.71,"4,353,218"
AGG,10/10/2023,93.62,"14,553,560"
AGG,10/11/2023,94.05,"15,347,037"
AGG,10/12/2023,93.24,"11,189,794"
AGG,10/13/2023,93.64,"7,516,133"
AGG,10/16/2023,93.12,"6,332,779"
AGG,10/17/2023,92.45,"8,198,418"
AGG,10/18/2023,92.02,"9,352,743"
AGG,10/19/2023,91.67,"11,552,719"
AGG,10/20/2023,92,"6,630,026"
AGG,10/23/2023,92.36,"12,886,000"
AGG,10/24/2023,92.69,"9,165,301"
AGG,10/25/2023,92,"8,904,428"
AGG,10/26/2023,92.62,"11,574,571"
AGG,10/27/2023,92.59,"7,650,175"
AGG,10/30/2023,92.37,"8,166,711"
AGG,10/31/2023,92.31,"12,343,606"
AGG,11/01/2023,93.05,"14,404,642"
AGG,11/02/2023,93.61,"11,166,742"
AGG,11/03/2023,94.18,"11,890,348"
AGG,11/06/2023,93.71,"8,521,632"
AGG,11/07/2023,94.21,"7,306,930"
AGG,11/08/2023,94.53,"6,932,255"
AGG,11/09/2023,93.74,"9,163,165"
AGG,11/10/2023,93.96,"6,101,956"
AGG,11/13/2023,93.95,"9,679,644"
AGG,11/14/2023,95.13,"12,149,610"
AGG,11/15/2023,94.54,"10,956,776"
AGG,11/16/2023,95.06,"10,145,390"
AGG,11/17/2023,95.25,"9,244,042"
AGG,11/20/2023,95.4,"10,051,654"
AGG,11/21/2023,95.5,"7,393,840"
AGG,11/22/2023,95.59,"6,329,863"
AGG,11/24/2023,95.15,"2,944,257"
AGG,11/27/2023,95.69,"8,854,641"
AGG,11/28/2023,96.11,"9,749,395"
AGG,11/29/2023,96.58,"8,006,828"
AGG,11/30/2023,96.26,"8,889,239"
AGG,12/01/2023,96.83,"11,774,334"
AGG,12/04/2023,96.46,"9,440,199"
AGG,12/05/2023,97.1,"8,850,641"
AGG,12/06/2023,97.35,"11,111,225"
AGG,12/07/2023,97.38,"7,157,947"
AGG,12/08/2023,96.89,"6,696,783"
AGG,12/11/2023,96.9,"15,008,723"
AGG,12/12/2023,97.19,"11,711,463"
AGG,12/13/2023,98.41,"11,194,420"
AGG,12/14/2023,98.92,"12,651,257"
AGG,12/15/2023,98.69,"10,079,311"
AGG,12/18/2023,98.49,"11,521,007"
AGG,12/19/2023,98.61,"13,787,123"
AGG,12/20/2023,98.97,"9,994,103"
AGG,12/21/2023,98.96,"9,099,118"
AGG,12/22/2023,98.83,"13,234,679"
AGG,12/26/2023,99.03,"5,418,487"
AGG,12/27/2023,99.66,"6,919,952"
AGG,12/28/2023,99.44,"7,172,285"
AGG,12/29/2023,99.25,"7,327,825"
AGG,01/02/2024,98.78,"9,754,476"
AGG,01/03/2024,98.83,"10,002,137"
AGG,01/04/2024,98.43,"9,896,688"
AGG,01/05/2024,98.2,"9,038,700"
AGG,01/08/2024,98.57,"7,946,495"
AGG,01/09/2024,98.55,"7,157,411"
AGG,01/10/2024,98.36,"7,679,382"
AGG,01/11/2024,98.92,"7,275,940"
AGG,01/12/2024,99.1,"6,359,407"
AGG,01/16/2024,98.36,"14,489,797"
AGG,01/17/2024,98.09,"8,977,600"
AGG,01/18/2024,98,"10,575,151"
AGG,01/19/2024,98.02,"9,126,093"
AGG,01/22/2024,98.2,"8,712,582"
AGG,01/23/2024,97.96,"5,642,997"
AGG,01/24/2024,97.74,"11,278,509"
AGG,01/25/2024,98.18,"16,521,614"
AGG,01/26/2024,98.07,"5,022,843"
AGG,01/29/2024,98.46,"6,423,562"
AGG,01/30/2024,98.65,"6,740,125"
AGG,01/31/2024,99.1,"10,829,125"
AGG,02/01/2024,99.37,"11,937,364"
AGG,02/02/2024,98.46,"8,422,612"
AGG,02/05/2024,97.65,"7,656,888"
AGG,02/06/2024,98.16,"6,608,583"
AGG,02/07/2024,97.96,"8,785,226"
AGG,02/08/2024,97.66,"12,446,860"
AGG,02/09/2024,97.63,"7,120,463"
AGG,02/12/2024,97.65,"5,696,254"
AGG,02/13/2024,96.75,"15,872,616"
AGG,02/14/2024,97.18,"8,776,901"
AGG,02/15/2024,97.41,"7,194,549"
AGG,02/16/2024,97.1,"7,723,697"
AGG,02/20/2024,97.19,"8,735,680"
AGG,02/21/2024,96.9,"7,785,144"
AGG,02/22/2024,96.98,"7,538,284"
AGG,02/23/2024,97.34,"7,738,039"
AGG,02/26/2024,97.13,"9,374,597"
AGG,02/27/2024,97,"9,065,486"
AGG,02/28/2024,97.19,"7,942,456"
AGG,02/29/2024,97.35,"16,774,092"
AGG,03/01/2024,97.53,"8,994,931"
AGG,03/04/2024,97.29,"7,428,243"
AGG,03/05/2024,97.82,"6,815,524"
AGG,03/06/2024,97.97,"16,536,204"
AGG,03/07/2024,98.18,"7,726,663"
AGG,03/08/2024,98.27,"7,168,723"
AGG,03/11/2024,98.16,"11,354,561"
AGG,03/12/2024,97.91,"7,471,902"
AGG,03/13/2024,97.73,"5,846,648"
AGG,03/14/2024,97.11,"10,541,000"
AGG,03/15/2024,97.1,"5,756,900"
AGG,03/18/2024,97,"5,227,228"
AGG,03/19/2024,97.24,"5,076,659"
AGG,03/20/2024,97.44,"8,681,408"
AGG,03/21/2024,97.51,"10,100,253"
AGG,03/22/2024,97.82,"8,359,208"
AGG,03/25/2024,97.64,"11,037,736"
AGG,03/26/2024,97.74,"8,830,456"
AGG,03/27/2024,98.06,"9,366,825"
AGG,03/28/2024,97.94,"8,863,332"
AGG,04/01/2024,96.94,"8,667,445"
AGG,04/02/2024,96.87,"10,624,648"
AGG,04/03/2024,96.93,"6,919,270"
AGG,04/04/2024,97.16,"9,327,565"
AGG,04/05/2024,96.68,"12,343,556"
AGG,04/08/2024,96.59,"11,457,107"
AGG,04/09/2024,96.92,"5,736,500"
AGG,04/10/2024,95.76,"11,248,929"
AGG,04/11/2024,95.78,"16,217,807"
AGG,04/12/2024,95.96,"17,284,702"
AGG,04/15/2024,95.38,"11,705,252"
AGG,04/16/2024,95.11,"17,565,923"
AGG,04/17/2024,95.55,"7,567,782"
AGG,04/18/2024,95.28,"7,717,474"
AGG,04/19/2024,95.38,"9,121,718"
AGG,04/22/2024,95.44,"9,029,044"
AGG,04/23/2024,95.64,"10,837,186"
AGG,04/24/2024,95.39,"7,960,989"
AGG,04/25/2024,95.12,"6,758,125"
AGG,04/26/2024,95.33,"8,442,514"
AGG,04/29/2024,95.62,"7,384,591"
AGG,04/30/2024,95.23,"11,228,466"
AGG,05/01/2024,95.27,"11,017,676"
AGG,05/02/2024,95.7,"7,607,332"
AGG,05/03/2024,96.19,"9,146,714"
AGG,05/06/2024,96.26,"10,155,471"
AGG,05/07/2024,96.46,"7,686,999"
AGG,05/08/2024,96.26,"4,587,251"
AGG,05/09/2024,96.44,"6,732,586"
AGG,05/10/2024,96.24,"5,326,446"
AGG,05/13/2024,96.29,"5,263,260"
AGG,05/14/2024,96.55,"5,243,275"
AGG,05/15/2024,97.19,"5,846,511"
AGG,05/16/2024,97.08,"7,894,451"
AGG,05/17/2024,96.77,"5,267,144"
AGG,05/20/2024,96.68,"5,262,987"
AGG,05/21/2024,96.86,"5,227,948"
AGG,05/22/2024,96.74,"3,823,632"
AGG,05/23/2024,96.47,"5,094,928"
AGG,05/24/2024,96.58,"3,072,140"
AGG,05/28/2024,96.13,"6,046,075"
AGG,05/29/2024,95.76,"8,249,084"
AGG,05/30/2024,96.21,"5,568,856"
AGG,05/31/2024,96.52,"8,762,935"
AGG,06/03/2024,96.8,"6,095,674"
AGG,06/04/2024,97.15,"3,979,112"
AGG,06/05/2024,97.45,"4,602,541"
AGG,06/06/2024,97.48,"6,568,939"
AGG,06/07/2024,96.62,"5,364,971"
AGG,06/10/2024,96.54,"8,235,950"
AGG,06/11/2024,96.87,"4,650,303"
AGG,06/12/2024,97.33,"7,627,065"
AGG,06/13/2024,97.82,"7,094,817"
AGG,06/14/2024,97.92,"6,239,526"
AGG,06/17/2024,97.57,"5,265,075"
AGG,06/18/2024,97.92,"7,030,650"
AGG,06/20/2024,97.75,"5,621,633"
AGG,06/21/2024,97.76,"4,715,500"
AGG,06/24/2024,97.84,"5,017,272"
AGG,06/25/2024,97.83,"5,701,669"
AGG,06/26/2024,97.39,"4,964,125"
AGG,06/27/2024,97.55,"5,276,457"
AGG,06/28/2024,97.07,"12,781,548"
AGG,07/01/2024,96.25,"12,239,104"
AGG,07/02/2024,96.57,"5,441,965"
AGG,07/03/2024,97.09,"4,061,079"
AGG,07/05/2024,97.58,"3,490,062"
AGG,07/08/2024,97.61,"4,603,072"
AGG,07/09/2024,97.52,"5,004,874"
AGG,07/10/2024,97.62,"4,586,211"
AGG,07/11/2024,98.12,"3,790,200"
AGG,07/12/2024,98.39,"6,329,054"
AGG,07/15/2024,98.05,"6,984,734"
AGG,07/16/2024,98.45,"8,936,096"
AGG,07/17/2024,98.52,"5,680,415"
AGG,07/18/2024,98.25,"10,584,197"
AGG,07/19/2024,98.05,"7,735,774"
AGG,07/22/2024,98.01,"11,657,644"
AGG,07/23/2024,98,"7,225,976"
AGG,07/24/2024,97.7,"6,578,527"
AGG,07/25/2024,97.97,"12,766,232"
AGG,07/26/2024,98.32,"4,243,795"
AGG,07/29/2024,98.48,"6,822,624"
AGG,07/30/2024,98.58,"5,845,841"
AGG,07/31/2024,99.11,"11,725,122"
AGG,08/01/2024,99.22,"9,642,741"
AGG,08/02/2024,100.33,"9,397,607"
AGG,08/05/2024,100.25,"12,066,084"
AGG,08/06/2024,99.65,"10,945,179"
AGG,08/07/2024,99.35,"8,085,207"
AGG,08/08/2024,99.2,"5,558,079"
AGG,08/09/2024,99.55,"3,879,241"
AGG,08/12/2024,99.72,"7,300,711"
AGG,08/13/2024,100.12,"3,925,473"
AGG,08/14/2024,100.3,"9,871,619"
AGG,08/15/2024,99.88,"8,628,478"
AGG,08/16/2024,100.12,"6,507,875"
AGG,08/19/2024,100.23,"4,690,310"
AGG,08/20/2024,100.53,"5,516,765"
AGG,08/21/2024,100.72,"6,366,682"
AGG,08/22/2024,100.31,"7,893,691"
AGG,08/23/2024,100.77,"6,179,548"
AGG,08/26/2024,100.68,"6,653,194"
AGG,08/27/2024,100.71,"7,965,500"
AGG,08/28/2024,100.62,"6,960,499"
AGG,08/29/2024,100.49,"6,912,660"
AGG,08/30/2024,100.25,"7,213,235"
AGG,09/03/2024,100.36,"6,837,399"
AGG,09/04/2024,100.8,"10,867,812"
AGG,09/05/2024,101.06,"11,921,947"
AGG,09/06/2024,101.19,"8,830,177"
AGG,09/09/2024,101.34,"7,569,256"
AGG,09/10/2024,101.65,"5,979,509"
AGG,09/11/2024,101.62,"4,184,407"
AGG,09/12/2024,101.53,"6,419,517"
AGG,09/13/2024,101.74,"5,330,629"
AGG,09/16/2024,101.98,"8,425,911"
AGG,09/17/2024,101.88,"9,256,001"
AGG,09/18/2024,101.56,"6,280,106"
AGG,09/19/2024,101.57,"5,079,896"
AGG,09/20/2024,101.48,"8,464,907"
AGG,09/23/2024,101.44,"8,428,058"
AGG,09/24/2024,101.58,"5,803,587"
AGG,09/25/2024,101.19,"9,259,117"
AGG,09/26/2024,101.21,"8,124,446"
AGG,09/27/2024,101.5,"5,033,279"
AGG,09/30/2024,101.27,"9,105,421"
AGG,10/01/2024,101.23,"8,811,488"
AGG,10/02/2024,101.02,"11,700,908"
AGG,10/03/2024,100.61,"8,751,191"
AGG,10/04/2024,99.96,"9,641,064"
AGG,10/07/2024,99.62,"6,382,168"
AGG,10/08/2024,99.79,"7,340,131"
AGG,10/09/2024,99.53,"8,218,472"
AGG,10/10/2024,99.47,"5,757,678"
AGG,10/11/2024,99.5,"4,878,672"
AGG,10/14/2024,99.41,"3,512,569"
AGG,10/15/2024,99.81,"7,158,682"
AGG,10/16/2024,99.94,"4,741,263"
AGG,10/17/2024,99.45,"5,306,334"
AGG,10/18/2024,99.52,"4,973,029"
AGG,10/21/2024,98.83,"6,874,029"
AGG,10/22/2024,98.85,"11,401,906"
AGG,10/23/2024,98.6,"19,660,142"
AGG,10/24/2024,98.79,"7,559,385"
AGG,10/25/2024,98.59,"9,028,548"
AGG,10/28/2024,98.43,"7,363,142"
AGG,10/29/2024,98.54,"5,421,716"
AGG,10/30/2024,98.44,"11,188,376"
AGG,10/31/2024,98.42,"12,754,774"
AGG,11/01/2024,97.72,"10,387,261"
AGG,11/04/2024,98.13,"6,630,091"
AGG,11/05/2024,98.36,"6,663,038"
AGG,11/06/2024,97.59,"9,158,058"
AGG,11/07/2024,98.33,"17,402,306"
AGG,11/08/2024,98.5,"6,199,838"
AGG,11/11/2024,98.28,"4,501,340"
AGG,11/12/2024,97.71,"16,775,682"
AGG,11/13/2024,97.69,"15,834,914"
AGG,11/14/2024,97.65,"7,312,304"
AGG,11/15/2024,97.66,"11,844,293"
AGG,11/18/2024,97.75,"5,260,760"
AGG,11/19/2024,97.89,"4,735,960"
AGG,11/20/2024,97.79,"5,551,154"
AGG,11/21/2024,97.74,"6,348,553"
AGG,11/22/2024,97.81,"4,989,634"
AGG,11/25/2024,98.69,"9,246,256"
AGG,11/26/2024,98.54,"11,303,243"
AGG,11/27/2024,98.81,"8,749,917"
AGG,11/29/2024,99.2,"9,623,184"
AGG,12/02/2024,98.9,"18,397,837"
AGG,12/03/2024,98.71,"6,889,766"
AGG,12/04/2024,99.03,"7,448,899"
AGG,12/05/2024,99.05,"8,787,117"
AGG,12/06/2024,99.33,"12,890,676"
AGG,12/09/2024,99.04,"10,689,040"
AGG,12/10/2024,98.92,"5,984,610"
AGG,12/11/2024,98.69,"8,095,829"
AGG,12/12/2024,98.29,"12,353,324"
AGG,12/13/2024,97.92,"6,566,351"
AGG,12/16/2024,98.01,"7,124,119"
AGG,12/17/2024,98.01,"7,239,282"
AGG,12/18/2024,96.95,"14,261,483"
AGG,12/19/2024,96.7,"15,490,128"
AGG,12/20/2024,96.96,"8,657,695"
AGG,12/23/2024,96.66,"10,540,780"
AGG,12/24/2024,96.77,"4,739,264"
AGG,12/26/2024,96.84,"10,620,327"
AGG,12/27/2024,96.64,"8,601,525"
AGG,12/30/2024,97.02,"10,154,727"
AGG,12/31/2024,96.9,"12,276,725"
LQD,01/03/2011,108.86,"2,447,821"
LQD,01/04/2011,109,"962,450"
LQD,01/05/2011,108.2,"1,209,163"
LQD,01/06/2011,108.365,"1,089,655"
LQD,01/07/2011,108.91,"1,118,594"
LQD,01/10/2011,109.1,"909,186"
LQD,01/11/2011,109.05,"844,978"
LQD,01/12/2011,108.98,"1,291,522"
LQD,01/13/2011,109.45,"970,960"
LQD,01/14/2011,108.93,"1,629,821"
LQD,01/18/2011,108.87,"1,422,670"
LQD,01/19/2011,108.79,"1,685,208"
LQD,01/20/2011,108.32,"1,699,116"
LQD,01/21/2011,108.48,"1,056,546"
LQD,01/24/2011,108.53,"727,174"
LQD,01/25/2011,109.07,"1,302,193"
LQD,01/26/2011,108.46,"1,647,027"
LQD,01/27/2011,108.64,"1,094,277"
LQD,01/28/2011,108.78,"1,388,021"
LQD,01/31/2011,108.48,"1,849,828"
LQD,02/01/2011,107.91,"989,106"
LQD,02/02/2011,107.7,"1,975,685"
LQD,02/03/2011,107.4375,"1,645,731"
LQD,02/04/2011,107.11,"1,367,694"
LQD,02/07/2011,107.23,"1,709,465"
LQD,02/08/2011,106.84,"1,263,174"
LQD,02/09/2011,107.53,"2,124,859"
LQD,02/10/2011,107,"690,559"
LQD,02/11/2011,107.59,"817,282"
LQD,02/14/2011,107.66,"785,395"
LQD,02/15/2011,107.9,"621,766"
LQD,02/16/2011,107.77,"1,892,546"
LQD,02/17/2011,107.97,"585,539"
LQD,02/18/2011,108.13,"505,861"
LQD,02/22/2011,108.43,"1,225,353"
LQD,02/23/2011,108.3,"1,293,531"
LQD,02/24/2011,108.42,"718,844"
LQD,02/25/2011,108.93,"722,849"
LQD,02/28/2011,109.22,"718,534"
LQD,03/01/2011,108.79,"1,332,211"
LQD,03/02/2011,108.21,"837,073"
LQD,03/03/2011,107.75,"1,024,106"
LQD,03/04/2011,108.16,"1,385,127"
LQD,03/07/2011,107.89,"451,751"
LQD,03/08/2011,107.75,"745,854"
LQD,03/09/2011,108.31,"1,745,219"
LQD,03/10/2011,108.75,"965,426"
LQD,03/11/2011,108.65,"1,541,451"
LQD,03/14/2011,108.77,"1,095,989"
LQD,03/15/2011,108.76,"1,659,468"
LQD,03/16/2011,109.41,"2,000,301"
LQD,03/17/2011,109.34,"1,117,771"
LQD,03/18/2011,109.41,"693,465"
LQD,03/21/2011,109.06,"870,312"
LQD,03/22/2011,109.26,"463,229"
LQD,03/23/2011,109.19,"537,802"
LQD,03/24/2011,108.83,"516,794"
LQD,03/25/2011,108.67,"420,131"
LQD,03/28/2011,108.71,"572,983"
LQD,03/29/2011,108.18,"625,762"
LQD,03/30/2011,108.55,"754,652"
LQD,03/31/2011,108.2,"832,860"
LQD,04/01/2011,108.28,"2,873,541"
LQD,04/04/2011,108.53,"767,232"
LQD,04/05/2011,108.59,"1,901,735"
LQD,04/06/2011,108.24,"1,253,252"
LQD,04/07/2011,108.08,"641,325"
LQD,04/08/2011,108.02,"572,200"
LQD,04/11/2011,108.03,"667,408"
LQD,04/12/2011,108.41,"625,080"
LQD,04/13/2011,108.6,"673,689"
LQD,04/14/2011,108.33,"1,076,474"
LQD,04/15/2011,108.9,"662,506"
LQD,04/18/2011,109.05,"822,758"
LQD,04/19/2011,109.28,"467,339"
LQD,04/20/2011,109.33,"515,304"
LQD,04/21/2011,109.43,"624,780"
LQD,04/25/2011,109.54,"686,960"
LQD,04/26/2011,110.05,"953,584"
LQD,04/27/2011,109.91,"716,012"
LQD,04/28/2011,110.26,"508,682"
LQD,04/29/2011,110.47,"756,288"
LQD,05/02/2011,110.3,"1,770,966"
LQD,05/03/2011,110.25,"661,299"
LQD,05/04/2011,110.41,"720,533"
LQD,05/05/2011,110.79,"771,508"
LQD,05/06/2011,110.79,"857,071"
LQD,05/09/2011,110.9,"485,111"
LQD,05/10/2011,110.45,"974,647"
LQD,05/11/2011,110.63,"538,853"
LQD,05/12/2011,110.37,"595,022"
LQD,05/13/2011,110.7,"1,062,803"
LQD,05/16/2011,111.02,"614,888"
LQD,05/17/2011,111.17,"1,227,745"
LQD,05/18/2011,110.89,"477,736"
LQD,05/19/2011,111.08,"430,748"
LQD,05/20/2011,111,"585,581"
LQD,05/23/2011,110.93,"1,173,807"
LQD,05/24/2011,111.07,"590,428"
LQD,05/25/2011,110.85,"675,275"
LQD,05/26/2011,111.33,"1,042,852"
LQD,05/27/2011,111.45,"510,279"
LQD,05/31/2011,111.44,"1,022,364"
LQD,06/01/2011,111.57,"1,467,553"
LQD,06/02/2011,110.56,"1,448,867"
LQD,06/03/2011,110.8,"684,664"
LQD,06/06/2011,110.61,"445,423"
LQD,06/07/2011,110.99,"405,338"
LQD,06/08/2011,111.06,"450,571"
LQD,06/09/2011,110.76,"1,355,643"
LQD,06/10/2011,110.63,"1,379,252"
LQD,06/13/2011,110.75,"908,826"
LQD,06/14/2011,110.42,"690,113"
LQD,06/15/2011,111.029999,"1,024,038"
LQD,06/16/2011,110.82,"1,001,975"
LQD,06/17/2011,110.86,"556,052"
LQD,06/20/2011,110.88,"619,322"
LQD,06/21/2011,110.85,"692,797"
LQD,06/22/2011,111,"703,147"
LQD,06/23/2011,111.29,"796,017"
LQD,06/24/2011,111.35,"716,871"
LQD,06/27/2011,110.99,"995,077"
LQD,06/28/2011,110.22,"863,333"
LQD,06/29/2011,109.97,"1,041,186"
LQD,06/30/2011,110.13,"1,004,017"
LQD,07/01/2011,109.71,"1,495,812"
LQD,07/05/2011,110.1,"1,116,015"
LQD,07/06/2011,110.33,"1,343,783"
LQD,07/07/2011,110.36,"1,463,725"
LQD,07/08/2011,111.07,"1,052,271"
LQD,07/11/2011,111.44,"1,397,078"
LQD,07/12/2011,111.53,"694,369"
LQD,07/13/2011,111.81,"1,014,342"
LQD,07/14/2011,111.12,"761,164"
LQD,07/15/2011,111.37,"532,173"
LQD,07/18/2011,110.94,"1,163,515"
LQD,07/19/2011,111.48,"1,230,139"
LQD,07/20/2011,111.22,"1,019,729"
LQD,07/21/2011,111.05,"931,367"
LQD,07/22/2011,111.5,"1,120,930"
LQD,07/25/2011,110.97,"1,166,891"
LQD,07/26/2011,111.46,"900,186"
LQD,07/27/2011,111.13,"762,394"
LQD,07/28/2011,111.37,"890,172"
LQD,07/29/2011,112.37,"1,680,129"
LQD,08/01/2011,112.28,"2,151,193"
LQD,08/02/2011,113.22,"1,427,286"
LQD,08/03/2011,113.18,"2,093,389"
LQD,08/04/2011,114,"2,161,014"
LQD,08/05/2011,112.59,"2,470,834"
LQD,08/08/2011,111.52,"2,548,421"
LQD,08/09/2011,112.516,"2,108,920"
LQD,08/10/2011,113.53,"1,264,846"
LQD,08/11/2011,111.2,"1,858,281"
LQD,08/12/2011,112.47,"1,962,396"
LQD,08/15/2011,112.68,"1,884,309"
LQD,08/16/2011,113.09,"1,692,282"
LQD,08/17/2011,113.4,"1,050,116"
LQD,08/18/2011,113.55,"1,358,142"
LQD,08/19/2011,113.41,"1,749,213"
LQD,08/22/2011,112.99,"1,464,144"
LQD,08/23/2011,111.7,"2,340,063"
LQD,08/24/2011,110.38,"1,513,514"
LQD,08/25/2011,110.99,"1,480,187"
LQD,08/26/2011,111.04,"1,134,312"
LQD,08/29/2011,111.4,"1,186,157"
LQD,08/30/2011,111.99,"1,420,102"
LQD,08/31/2011,112.33,"1,332,646"
LQD,09/01/2011,112,"2,821,247"
LQD,09/02/2011,112.69,"1,386,278"
LQD,09/06/2011,113.35,"4,665,016"
LQD,09/07/2011,113.57,"826,646"
LQD,09/08/2011,113.47,"1,397,073"
LQD,09/09/2011,113.59,"1,029,459"
LQD,09/12/2011,112.9,"1,749,414"
LQD,09/13/2011,112.88,"1,536,732"
LQD,09/14/2011,112.83,"954,834"
LQD,09/15/2011,112.44,"1,326,836"
LQD,09/16/2011,112.44,"1,528,630"
LQD,09/19/2011,113.06,"903,291"
LQD,09/20/2011,113.11,"889,198"
LQD,09/21/2011,113.37,"1,006,432"
LQD,09/22/2011,113.59,"1,303,909"
LQD,09/23/2011,112.89,"686,500"
LQD,09/26/2011,112.68,"811,422"
LQD,09/27/2011,112.32,"1,298,659"
LQD,09/28/2011,111.87,"1,238,423"
LQD,09/29/2011,111.75,"864,457"
LQD,09/30/2011,112.31,"1,483,741"
LQD,10/03/2011,112.1,"3,575,327"
LQD,10/04/2011,111.12,"1,753,230"
LQD,10/05/2011,111.58,"4,530,464"
LQD,10/06/2011,111.13,"1,410,888"
LQD,10/07/2011,111.03,"2,117,708"
LQD,10/10/2011,111.24,"953,686"
LQD,10/11/2011,111.54,"2,097,254"
LQD,10/12/2011,111.71,"1,613,017"
LQD,10/13/2011,111.81,"1,494,331"
LQD,10/14/2011,111.74,"1,051,859"
LQD,10/17/2011,111.66,"978,983"
LQD,10/18/2011,112.05,"835,042"
LQD,10/19/2011,112.34,"1,839,686"
LQD,10/20/2011,112.59,"937,531"
LQD,10/21/2011,112.96,"850,510"
LQD,10/24/2011,113.54,"1,341,181"
LQD,10/25/2011,114.1,"1,546,244"
LQD,10/26/2011,114.02,"1,035,720"
LQD,10/27/2011,114,"2,364,165"
LQD,10/28/2011,114.44,"2,102,459"
LQD,10/31/2011,114.7,"1,548,251"
LQD,11/01/2011,114.87,"1,530,836"
LQD,11/02/2011,115.29,"1,871,124"
LQD,11/03/2011,115.35,"1,868,191"
LQD,11/04/2011,115.58,"1,489,282"
LQD,11/07/2011,115.12,"756,960"
LQD,11/08/2011,114.41,"4,358,675"
LQD,11/09/2011,114.11,"1,252,235"
LQD,11/10/2011,113.54,"1,487,725"
LQD,11/11/2011,113.34,"1,114,140"
LQD,11/14/2011,113.33,"821,356"
LQD,11/15/2011,113.22,"1,425,132"
LQD,11/16/2011,112.86,"2,641,732"
LQD,11/17/2011,111.97,"4,230,635"
LQD,11/18/2011,112.15,"1,280,388"
LQD,11/21/2011,111.69,"1,355,266"
LQD,11/22/2011,111.4,"1,391,670"
LQD,11/23/2011,110.83,"1,796,584"
LQD,11/25/2011,110.39,"660,093"
LQD,11/28/2011,110.44,"2,415,943"
LQD,11/29/2011,110.19,"1,460,443"
LQD,11/30/2011,110.69,"1,759,410"
LQD,12/01/2011,110.56,"1,661,283"
LQD,12/02/2011,111.5,"1,882,104"
LQD,12/05/2011,112.33,"1,826,231"
LQD,12/06/2011,111.73,"1,166,820"
LQD,12/07/2011,112.43,"1,559,964"
LQD,12/08/2011,112.05,"1,110,292"
LQD,12/09/2011,111.62,"1,017,914"
LQD,12/12/2011,111.63,"574,499"
LQD,12/13/2011,112.01,"1,206,096"
LQD,12/14/2011,112.2,"1,085,461"
LQD,12/15/2011,112.38,"912,576"
LQD,12/16/2011,113.01,"1,464,856"
LQD,12/19/2011,113.41,"1,061,784"
LQD,12/20/2011,113.33,"1,127,934"
LQD,12/21/2011,112.85,"1,159,498"
LQD,12/22/2011,113.44,"1,762,719"
LQD,12/23/2011,113.09,"830,528"
LQD,12/27/2011,113.13,"872,828"
LQD,12/28/2011,113.336,"501,442"
LQD,12/29/2011,113.28,"971,577"
LQD,12/30/2011,113.76,"807,020"
LQD,01/03/2012,113.67,"2,509,365"
LQD,01/04/2012,113.76,"1,641,304"
LQD,01/05/2012,113.27,"1,454,773"
LQD,01/06/2012,113.71,"780,926"
LQD,01/09/2012,113.54,"1,184,402"
LQD,01/10/2012,113.86,"1,946,318"
LQD,01/11/2012,113.84,"2,382,614"
LQD,01/12/2012,114.1,"1,820,737"
LQD,01/13/2012,114.51,"3,220,025"
LQD,01/17/2012,114.86,"1,688,939"
LQD,01/18/2012,114.63,"1,643,162"
LQD,01/19/2012,114.6,"1,268,276"
LQD,01/20/2012,114.31,"1,140,214"
LQD,01/23/2012,114.14,"1,128,939"
LQD,01/24/2012,114.55,"1,321,593"
LQD,01/25/2012,114.94,"1,697,582"
LQD,01/26/2012,115.84,"1,342,951"
LQD,01/27/2012,116.01,"1,148,341"
LQD,01/30/2012,115.86,"1,325,424"
LQD,01/31/2012,116.2,"1,503,914"
LQD,02/01/2012,116.27,"3,195,633"
LQD,02/02/2012,116.51,"2,860,534"
LQD,02/03/2012,116.34,"2,148,336"
LQD,02/06/2012,116.64,"1,141,632"
LQD,02/07/2012,116.42,"1,061,014"
LQD,02/08/2012,116.54,"1,651,163"
LQD,02/09/2012,116.17,"2,439,014"
LQD,02/10/2012,116.06,"1,776,488"
LQD,02/13/2012,116.46,"1,061,277"
LQD,02/14/2012,116.55,"1,972,837"
LQD,02/15/2012,116.39,"1,025,070"
LQD,02/16/2012,116.19,"1,822,147"
LQD,02/17/2012,116.01,"1,858,541"
LQD,02/21/2012,115.82,"1,887,488"
LQD,02/22/2012,116.54,"2,834,478"
LQD,02/23/2012,116.7,"1,590,785"
LQD,02/24/2012,116.79,"2,175,030"
LQD,02/27/2012,117.22,"1,160,201"
LQD,02/28/2012,117.59,"2,136,618"
LQD,02/29/2012,117.7,"1,769,783"
LQD,03/01/2012,117.02,"2,300,520"
LQD,03/02/2012,117.06,"1,880,532"
LQD,03/05/2012,116.85,"1,646,304"
LQD,03/06/2012,116.67,"1,682,877"
LQD,03/07/2012,116.62,"1,410,384"
LQD,03/08/2012,116.64,"1,202,375"
LQD,03/09/2012,116.58,"1,659,392"
LQD,03/12/2012,116.35,"2,027,872"
LQD,03/13/2012,116.03,"2,230,066"
LQD,03/14/2012,114.65,"3,067,740"
LQD,03/15/2012,114.4,"2,035,840"
LQD,03/16/2012,114.57,"3,390,491"
LQD,03/19/2012,114.41,"1,961,162"
LQD,03/20/2012,114.34,"1,825,863"
LQD,03/21/2012,114.86,"2,112,459"
LQD,03/22/2012,114.67,"3,072,974"
LQD,03/23/2012,114.76,"2,235,112"
LQD,03/26/2012,115.01,"1,600,141"
LQD,03/27/2012,115.9,"2,904,791"
LQD,03/28/2012,115.68,"1,666,342"
LQD,03/29/2012,115.91,"1,632,014"
LQD,03/30/2012,115.63,"4,284,994"
LQD,04/02/2012,115.53,"6,107,603"
LQD,04/03/2012,114.43,"2,724,083"
LQD,04/04/2012,114.65,"1,620,045"
LQD,04/05/2012,114.84,"1,646,298"
LQD,04/09/2012,115.59,"1,026,527"
LQD,04/10/2012,115.52,"2,263,592"
LQD,04/11/2012,115.4,"1,311,318"
LQD,04/12/2012,115.45,"1,400,604"
LQD,04/13/2012,116,"1,012,789"
LQD,04/16/2012,116,"2,396,759"
LQD,04/17/2012,116.15,"2,229,260"
LQD,04/18/2012,116.13,"2,663,403"
LQD,04/19/2012,116.21,"1,141,774"
LQD,04/20/2012,116.18,"663,355"
LQD,04/23/2012,116.2,"976,307"
LQD,04/24/2012,115.99,"1,988,727"
LQD,04/25/2012,116.19,"1,709,729"
LQD,04/26/2012,116.38,"1,116,276"
LQD,04/27/2012,116.55,"1,546,258"
LQD,04/30/2012,116.48,"1,732,909"
LQD,05/01/2012,115.87,"2,430,696"
LQD,05/02/2012,116.25,"2,046,411"
LQD,05/03/2012,116.32,"1,356,279"
LQD,05/04/2012,116.45,"686,384"
LQD,05/07/2012,116.65,"787,174"
LQD,05/08/2012,116.94,"1,570,659"
LQD,05/09/2012,116.74,"2,175,685"
LQD,05/10/2012,116.5,"1,599,572"
LQD,05/11/2012,116.85,"2,977,169"
LQD,05/14/2012,116.88,"1,925,718"
LQD,05/15/2012,116.73,"2,455,264"
LQD,05/16/2012,116.79,"2,700,436"
LQD,05/17/2012,115.92,"2,367,878"
LQD,05/18/2012,115.47,"1,968,907"
LQD,05/21/2012,115.6,"1,386,911"
LQD,05/22/2012,115.29,"1,728,253"
LQD,05/23/2012,115.57,"1,870,673"
LQD,05/24/2012,115.59,"1,212,819"
LQD,05/25/2012,115.88,"593,921"
LQD,05/29/2012,116.05,"2,514,160"
LQD,05/30/2012,116.15,"1,919,479"
LQD,05/31/2012,116.97,"4,629,799"
LQD,06/01/2012,117.29,"3,800,166"
LQD,06/04/2012,116.4,"2,643,876"
LQD,06/05/2012,116.15,"2,430,885"
LQD,06/06/2012,115.81,"2,499,314"
LQD,06/07/2012,116.05,"2,929,684"
LQD,06/08/2012,116.48,"1,712,985"
LQD,06/11/2012,116.46,"1,354,163"
LQD,06/12/2012,116.12,"926,232"
LQD,06/13/2012,116.54,"1,332,934"
LQD,06/14/2012,116.4,"1,574,830"
LQD,06/15/2012,116.88,"1,347,065"
LQD,06/18/2012,116.83,"996,749"
LQD,06/19/2012,116.72,"2,159,135"
LQD,06/20/2012,116.77,"2,578,954"
LQD,06/21/2012,116.95,"2,229,374"
LQD,06/22/2012,116.86,"1,245,537"
LQD,06/25/2012,117.16,"1,702,214"
LQD,06/26/2012,117.28,"1,642,213"
LQD,06/27/2012,117.44,"2,352,061"
LQD,06/28/2012,117.62,"2,286,483"
LQD,06/29/2012,117.59,"2,348,593"
LQD,07/02/2012,117.82,"2,310,457"
LQD,07/03/2012,117.92,"808,717"
LQD,07/05/2012,118.22,"1,982,226"
LQD,07/06/2012,118.52,"1,533,066"
LQD,07/09/2012,118.6,"1,119,481"
LQD,07/10/2012,118.57,"1,385,601"
LQD,07/11/2012,118.77,"1,209,908"
LQD,07/12/2012,119.37,"1,716,604"
LQD,07/13/2012,119.41,"1,634,612"
LQD,07/16/2012,119.74,"750,064"
LQD,07/17/2012,119.74,"2,478,915"
LQD,07/18/2012,120.4,"2,351,830"
LQD,07/19/2012,120.61,"3,499,844"
LQD,07/20/2012,120.7,"1,144,525"
LQD,07/23/2012,120.31,"1,328,000"
LQD,07/24/2012,120.5,"1,333,008"
LQD,07/25/2012,120.73,"2,551,353"
LQD,07/26/2012,120.92,"1,094,690"
LQD,07/27/2012,120.35,"2,952,125"
LQD,07/30/2012,120.66,"2,581,409"
LQD,07/31/2012,121.28,"1,563,421"
LQD,08/01/2012,120.76,"2,583,057"
LQD,08/02/2012,120.84,"1,500,001"
LQD,08/03/2012,120.55,"2,259,772"
LQD,08/06/2012,120.71,"1,596,294"
LQD,08/07/2012,120.08,"4,136,577"
LQD,08/08/2012,119.74,"2,310,299"
LQD,08/09/2012,119.66,"2,496,078"
LQD,08/10/2012,120,"1,482,656"
LQD,08/13/2012,119.75,"1,126,995"
LQD,08/14/2012,119.21,"1,593,510"
LQD,08/15/2012,118.65,"3,995,225"
LQD,08/16/2012,118.3,"1,895,628"
LQD,08/17/2012,118.46,"1,734,415"
LQD,08/20/2012,118.79,"1,813,826"
LQD,08/21/2012,118.99,"2,009,997"
LQD,08/22/2012,119.67,"2,281,370"
LQD,08/23/2012,119.76,"883,251"
LQD,08/24/2012,119.89,"1,335,257"
LQD,08/27/2012,120.04,"1,879,284"
LQD,08/28/2012,120.21,"908,245"
LQD,08/29/2012,119.96,"1,776,945"
LQD,08/30/2012,120,"1,887,917"
LQD,08/31/2012,120.83,"1,766,480"
LQD,09/04/2012,120.16,"3,788,781"
LQD,09/05/2012,120.21,"817,585"
LQD,09/06/2012,119.68,"2,078,500"
LQD,09/07/2012,119.93,"2,192,614"
LQD,09/10/2012,119.92,"1,076,073"
LQD,09/11/2012,120.02,"2,641,470"
LQD,09/12/2012,119.78,"1,334,760"
LQD,09/13/2012,120.42,"3,618,434"
LQD,09/14/2012,119.7,"3,164,760"
LQD,09/17/2012,120.11,"898,057"
LQD,09/18/2012,120.48,"1,562,972"
LQD,09/19/2012,120.68,"1,237,354"
LQD,09/20/2012,120.5818,"1,165,130"
LQD,09/21/2012,120.8,"1,305,875"
LQD,09/24/2012,120.98,"1,191,695"
LQD,09/25/2012,121.22,"3,287,731"
LQD,09/26/2012,121.56,"1,162,852"
LQD,09/27/2012,121.5,"1,720,139"
LQD,09/28/2012,121.77,"2,519,018"
LQD,10/01/2012,121.71,"3,317,981"
LQD,10/02/2012,121.75,"2,188,859"
LQD,10/03/2012,121.83,"6,193,574"
LQD,10/04/2012,121.73,"1,710,426"
LQD,10/05/2012,121.54,"1,711,422"
LQD,10/08/2012,121.86,"715,208"
LQD,10/09/2012,121.99,"3,132,183"
LQD,10/10/2012,122.21,"2,418,316"
LQD,10/11/2012,122.61,"2,165,275"
LQD,10/12/2012,122.75,"1,711,922"
LQD,10/15/2012,123.13,"2,144,978"
LQD,10/16/2012,123.05,"2,177,886"
LQD,10/17/2012,122.81,"6,454,854"
LQD,10/18/2012,122.58,"1,541,304"
LQD,10/19/2012,122.8,"1,716,001"
LQD,10/22/2012,122.51,"2,030,226"
LQD,10/23/2012,122.72,"1,188,557"
LQD,10/24/2012,122.39,"2,842,350"
LQD,10/25/2012,122.04,"1,511,111"
LQD,10/26/2012,122.64,"1,206,493"
LQD,10/31/2012,123.02,"1,286,480"
LQD,11/01/2012,122.48,"1,953,685"
LQD,11/02/2012,122.24,"1,940,266"
LQD,11/05/2012,122.3,"2,073,115"
LQD,11/06/2012,121.71,"1,459,347"
LQD,11/07/2012,121.96,"1,585,385"
LQD,11/08/2012,121.84,"3,176,492"
LQD,11/09/2012,121.54,"2,850,254"
LQD,11/12/2012,121.56,"991,479"
LQD,11/13/2012,121.61,"1,849,450"
LQD,11/14/2012,121.86,"2,445,543"
LQD,11/15/2012,121.62,"2,218,429"
LQD,11/16/2012,121.66,"2,181,037"
LQD,11/19/2012,122.04,"2,384,932"
LQD,11/20/2012,121.66,"3,229,416"
LQD,11/21/2012,121.75,"2,263,677"
LQD,11/23/2012,121.802,"928,931"
LQD,11/26/2012,122,"2,412,286"
LQD,11/27/2012,122.07,"2,243,217"
LQD,11/28/2012,122.05,"1,479,691"
LQD,11/29/2012,122.14,"1,052,700"
LQD,11/30/2012,122.13,"2,129,194"
LQD,12/03/2012,121.89,"3,859,011"
LQD,12/04/2012,122,"2,387,582"
LQD,12/05/2012,122.25,"1,943,893"
LQD,12/06/2012,122.2302,"2,737,648"
LQD,12/07/2012,121.94,"1,947,225"
LQD,12/10/2012,122.05,"2,290,112"
LQD,12/11/2012,121.6,"2,365,370"
LQD,12/12/2012,121.23,"2,390,832"
LQD,12/13/2012,121.0396,"3,635,046"
LQD,12/14/2012,121.13,"2,844,183"
LQD,12/17/2012,120.74,"1,983,222"
LQD,12/18/2012,120.44,"2,278,441"
LQD,12/19/2012,120.91,"3,112,128"
LQD,12/20/2012,121.03,"2,545,102"
LQD,12/21/2012,121.24,"2,649,690"
LQD,12/24/2012,121.16,"1,902,429"
LQD,12/26/2012,120.97,"1,641,909"
LQD,12/27/2012,121.36,"1,556,808"
LQD,12/28/2012,121.63,"1,894,480"
LQD,12/31/2012,120.99,"1,867,794"
LQD,01/02/2013,121.27,"4,058,434"
LQD,01/03/2013,120.61,"3,207,886"
LQD,01/04/2013,120.55,"4,663,230"
LQD,01/07/2013,120.75,"3,832,563"
LQD,01/08/2013,120.86,"2,534,858"
LQD,01/09/2013,120.82,"1,867,549"
LQD,01/10/2013,120.88,"1,439,888"
LQD,01/11/2013,121.1,"758,132"
LQD,01/14/2013,120.86,"1,569,315"
LQD,01/15/2013,120.76,"3,042,879"
LQD,01/16/2013,120.76,"4,199,856"
LQD,01/17/2013,120.55,"2,225,625"
LQD,01/18/2013,120.67,"2,704,402"
LQD,01/22/2013,120.67,"1,730,295"
LQD,01/23/2013,120.82,"2,446,556"
LQD,01/24/2013,120.65,"1,873,529"
LQD,01/25/2013,120.1,"2,434,539"
LQD,01/28/2013,120,"2,434,115"
LQD,01/29/2013,119.73,"1,424,006"
LQD,01/30/2013,119.33,"3,009,298"
LQD,01/31/2013,119.42,"2,804,026"
LQD,02/01/2013,118.74,"4,589,136"
LQD,02/04/2013,119.14,"2,581,317"
LQD,02/05/2013,118.9,"2,814,604"
LQD,02/06/2013,119.21,"1,970,113"
LQD,02/07/2013,119.25,"1,679,991"
LQD,02/08/2013,119.51,"1,496,635"
LQD,02/11/2013,119.45,"749,054"
LQD,02/12/2013,119.33,"1,520,168"
LQD,02/13/2013,119.05,"2,317,781"
LQD,02/14/2013,119.38,"3,180,436"
LQD,02/15/2013,119.33,"1,363,532"
LQD,02/19/2013,119.3,"1,842,223"
LQD,02/20/2013,119.5,"1,369,732"
LQD,02/21/2013,119.69,"3,578,063"
LQD,02/22/2013,119.77,"1,914,207"
LQD,02/25/2013,120.48,"2,643,443"
LQD,02/26/2013,120.33,"1,574,066"
LQD,02/27/2013,120.29,"941,402"
LQD,02/28/2013,120.33,"2,231,080"
LQD,03/01/2013,120.23,"1,363,649"
LQD,03/04/2013,120.14,"1,733,328"
LQD,03/05/2013,119.94,"1,395,352"
LQD,03/06/2013,119.59,"1,014,611"
LQD,03/07/2013,119.2,"1,963,995"
LQD,03/08/2013,118.78,"2,526,877"
LQD,03/11/2013,118.86,"2,632,434"
LQD,03/12/2013,119.1,"3,172,886"
LQD,03/13/2013,118.99,"1,958,587"
LQD,03/14/2013,119.04,"1,669,597"
LQD,03/15/2013,119.2,"1,188,436"
LQD,03/18/2013,119.49,"1,665,642"
LQD,03/19/2013,119.69,"1,354,570"
LQD,03/20/2013,119.34,"1,905,025"
LQD,03/21/2013,119.46,"1,853,993"
LQD,03/22/2013,119.47,"997,841"
LQD,03/25/2013,119.47,"1,089,611"
LQD,03/26/2013,119.55,"917,946"
LQD,03/27/2013,119.97,"1,847,112"
LQD,03/28/2013,119.9,"1,874,209"
LQD,04/01/2013,119.36,"5,877,396"
LQD,04/02/2013,119.35,"1,319,122"
LQD,04/03/2013,119.83,"1,420,937"
LQD,04/04/2013,120.47,"2,660,881"
LQD,04/05/2013,120.84,"3,268,433"
LQD,04/08/2013,120.95,"2,276,778"
LQD,04/09/2013,121.07,"3,156,947"
LQD,04/10/2013,120.75,"2,181,564"
LQD,04/11/2013,120.83,"1,496,862"
LQD,04/12/2013,121.43,"1,358,822"
LQD,04/15/2013,121.47,"1,024,726"
LQD,04/16/2013,121.25,"1,629,725"
LQD,04/17/2013,121.42,"1,373,179"
LQD,04/18/2013,121.53,"1,656,667"
LQD,04/19/2013,121.71,"877,889"
LQD,04/22/2013,121.75,"1,271,926"
LQD,04/23/2013,121.91,"1,659,658"
LQD,04/24/2013,121.96,"1,366,811"
LQD,04/25/2013,121.89,"1,067,046"
LQD,04/26/2013,122.33,"1,294,420"
LQD,04/29/2013,122.34,"875,631"
LQD,04/30/2013,122.13,"2,347,944"
LQD,05/01/2013,122.31,"4,063,447"
LQD,05/02/2013,122.31,"1,798,903"
LQD,05/03/2013,121.16,"2,882,191"
LQD,05/06/2013,121.14,"1,839,239"
LQD,05/07/2013,121.046,"3,886,074"
LQD,05/08/2013,121.16,"2,378,949"
LQD,05/09/2013,120.9,"825,724"
LQD,05/10/2013,120.27,"2,808,188"
LQD,05/13/2013,119.96,"2,498,333"
LQD,05/14/2013,119.64,"2,324,956"
LQD,05/15/2013,120.06,"2,081,530"
LQD,05/16/2013,120.61,"2,916,426"
LQD,05/17/2013,120.09,"909,471"
LQD,05/20/2013,119.95,"2,097,013"
LQD,05/21/2013,120.4,"2,007,690"
LQD,05/22/2013,119.45,"2,886,292"
LQD,05/23/2013,119.57,"2,568,455"
LQD,05/24/2013,119.49,"1,090,888"
LQD,05/28/2013,118.34,"1,684,186"
LQD,05/29/2013,118.29,"3,574,068"
LQD,05/30/2013,118.44,"1,758,918"
LQD,05/31/2013,117.85,"4,297,464"
LQD,06/03/2013,117.18,"10,863,879"
LQD,06/04/2013,116.72,"3,726,457"
LQD,06/05/2013,116.55,"4,575,149"
LQD,06/06/2013,117.05,"2,499,973"
LQD,06/07/2013,116.59,"3,159,763"
LQD,06/10/2013,116.23,"2,911,033"
LQD,06/11/2013,116.01,"3,983,639"
LQD,06/12/2013,115.61,"3,468,942"
LQD,06/13/2013,116.85,"2,474,348"
LQD,06/14/2013,116.77,"1,283,964"
LQD,06/17/2013,116.6,"1,868,593"
LQD,06/18/2013,116.37,"1,748,392"
LQD,06/19/2013,114.72,"2,822,973"
LQD,06/20/2013,113.135,"6,649,557"
LQD,06/21/2013,112.21,"4,107,513"
LQD,06/24/2013,111.48,"6,063,574"
LQD,06/25/2013,111.85,"3,653,183"
LQD,06/26/2013,112.7,"2,009,918"
LQD,06/27/2013,113.72,"1,544,729"
LQD,06/28/2013,113.65,"2,960,281"
LQD,07/01/2013,113.58,"2,849,878"
LQD,07/02/2013,113.94,"2,214,719"
LQD,07/03/2013,113.61,"2,131,997"
LQD,07/05/2013,112.17,"2,500,053"
LQD,07/08/2013,113.09,"3,096,616"
LQD,07/09/2013,113.19,"4,036,927"
LQD,07/10/2013,112.86,"2,908,786"
LQD,07/11/2013,114.19,"2,183,188"
LQD,07/12/2013,113.87,"2,008,717"
LQD,07/15/2013,114.6,"3,308,121"
LQD,07/16/2013,114.43,"1,625,898"
LQD,07/17/2013,114.86,"1,248,351"
LQD,07/18/2013,114.56,"1,119,806"
LQD,07/19/2013,115.19,"2,734,834"
LQD,07/22/2013,115.45,"2,236,157"
LQD,07/23/2013,115.27,"827,281"
LQD,07/24/2013,114.71,"1,960,669"
LQD,07/25/2013,114.57,"2,109,162"
LQD,07/26/2013,114.69,"1,022,674"
LQD,07/29/2013,114.5,"2,211,915"
LQD,07/30/2013,114.53,"1,331,902"
LQD,07/31/2013,114.54,"2,282,127"
LQD,08/01/2013,113.28,"1,845,632"
LQD,08/02/2013,113.84,"1,777,708"
LQD,08/05/2013,113.41,"3,111,458"
LQD,08/06/2013,113.48,"1,047,231"
LQD,08/07/2013,113.73,"945,996"
LQD,08/08/2013,113.97,"960,876"
LQD,08/09/2013,113.97,"539,648"
LQD,08/12/2013,113.91,"1,042,766"
LQD,08/13/2013,113.1,"1,221,640"
LQD,08/14/2013,112.91,"1,723,655"
LQD,08/15/2013,112.11,"1,793,822"
LQD,08/16/2013,111.55,"2,468,976"
LQD,08/19/2013,110.94,"4,884,435"
LQD,08/20/2013,111.62,"2,102,048"
LQD,08/21/2013,110.95,"2,310,794"
LQD,08/22/2013,111.46,"2,507,731"
LQD,08/23/2013,112.21,"2,329,037"
LQD,08/26/2013,112.44,"1,385,640"
LQD,08/27/2013,112.92,"2,398,487"
LQD,08/28/2013,112.94,"2,488,255"
LQD,08/29/2013,113.05,"2,273,089"
LQD,08/30/2013,113.05,"1,668,818"
LQD,09/03/2013,112.24,"5,473,595"
LQD,09/04/2013,111.83,"2,335,009"
LQD,09/05/2013,110.91,"2,703,817"
LQD,09/06/2013,111.07,"1,960,553"
LQD,09/09/2013,111.36,"1,615,615"
LQD,09/10/2013,110.87,"2,115,928"
LQD,09/11/2013,111.39,"2,301,332"
LQD,09/12/2013,111.31,"1,860,244"
LQD,09/13/2013,111.38,"1,255,374"
LQD,09/16/2013,111.51,"2,312,078"
LQD,09/17/2013,111.81,"1,020,112"
LQD,09/18/2013,113.45,"5,100,079"
LQD,09/19/2013,112.73,"5,030,275"
LQD,09/20/2013,112.832,"1,089,671"
LQD,09/23/2013,113.5,"3,719,011"
LQD,09/24/2013,113.79,"2,576,171"
LQD,09/25/2013,114.145,"1,931,055"
LQD,09/26/2013,113.86,"921,258"
LQD,09/27/2013,113.77,"1,194,125"
LQD,09/30/2013,113.52,"1,800,776"
LQD,10/01/2013,113.04,"3,172,547"
LQD,10/02/2013,113.38,"910,348"
LQD,10/03/2013,113.44,"1,411,597"
LQD,10/04/2013,113.33,"569,298"
LQD,10/07/2013,113.53,"1,374,579"
LQD,10/08/2013,113.51,"1,667,874"
LQD,10/09/2013,113.27,"1,017,342"
LQD,10/10/2013,113.43,"1,988,423"
LQD,10/11/2013,113.58,"3,275,939"
LQD,10/14/2013,113.23,"525,110"
LQD,10/15/2013,113.25,"1,430,374"
LQD,10/16/2013,114.09,"1,395,229"
LQD,10/17/2013,114.93,"2,697,932"
LQD,10/18/2013,115.08,"1,071,230"
LQD,10/21/2013,114.78,"1,031,421"
LQD,10/22/2013,115.48,"1,372,084"
LQD,10/23/2013,115.45,"1,514,990"
LQD,10/24/2013,115.33,"1,500,163"
LQD,10/25/2013,115.32,"708,676"
LQD,10/28/2013,115.43,"2,960,222"
LQD,10/29/2013,115.59,"1,584,267"
LQD,10/30/2013,115.36,"1,436,243"
LQD,10/31/2013,115.2,"1,072,751"
LQD,11/01/2013,114.51,"1,965,250"
LQD,11/04/2013,114.54,"772,413"
LQD,11/05/2013,114.05,"1,264,654"
LQD,11/06/2013,114.18,"1,061,418"
LQD,11/07/2013,114.41,"1,336,951"
LQD,11/08/2013,113.29,"1,633,987"
LQD,11/11/2013,113.1,"1,241,465"
LQD,11/12/2013,113.18,"2,301,933"
LQD,11/13/2013,113.44,"4,339,654"
LQD,11/14/2013,114.06,"1,355,513"
LQD,11/15/2013,114.06,"1,451,167"
LQD,11/18/2013,114.57,"3,003,937"
LQD,11/19/2013,114.17,"914,258"
LQD,11/20/2013,113.68,"1,881,308"
LQD,11/21/2013,113.9,"3,320,593"
LQD,11/22/2013,114.3,"1,190,923"
LQD,11/25/2013,114.5,"1,189,158"
LQD,11/26/2013,114.73,"1,044,471"
LQD,11/27/2013,114.75,"2,387,862"
LQD,11/29/2013,114.66,"741,236"
LQD,12/02/2013,113.75,"5,715,463"
LQD,12/03/2013,114.04,"1,164,498"
LQD,12/04/2013,113.67,"1,705,008"
LQD,12/05/2013,113.42,"1,234,430"
LQD,12/06/2013,113.66,"737,367"
LQD,12/09/2013,113.83,"592,740"
LQD,12/10/2013,114.29,"1,171,645"
LQD,12/11/2013,113.97,"1,087,799"
LQD,12/12/2013,113.78,"877,316"
LQD,12/13/2013,114.09,"903,993"
LQD,12/16/2013,114.18,"1,593,535"
LQD,12/17/2013,114.52,"1,500,769"
LQD,12/18/2013,114.52,"1,946,928"
LQD,12/19/2013,114.35,"2,493,324"
LQD,12/20/2013,114.88,"1,269,677"
LQD,12/23/2013,114.7,"1,204,923"
LQD,12/24/2013,114.67,"1,003,468"
LQD,12/26/2013,114.24,"2,268,040"
LQD,12/27/2013,114.14,"2,463,693"
LQD,12/30/2013,114.48,"2,790,011"
LQD,12/31/2013,114.188,"1,658,580"
LQD,01/02/2014,114.41,"1,887,706"
LQD,01/03/2014,114.58,"1,695,776"
LQD,01/06/2014,114.83,"1,171,730"
LQD,01/07/2014,114.74,"1,086,511"
LQD,01/08/2014,114.25,"1,067,026"
LQD,01/09/2014,114.51,"1,216,005"
LQD,01/10/2014,115.13,"1,736,880"
LQD,01/13/2014,115.35,"2,109,921"
LQD,01/14/2014,115.01,"1,529,246"
LQD,01/15/2014,115.04,"1,495,041"
LQD,01/16/2014,115.31,"1,372,315"
LQD,01/17/2014,115.44,"1,765,950"
LQD,01/21/2014,115.28,"1,114,065"
LQD,01/22/2014,115,"1,687,767"
LQD,01/23/2014,115.44,"1,597,606"
LQD,01/24/2014,115.36,"1,681,425"
LQD,01/27/2014,115.14,"1,979,560"
LQD,01/28/2014,115.7,"2,420,888"
LQD,01/29/2014,115.93,"2,105,508"
LQD,01/30/2014,115.99,"1,821,883"
LQD,01/31/2014,116.34,"1,427,367"
LQD,02/03/2014,116.74,"6,064,572"
LQD,02/04/2014,116.18,"2,014,976"
LQD,02/05/2014,115.81,"3,226,915"
LQD,02/06/2014,115.7,"853,509"
LQD,02/07/2014,116.06,"1,077,039"
LQD,02/10/2014,116.11,"1,048,771"
LQD,02/11/2014,115.87,"2,288,924"
LQD,02/12/2014,115.52,"971,487"
LQD,02/13/2014,116,"1,125,453"
LQD,02/14/2014,116.22,"1,064,202"
LQD,02/18/2014,116.46,"1,034,352"
LQD,02/19/2014,116.33,"1,556,891"
LQD,02/20/2014,116.18,"1,148,838"
LQD,02/21/2014,116.3,"711,003"
LQD,02/24/2014,116.36,"703,569"
LQD,02/25/2014,116.81,"787,468"
LQD,02/26/2014,117.19,"898,248"
LQD,02/27/2014,117.39,"964,889"
LQD,02/28/2014,117.32,"1,791,911"
LQD,03/03/2014,117.28,"1,292,712"
LQD,03/04/2014,116.65,"1,075,920"
LQD,03/05/2014,116.59,"2,869,318"
LQD,03/06/2014,116.24,"1,271,030"
LQD,03/07/2014,115.82,"1,473,784"
LQD,03/10/2014,115.64,"1,851,389"
LQD,03/11/2014,115.68,"943,841"
LQD,03/12/2014,116.09,"1,303,802"
LQD,03/13/2014,116.5,"1,696,391"
LQD,03/14/2014,116.37,"797,819"
LQD,03/17/2014,116.22,"635,765"
LQD,03/18/2014,116.58,"963,725"
LQD,03/19/2014,115.74,"1,286,829"
LQD,03/20/2014,115.9,"2,003,377"
LQD,03/21/2014,116.3,"636,060"
LQD,03/24/2014,116.52,"1,061,363"
LQD,03/25/2014,116.56,"1,352,813"
LQD,03/26/2014,117.01,"954,968"
LQD,03/27/2014,117.04,"665,498"
LQD,03/28/2014,116.95,"816,310"
LQD,03/31/2014,116.94,"1,695,739"
LQD,04/01/2014,116.31,"3,416,558"
LQD,04/02/2014,116.15,"1,236,834"
LQD,04/03/2014,116.37,"1,012,204"
LQD,04/04/2014,116.83,"989,932"
LQD,04/07/2014,117.11,"1,024,522"
LQD,04/08/2014,117.42,"992,643"
LQD,04/09/2014,117.52,"1,675,620"
LQD,04/10/2014,117.68,"1,410,970"
LQD,04/11/2014,117.76,"1,258,244"
LQD,04/14/2014,117.84,"908,562"
LQD,04/15/2014,118.09,"1,152,521"
LQD,04/16/2014,118.14,"956,347"
LQD,04/17/2014,117.46,"1,510,454"
LQD,04/21/2014,117.62,"652,549"
LQD,04/22/2014,117.68,"1,385,000"
LQD,04/23/2014,117.94,"1,778,890"
LQD,04/24/2014,117.96,"1,161,009"
LQD,04/25/2014,117.94,"1,051,505"
LQD,04/28/2014,117.8,"1,015,477"
LQD,04/29/2014,117.82,"1,359,487"
LQD,04/30/2014,118.15,"2,123,199"
LQD,05/01/2014,118.3,"2,193,841"
LQD,05/02/2014,118.55,"862,738"
LQD,05/05/2014,118.25,"1,879,784"
LQD,05/06/2014,118.45,"2,251,133"
LQD,05/07/2014,118.47,"1,869,195"
LQD,05/08/2014,118.5,"3,351,229"
LQD,05/09/2014,118.37,"1,148,084"
LQD,05/12/2014,118.07,"1,634,364"
LQD,05/13/2014,118.51,"961,635"
LQD,05/14/2014,119.1,"1,359,027"
LQD,05/15/2014,119.31,"755,138"
LQD,05/16/2014,119.17,"821,086"
LQD,05/19/2014,119.06,"726,687"
LQD,05/20/2014,119.06,"1,200,052"
LQD,05/21/2014,118.84,"1,397,179"
LQD,05/22/2014,118.8,"605,810"
LQD,05/23/2014,118.93,"582,542"
LQD,05/27/2014,119.35,"1,062,689"
LQD,05/28/2014,119.92,"1,430,828"
LQD,05/29/2014,119.57,"1,325,689"
LQD,05/30/2014,119.59,"1,045,412"
LQD,06/02/2014,118.59,"2,652,707"
LQD,06/03/2014,118.05,"1,431,137"
LQD,06/04/2014,117.99,"1,263,597"
LQD,06/05/2014,118.24,"800,973"
LQD,06/06/2014,118.49,"1,112,708"
LQD,06/09/2014,118.25,"1,215,389"
LQD,06/10/2014,118.03,"758,791"
LQD,06/11/2014,118.12,"507,567"
LQD,06/12/2014,118.5,"964,764"
LQD,06/13/2014,118.48,"474,732"
LQD,06/16/2014,118.47,"732,375"
LQD,06/17/2014,118.07,"605,178"
LQD,06/18/2014,118.75,"791,360"
LQD,06/19/2014,118.33,"610,711"
LQD,06/20/2014,118.56,"1,151,897"
LQD,06/23/2014,118.55,"833,305"
LQD,06/24/2014,119.05,"777,637"
LQD,06/25/2014,119.17,"827,083"
LQD,06/26/2014,119.39,"698,658"
LQD,06/27/2014,119.37,"729,333"
LQD,06/30/2014,119.26,"857,219"
LQD,07/01/2014,118.47,"5,448,403"
LQD,07/02/2014,118.05,"3,277,957"
LQD,07/03/2014,117.93,"648,417"
LQD,07/07/2014,118.14,"1,219,195"
LQD,07/08/2014,118.58,"1,296,398"
LQD,07/09/2014,118.77,"836,731"
LQD,07/10/2014,118.68,"524,035"
LQD,07/11/2014,119.05,"1,259,286"
LQD,07/14/2014,118.8,"690,903"
LQD,07/15/2014,118.67,"791,435"
LQD,07/16/2014,118.95,"963,848"
LQD,07/17/2014,119.4,"847,870"
LQD,07/18/2014,119.24,"539,295"
LQD,07/21/2014,119.24,"852,606"
LQD,07/22/2014,119.33,"1,017,473"
LQD,07/23/2014,119.47,"1,597,840"
LQD,07/24/2014,119,"813,364"
LQD,07/25/2014,119.46,"655,372"
LQD,07/28/2014,119.32,"1,290,569"
LQD,07/29/2014,119.43,"787,505"
LQD,07/30/2014,118.88,"1,305,845"
LQD,07/31/2014,118.55,"2,121,673"
LQD,08/01/2014,118.82,"2,763,593"
LQD,08/04/2014,118.85,"1,779,326"
LQD,08/05/2014,118.97,"2,416,284"
LQD,08/06/2014,118.76,"1,799,466"
LQD,08/07/2014,119.07,"1,839,228"
LQD,08/08/2014,119.04,"1,048,326"
LQD,08/11/2014,119.09,"770,895"
LQD,08/12/2014,119.03,"1,927,352"
LQD,08/13/2014,119.27,"2,260,622"
LQD,08/14/2014,119.4,"1,694,221"
LQD,08/15/2014,119.82,"1,729,501"
LQD,08/18/2014,119.55,"1,624,208"
LQD,08/19/2014,119.47,"1,558,997"
LQD,08/20/2014,119.2,"746,698"
LQD,08/21/2014,119.61,"1,817,855"
LQD,08/22/2014,119.76,"1,014,480"
LQD,08/25/2014,119.95,"793,280"
LQD,08/26/2014,120.03,"730,088"
LQD,08/27/2014,120.23,"1,412,367"
LQD,08/28/2014,120.49,"1,100,211"
LQD,08/29/2014,120.58,"1,257,936"
LQD,09/02/2014,119.67,"3,493,449"
LQD,09/03/2014,119.83,"838,279"
LQD,09/04/2014,118.98,"4,901,921"
LQD,09/05/2014,119,"1,557,322"
LQD,09/08/2014,118.8,"1,133,015"
LQD,09/09/2014,118.48,"1,853,438"
LQD,09/10/2014,118.29,"1,894,778"
LQD,09/11/2014,118.2,"1,300,161"
LQD,09/12/2014,117.63,"1,296,947"
LQD,09/15/2014,117.66,"3,575,620"
LQD,09/16/2014,117.64,"1,567,617"
LQD,09/17/2014,117.32,"1,763,289"
LQD,09/18/2014,117.53,"1,521,217"
LQD,09/19/2014,117.99,"739,017"
LQD,09/22/2014,118.1,"1,729,397"
LQD,09/23/2014,118.29,"904,405"
LQD,09/24/2014,118.01,"786,715"
LQD,09/25/2014,118.36,"1,375,210"
LQD,09/26/2014,118.1,"3,295,014"
LQD,09/29/2014,118.05,"3,628,249"
LQD,09/30/2014,118.22,"1,716,080"
LQD,10/01/2014,118.6,"1,973,484"
LQD,10/02/2014,118.59,"1,891,220"
LQD,10/03/2014,118.93,"2,535,792"
LQD,10/06/2014,118.99,"1,858,370"
LQD,10/07/2014,119.42,"1,887,872"
LQD,10/08/2014,120.03,"2,297,862"
LQD,10/09/2014,119.53,"1,786,223"
LQD,10/10/2014,119.63,"1,371,449"
LQD,10/13/2014,119.94,"1,748,235"
LQD,10/14/2014,120.21,"2,826,394"
LQD,10/15/2014,120.3,"3,498,558"
LQD,10/16/2014,120.03,"2,229,903"
LQD,10/17/2014,119.98,"1,537,757"
LQD,10/20/2014,120.2,"1,735,316"
LQD,10/21/2014,120.13,"1,150,021"
LQD,10/22/2014,119.93,"956,975"
LQD,10/23/2014,119.7,"1,408,352"
LQD,10/24/2014,119.75,"1,727,836"
LQD,10/27/2014,119.9,"1,946,540"
LQD,10/28/2014,119.5,"2,212,974"
LQD,10/29/2014,119.28,"3,573,965"
LQD,10/30/2014,119.36,"2,542,046"
LQD,10/31/2014,119.34,"1,893,722"
LQD,11/03/2014,118.77,"6,621,711"
LQD,11/04/2014,118.94,"2,155,422"
LQD,11/05/2014,118.72,"1,725,294"
LQD,11/06/2014,118.36,"1,458,659"
LQD,11/07/2014,119.11,"1,730,012"
LQD,11/10/2014,118.51,"1,710,519"
LQD,11/11/2014,118.5,"805,630"
LQD,11/12/2014,118.49,"1,931,443"
LQD,11/13/2014,118.36,"2,128,519"
LQD,11/14/2014,118.51,"1,784,817"
LQD,11/17/2014,118.23,"1,770,060"
LQD,11/18/2014,118.33,"2,002,868"
LQD,11/19/2014,117.7,"1,890,210"
LQD,11/20/2014,118.15,"2,040,077"
LQD,11/21/2014,118.66,"1,820,201"
LQD,11/24/2014,118.85,"1,592,598"
LQD,11/25/2014,119.36,"2,052,816"
LQD,11/26/2014,119.77,"978,158"
LQD,11/28/2014,120.09,"1,037,754"
LQD,12/01/2014,119.34,"6,029,822"
LQD,12/02/2014,118.54,"1,496,175"
LQD,12/03/2014,118.66,"5,153,700"
LQD,12/04/2014,118.85,"2,413,017"
LQD,12/05/2014,118.36,"1,118,645"
LQD,12/08/2014,118.92,"1,841,996"
LQD,12/09/2014,119.02,"1,369,945"
LQD,12/10/2014,118.98,"2,973,995"
LQD,12/11/2014,118.86,"1,915,558"
LQD,12/12/2014,119.05,"3,457,715"
LQD,12/15/2014,119.33,"4,318,614"
LQD,12/16/2014,119.29,"2,040,960"
LQD,12/17/2014,119.32,"1,875,223"
LQD,12/18/2014,119.44,"2,056,644"
LQD,12/19/2014,119.38,"1,088,415"
LQD,12/22/2014,119.76,"2,011,350"
LQD,12/23/2014,118.85,"1,285,650"
LQD,12/24/2014,118.91,"466,171"
LQD,12/26/2014,119,"499,079"
LQD,12/29/2014,119.23,"826,168"
LQD,12/30/2014,119.33,"1,051,980"
LQD,12/31/2014,119.41,"1,231,359"
LQD,01/02/2015,119.83,"2,523,597"
LQD,01/05/2015,120.32,"3,218,848"
LQD,01/06/2015,120.81,"5,313,367"
LQD,01/07/2015,120.97,"1,636,559"
LQD,01/08/2015,120.58,"2,156,897"
LQD,01/09/2015,120.9,"1,530,434"
LQD,01/12/2015,121.13,"1,947,954"
LQD,01/13/2015,121.24,"1,468,308"
LQD,01/14/2015,121.45,"2,456,956"
LQD,01/15/2015,122.08,"2,171,301"
LQD,01/16/2015,121.4,"1,322,527"
LQD,01/20/2015,121.68,"1,648,855"
LQD,01/21/2015,121.63,"1,878,023"
LQD,01/22/2015,121.57,"1,938,417"
LQD,01/23/2015,122.28,"1,436,305"
LQD,01/26/2015,122.25,"2,347,946"
LQD,01/27/2015,122.34,"1,267,989"
LQD,01/28/2015,123.17,"1,367,864"
LQD,01/29/2015,122.88,"1,674,479"
LQD,01/30/2015,123.89,"3,498,998"
LQD,02/02/2015,123.67,"5,684,673"
LQD,02/03/2015,122.67,"2,828,466"
LQD,02/04/2015,122.84,"3,209,548"
LQD,02/05/2015,122.45,"1,789,268"
LQD,02/06/2015,121.17,"2,578,364"
LQD,02/09/2015,121.25,"2,426,877"
LQD,02/10/2015,120.92,"2,580,281"
LQD,02/11/2015,121,"2,239,640"
LQD,02/12/2015,121.31,"4,045,565"
LQD,02/13/2015,120.83,"2,068,673"
LQD,02/17/2015,120.27,"2,970,343"
LQD,02/18/2015,120.7,"3,221,894"
LQD,02/19/2015,120.68,"2,765,526"
LQD,02/20/2015,120.86,"1,621,148"
LQD,02/23/2015,121.27,"2,191,411"
LQD,02/24/2015,122.06,"1,891,701"
LQD,02/25/2015,122.17,"2,024,493"
LQD,02/26/2015,121.51,"1,192,207"
LQD,02/27/2015,121.8,"2,892,759"
LQD,03/02/2015,120.42,"4,540,652"
LQD,03/03/2015,120.35,"4,737,641"
LQD,03/04/2015,120.27,"2,703,203"
LQD,03/05/2015,120.43,"1,307,564"
LQD,03/06/2015,119.15,"3,372,754"
LQD,03/09/2015,119.63,"6,241,020"
LQD,03/10/2015,119.82,"3,356,886"
LQD,03/11/2015,120.43,"1,712,158"
LQD,03/12/2015,120.31,"2,970,708"
LQD,03/13/2015,119.97,"1,845,271"
LQD,03/16/2015,120.09,"1,588,306"
LQD,03/17/2015,120.29,"2,528,762"
LQD,03/18/2015,121.77,"3,382,542"
LQD,03/19/2015,121.15,"2,503,043"
LQD,03/20/2015,121.49,"3,669,307"
LQD,03/23/2015,121.77,"2,946,620"
LQD,03/24/2015,121.95,"2,782,071"
LQD,03/25/2015,121.55,"3,205,892"
LQD,03/26/2015,120.8,"2,681,774"
LQD,03/27/2015,121.28,"1,009,707"
LQD,03/30/2015,121.49,"981,082"
LQD,03/31/2015,121.71,"1,688,404"
LQD,04/01/2015,121.73,"7,393,542"
LQD,04/02/2015,121.53,"3,013,665"
LQD,04/06/2015,121.69,"3,496,036"
LQD,04/07/2015,122.13,"2,613,549"
LQD,04/08/2015,122.09,"3,933,548"
LQD,04/09/2015,121.47,"1,780,634"
LQD,04/10/2015,121.64,"1,325,032"
LQD,04/13/2015,121.6,"1,710,058"
LQD,04/14/2015,121.88,"2,244,959"
LQD,04/15/2015,121.96,"1,560,910"
LQD,04/16/2015,121.89,"1,820,487"
LQD,04/17/2015,122.22,"1,625,816"
LQD,04/20/2015,121.93,"1,527,236"
LQD,04/21/2015,121.9,"2,441,611"
LQD,04/22/2015,121.11,"2,105,983"
LQD,04/23/2015,121.42,"1,962,934"
LQD,04/24/2015,121.65,"1,690,178"
LQD,04/27/2015,121.56,"1,564,730"
LQD,04/28/2015,120.84,"1,972,738"
LQD,04/29/2015,119.84,"3,087,063"
LQD,04/30/2015,119.94,"5,716,033"
LQD,05/01/2015,118.95,"3,462,178"
LQD,05/04/2015,118.57,"2,689,620"
LQD,05/05/2015,118.37,"3,307,395"
LQD,05/06/2015,117.86,"2,105,914"
LQD,05/07/2015,118.33,"3,641,209"
LQD,05/08/2015,119.01,"5,393,685"
LQD,05/11/2015,117.81,"3,882,798"
LQD,05/12/2015,117.64,"3,737,167"
LQD,05/13/2015,117.53,"3,263,621"
LQD,05/14/2015,117.93,"3,094,296"
LQD,05/15/2015,118.75,"1,856,521"
LQD,05/18/2015,117.84,"2,820,490"
LQD,05/19/2015,117.21,"3,562,468"
LQD,05/20/2015,117.35,"2,626,782"
LQD,05/21/2015,117.91,"1,606,875"
LQD,05/22/2015,117.83,"2,858,489"
LQD,05/26/2015,118.35,"2,232,330"
LQD,05/27/2015,118.47,"2,282,652"
LQD,05/28/2015,118.22,"2,900,972"
LQD,05/29/2015,118.27,"2,845,829"
LQD,06/01/2015,117.28,"5,315,779"
LQD,06/02/2015,116.68,"7,084,903"
LQD,06/03/2015,115.93,"3,307,878"
LQD,06/04/2015,116.53,"2,849,105"
LQD,06/05/2015,115.94,"5,548,420"
LQD,06/08/2015,115.86,"2,131,101"
LQD,06/09/2015,115.34,"6,152,289"
LQD,06/10/2015,115.03,"1,959,587"
LQD,06/11/2015,116.05,"2,562,634"
LQD,06/12/2015,115.85,"2,437,911"
LQD,06/15/2015,115.83,"1,827,555"
LQD,06/16/2015,116.12,"2,274,076"
LQD,06/17/2015,116.11,"3,824,217"
LQD,06/18/2015,115.9,"1,853,096"
LQD,06/19/2015,116.52,"5,114,545"
LQD,06/22/2015,115.6,"2,547,713"
LQD,06/23/2015,115.34,"1,238,717"
LQD,06/24/2015,115.66,"2,540,049"
LQD,06/25/2015,115.47,"2,567,528"
LQD,06/26/2015,114.94,"2,284,970"
LQD,06/29/2015,115.94,"5,945,722"
LQD,06/30/2015,115.72,"2,668,593"
LQD,07/01/2015,115.02,"4,088,735"
LQD,07/02/2015,115.46,"1,971,044"
LQD,07/06/2015,115.92,"4,845,110"
LQD,07/07/2015,116.4,"3,627,484"
LQD,07/08/2015,116.56,"3,490,580"
LQD,07/09/2015,115.79,"1,427,753"
LQD,07/10/2015,115.05,"2,739,964"
LQD,07/13/2015,114.8,"3,146,075"
LQD,07/14/2015,114.9,"4,364,206"
LQD,07/15/2015,115.2,"1,923,775"
LQD,07/16/2015,115.38,"2,036,608"
LQD,07/17/2015,115.46,"2,268,167"
LQD,07/20/2015,115.19,"2,805,752"
LQD,07/21/2015,115.43,"2,490,852"
LQD,07/22/2015,115.58,"1,292,935"
LQD,07/23/2015,115.92,"2,007,615"
LQD,07/24/2015,115.87,"2,704,736"
LQD,07/27/2015,115.88,"4,836,741"
LQD,07/28/2015,115.79,"2,755,148"
LQD,07/29/2015,115.69,"1,569,246"
LQD,07/30/2015,115.75,"2,157,643"
LQD,07/31/2015,116.35,"3,626,937"
LQD,08/03/2015,116.29,"2,942,825"
LQD,08/04/2015,115.7,"3,823,184"
LQD,08/05/2015,115.25,"2,991,550"
LQD,08/06/2015,115.47,"1,750,789"
LQD,08/07/2015,115.87,"2,907,165"
LQD,08/10/2015,115.41,"1,317,636"
LQD,08/11/2015,115.89,"5,011,636"
LQD,08/12/2015,115.71,"5,062,244"
LQD,08/13/2015,115.31,"1,647,456"
LQD,08/14/2015,115.42,"1,693,565"
LQD,08/17/2015,115.79,"3,313,850"
LQD,08/18/2015,115.35,"2,200,891"
LQD,08/19/2015,115.91,"2,600,062"
LQD,08/20/2015,115.98,"1,760,126"
LQD,08/21/2015,116.01,"2,971,125"
LQD,08/24/2015,115.69,"3,966,025"
LQD,08/25/2015,115.1,"2,625,292"
LQD,08/26/2015,115.03,"3,299,392"
LQD,08/27/2015,115.14,"2,957,778"
LQD,08/28/2015,115.35,"1,901,248"
LQD,08/31/2015,115.06,"1,250,219"
LQD,09/01/2015,115.42,"3,856,794"
LQD,09/02/2015,115.25,"1,824,503"
LQD,09/03/2015,115.8,"11,303,035"
LQD,09/04/2015,116.06,"1,648,583"
LQD,09/08/2015,115.52,"1,892,261"
LQD,09/09/2015,115.77,"2,079,064"
LQD,09/10/2015,115.54,"2,566,526"
LQD,09/11/2015,115.62,"2,333,346"
LQD,09/14/2015,115.61,"1,732,450"
LQD,09/15/2015,114.74,"3,090,361"
LQD,09/16/2015,114.95,"2,918,310"
LQD,09/17/2015,115.9,"4,106,652"
LQD,09/18/2015,116.25,"4,692,352"
LQD,09/21/2015,115.66,"3,209,912"
LQD,09/22/2015,116.16,"4,001,036"
LQD,09/23/2015,116.09,"2,435,246"
LQD,09/24/2015,116.11,"2,378,085"
LQD,09/25/2015,115.76,"2,858,811"
LQD,09/28/2015,115.96,"3,099,364"
LQD,09/29/2015,116.11,"2,267,076"
LQD,09/30/2015,116.09,"4,404,201"
LQD,10/01/2015,115.73,"6,459,621"
LQD,10/02/2015,116.24,"3,480,090"
LQD,10/05/2015,115.93,"7,567,210"
LQD,10/06/2015,116.16,"3,241,161"
LQD,10/07/2015,116.57,"5,884,887"
LQD,10/08/2015,116.11,"2,174,952"
LQD,10/09/2015,116.16,"3,798,837"
LQD,10/12/2015,116.63,"860,429"
LQD,10/13/2015,116.54,"2,147,227"
LQD,10/14/2015,117,"1,976,458"
LQD,10/15/2015,116.95,"4,233,525"
LQD,10/16/2015,116.99,"3,055,306"
LQD,10/19/2015,116.98,"2,510,741"
LQD,10/20/2015,116.76,"4,190,056"
LQD,10/21/2015,117.34,"2,497,680"
LQD,10/22/2015,117.59,"2,396,948"
LQD,10/23/2015,117.16,"3,682,767"
LQD,10/26/2015,117.37,"3,771,904"
LQD,10/27/2015,117.4,"2,809,568"
LQD,10/28/2015,116.94,"4,693,250"
LQD,10/29/2015,116.12,"2,942,093"
LQD,10/30/2015,116.42,"2,664,061"
LQD,11/02/2015,115.59,"6,241,680"
LQD,11/03/2015,115.6,"2,672,672"
LQD,11/04/2015,115.47,"4,176,426"
LQD,11/05/2015,115.5,"3,743,105"
LQD,11/06/2015,114.75,"4,306,180"
LQD,11/09/2015,114.56,"3,253,237"
LQD,11/10/2015,114.85,"2,228,785"
LQD,11/11/2015,114.84,"910,944"
LQD,11/12/2015,114.8,"3,102,694"
LQD,11/13/2015,115.14,"2,618,880"
LQD,11/16/2015,115.16,"2,558,367"
LQD,11/17/2015,115.28,"3,857,707"
LQD,11/18/2015,115.31,"1,713,321"
LQD,11/19/2015,115.65,"2,890,523"
LQD,11/20/2015,115.63,"2,344,943"
LQD,11/23/2015,115.67,"1,948,080"
LQD,11/24/2015,115.71,"1,659,536"
LQD,11/25/2015,115.82,"609,611"
LQD,11/27/2015,115.86,"409,217"
LQD,11/30/2015,115.91,"4,924,958"
LQD,12/01/2015,116.45,"5,961,724"
LQD,12/02/2015,116.17,"6,138,352"
LQD,12/03/2015,114.63,"4,515,427"
LQD,12/04/2015,115.25,"3,120,511"
LQD,12/07/2015,115.45,"3,095,706"
LQD,12/08/2015,115.3,"3,754,089"
LQD,12/09/2015,115.27,"3,394,604"
LQD,12/10/2015,115,"4,722,806"
LQD,12/11/2015,115.2,"7,949,583"
LQD,12/14/2015,114.35,"6,442,848"
LQD,12/15/2015,114.36,"3,822,614"
LQD,12/16/2015,114.34,"2,540,852"
LQD,12/17/2015,114.47,"2,327,862"
LQD,12/18/2015,114.47,"2,566,216"
LQD,12/21/2015,114.55,"3,025,954"
LQD,12/22/2015,114.4,"2,204,880"
LQD,12/23/2015,114.5,"1,923,271"
LQD,12/24/2015,114.55,"920,133"
LQD,12/28/2015,114.41,"2,422,538"
LQD,12/29/2015,113.82,"2,965,736"
LQD,12/30/2015,113.82,"1,890,621"
LQD,12/31/2015,114.01,"1,228,153"
LQD,01/04/2016,113.95,"8,333,727"
LQD,01/05/2016,114.01,"4,474,299"
LQD,01/06/2016,114.46,"4,522,392"
LQD,01/07/2016,114.55,"4,819,997"
LQD,01/08/2016,114.64,"4,363,505"
LQD,01/11/2016,114.27,"4,161,536"
LQD,01/12/2016,114.53,"2,616,573"
LQD,01/13/2016,114.88,"5,649,759"
LQD,01/14/2016,114.31,"4,735,332"
LQD,01/15/2016,114.14,"5,977,932"
LQD,01/19/2016,113.63,"3,374,551"
LQD,01/20/2016,113.8,"6,175,288"
LQD,01/21/2016,113.47,"3,928,293"
LQD,01/22/2016,113.54,"2,932,188"
LQD,01/25/2016,113.42,"2,485,187"
LQD,01/26/2016,113.74,"4,002,232"
LQD,01/27/2016,113.43,"2,535,919"
LQD,01/28/2016,113.56,"4,187,095"
LQD,01/29/2016,114.15,"2,022,677"
LQD,02/01/2016,113.45,"8,696,773"
LQD,02/02/2016,113.66,"5,881,180"
LQD,02/03/2016,113.38,"3,732,087"
LQD,02/04/2016,113.43,"3,367,458"
LQD,02/05/2016,113.41,"4,334,435"
LQD,02/08/2016,114,"3,265,205"
LQD,02/09/2016,113.61,"3,346,936"
LQD,02/10/2016,113.75,"3,738,614"
LQD,02/11/2016,114.13,"5,333,732"
LQD,02/12/2016,113.49,"4,180,648"
LQD,02/16/2016,112.95,"4,972,156"
LQD,02/17/2016,112.92,"5,008,407"
LQD,02/18/2016,113.84,"3,810,670"
LQD,02/19/2016,113.76,"3,587,683"
LQD,02/22/2016,113.99,"4,556,826"
LQD,02/23/2016,114.22,"2,832,095"
LQD,02/24/2016,114.33,"3,402,259"
LQD,02/25/2016,114.97,"4,531,958"
LQD,02/26/2016,114.93,"5,422,653"
LQD,02/29/2016,115.01,"5,231,908"
LQD,03/01/2016,114.05,"8,301,842"
LQD,03/02/2016,114.28,"3,519,622"
LQD,03/03/2016,114.82,"3,614,649"
LQD,03/04/2016,114.8,"2,040,594"
LQD,03/07/2016,114.93,"3,616,935"
LQD,03/08/2016,115.54,"3,279,829"
LQD,03/09/2016,115.41,"3,205,817"
LQD,03/10/2016,115.89,"4,458,960"
LQD,03/11/2016,116.22,"4,603,629"
LQD,03/14/2016,116.56,"2,997,389"
LQD,03/15/2016,116.52,"6,599,434"
LQD,03/16/2016,117.08,"3,975,394"
LQD,03/17/2016,117.44,"3,341,926"
LQD,03/18/2016,117.71,"3,315,282"
LQD,03/21/2016,117.57,"2,948,609"
LQD,03/22/2016,117.35,"3,762,937"
LQD,03/23/2016,117.94,"5,338,703"
LQD,03/24/2016,117.89,"2,601,485"
LQD,03/28/2016,117.96,"3,274,504"
LQD,03/29/2016,118.49,"3,758,535"
LQD,03/30/2016,118.35,"3,877,622"
LQD,03/31/2016,118.82,"7,853,549"
LQD,04/01/2016,118.87,"6,809,789"
LQD,04/04/2016,118.88,"4,138,662"
LQD,04/05/2016,119.26,"6,944,739"
LQD,04/06/2016,119.16,"4,793,573"
LQD,04/07/2016,119.48,"3,592,057"
LQD,04/08/2016,119.21,"2,060,957"
LQD,04/11/2016,119.2,"1,998,735"
LQD,04/12/2016,118.73,"3,553,440"
LQD,04/13/2016,119.14,"2,502,212"
LQD,04/14/2016,119.06,"1,863,981"
LQD,04/15/2016,119.56,"3,789,527"
LQD,04/18/2016,119.69,"2,827,404"
LQD,04/19/2016,119.91,"2,577,128"
LQD,04/20/2016,119.58,"3,041,140"
LQD,04/21/2016,119.53,"3,579,498"
LQD,04/22/2016,119.66,"1,651,842"
LQD,04/25/2016,119.38,"2,923,614"
LQD,04/26/2016,119.33,"3,286,577"
LQD,04/27/2016,120.09,"3,091,488"
LQD,04/28/2016,120.2,"3,503,230"
LQD,04/29/2016,120.33,"2,924,553"
LQD,05/02/2016,119.85,"6,771,294"
LQD,05/03/2016,120.06,"3,732,711"
LQD,05/04/2016,119.86,"4,228,188"
LQD,05/05/2016,120.1,"4,466,057"
LQD,05/06/2016,119.84,"3,044,971"
LQD,05/09/2016,119.72,"6,202,773"
LQD,05/10/2016,119.92,"5,469,933"
LQD,05/11/2016,120.05,"3,416,609"
LQD,05/12/2016,119.8,"2,681,957"
LQD,05/13/2016,120.02,"4,328,545"
LQD,05/16/2016,119.62,"2,968,536"
LQD,05/17/2016,119.58,"3,386,104"
LQD,05/18/2016,118.56,"7,022,120"
LQD,05/19/2016,118.84,"5,760,002"
LQD,05/20/2016,118.92,"2,977,681"
LQD,05/23/2016,118.92,"2,842,097"
LQD,05/24/2016,118.72,"3,498,140"
LQD,05/25/2016,118.93,"4,793,811"
LQD,05/26/2016,119.27,"4,858,587"
LQD,05/27/2016,119.18,"2,762,763"
LQD,05/31/2016,119.39,"3,170,592"
LQD,06/01/2016,119.14,"5,528,705"
LQD,06/02/2016,119.38,"2,709,355"
LQD,06/03/2016,120.34,"2,998,754"
LQD,06/06/2016,120.05,"6,401,472"
LQD,06/07/2016,120.23,"3,663,373"
LQD,06/08/2016,120.63,"2,478,759"
LQD,06/09/2016,120.8,"2,885,363"
LQD,06/10/2016,120.94,"4,209,237"
LQD,06/13/2016,120.76,"3,980,260"
LQD,06/14/2016,120.49,"6,301,065"
LQD,06/15/2016,120.94,"5,589,546"
LQD,06/16/2016,121.12,"4,550,657"
LQD,06/17/2016,120.76,"2,673,192"
LQD,06/20/2016,120.61,"4,549,675"
LQD,06/21/2016,120.5,"4,396,354"
LQD,06/22/2016,120.72,"4,090,405"
LQD,06/23/2016,120.6,"3,942,717"
LQD,06/24/2016,121.17,"5,295,032"
LQD,06/27/2016,121.68,"7,454,604"
LQD,06/28/2016,122.35,"5,555,734"
LQD,06/29/2016,122.31,"5,325,796"
LQD,06/30/2016,122.735,"5,398,350"
LQD,07/01/2016,123.05,"4,396,312"
LQD,07/05/2016,123.47,"4,414,993"
LQD,07/06/2016,123.69,"6,770,299"
LQD,07/07/2016,123.71,"2,597,108"
LQD,07/08/2016,124.4,"3,835,292"
LQD,07/11/2016,124.08,"3,000,200"
LQD,07/12/2016,123.38,"4,363,041"
LQD,07/13/2016,123.86,"3,738,461"
LQD,07/14/2016,123.56,"7,254,895"
LQD,07/15/2016,123.09,"4,442,632"
LQD,07/18/2016,123.09,"4,737,302"
LQD,07/19/2016,123.31,"7,196,268"
LQD,07/20/2016,123.27,"3,676,757"
LQD,07/21/2016,123.41,"3,570,149"
LQD,07/22/2016,123.34,"3,748,200"
LQD,07/25/2016,123.27,"3,295,679"
LQD,07/26/2016,123.15,"4,929,297"
LQD,07/27/2016,123.66,"5,976,791"
LQD,07/28/2016,123.54,"5,276,110"
LQD,07/29/2016,123.99,"4,226,177"
LQD,08/01/2016,122.97,"4,827,733"
LQD,08/02/2016,122.28,"4,526,686"
LQD,08/03/2016,122.44,"6,037,642"
LQD,08/04/2016,122.96,"3,413,293"
LQD,08/05/2016,122.46,"3,888,331"
LQD,08/08/2016,122.54,"4,161,326"
LQD,08/09/2016,123.26,"4,259,135"
LQD,08/10/2016,123.61,"6,338,790"
LQD,08/11/2016,123.2,"4,227,595"
LQD,08/12/2016,123.76,"6,585,166"
LQD,08/15/2016,123.38,"2,980,736"
LQD,08/16/2016,123.16,"4,526,328"
LQD,08/17/2016,123.5,"4,566,865"
LQD,08/18/2016,123.8,"4,237,884"
LQD,08/19/2016,123.43,"5,272,091"
LQD,08/22/2016,123.85,"5,220,975"
LQD,08/23/2016,123.99,"5,398,848"
LQD,08/24/2016,123.91,"3,871,400"
LQD,08/25/2016,123.79,"3,679,334"
LQD,08/26/2016,123.4,"3,388,063"
LQD,08/29/2016,124.1,"2,668,007"
LQD,08/30/2016,123.94,"10,626,534"
LQD,08/31/2016,123.89,"5,300,028"
LQD,09/01/2016,123.57,"10,146,265"
LQD,09/02/2016,123.35,"4,155,998"
LQD,09/06/2016,123.78,"6,387,436"
LQD,09/07/2016,123.61,"2,983,409"
LQD,09/08/2016,122.74,"4,632,338"
LQD,09/09/2016,121.82,"8,136,128"
LQD,09/12/2016,121.83,"5,164,069"
LQD,09/13/2016,121.43,"13,637,119"
LQD,09/14/2016,121.51,"4,444,049"
LQD,09/15/2016,121.59,"3,441,145"
LQD,09/16/2016,121.73,"6,832,350"
LQD,09/19/2016,121.69,"5,997,099"
LQD,09/20/2016,121.85,"5,026,114"
LQD,09/21/2016,122.47,"4,651,545"
LQD,09/22/2016,122.97,"8,544,275"
LQD,09/23/2016,122.88,"6,284,642"
LQD,09/26/2016,123.07,"5,027,048"
LQD,09/27/2016,123.37,"4,571,879"
LQD,09/28/2016,123.45,"8,094,655"
LQD,09/29/2016,123.4,"5,409,109"
LQD,09/30/2016,123.18,"5,224,623"
LQD,10/03/2016,122.51,"5,555,881"
LQD,10/04/2016,121.94,"6,890,050"
LQD,10/05/2016,121.81,"4,168,845"
LQD,10/06/2016,121.82,"5,909,287"
LQD,10/07/2016,122.11,"2,545,869"
LQD,10/10/2016,122.11,"2,246,107"
LQD,10/11/2016,121.73,"3,416,550"
LQD,10/12/2016,121.89,"2,327,840"
LQD,10/13/2016,122.19,"4,204,259"
LQD,10/14/2016,121.62,"2,208,889"
LQD,10/17/2016,122.02,"2,698,844"
LQD,10/18/2016,122.32,"2,944,094"
LQD,10/19/2016,122.48,"5,010,629"
LQD,10/20/2016,122.44,"2,646,812"
LQD,10/21/2016,122.51,"3,502,517"
LQD,10/24/2016,122.16,"3,816,453"
LQD,10/25/2016,122.07,"6,611,625"
LQD,10/26/2016,121.56,"10,256,014"
LQD,10/27/2016,121.01,"11,643,240"
LQD,10/28/2016,120.87,"5,629,790"
LQD,10/31/2016,120.98,"5,377,344"
LQD,11/01/2016,120.51,"9,303,137"
LQD,11/02/2016,120.69,"4,798,219"
LQD,11/03/2016,120.45,"6,320,503"
LQD,11/04/2016,120.81,"4,243,123"
LQD,11/07/2016,120.73,"4,352,375"
LQD,11/08/2016,120.46,"3,632,409"
LQD,11/09/2016,118.69,"9,216,217"
LQD,11/10/2016,118.59,"9,063,943"
LQD,11/11/2016,118.08,"6,011,875"
LQD,11/14/2016,117.47,"7,148,652"
LQD,11/15/2016,117.83,"4,840,261"
LQD,11/16/2016,118,"5,417,760"
LQD,11/17/2016,117.25,"6,106,245"
LQD,11/18/2016,116.59,"9,801,354"
LQD,11/21/2016,116.71,"5,077,176"
LQD,11/22/2016,117.01,"3,693,315"
LQD,11/23/2016,116.58,"6,098,253"
LQD,11/25/2016,116.59,"876,143"
LQD,11/28/2016,117.12,"3,125,189"
LQD,11/29/2016,117.28,"3,926,198"
LQD,11/30/2016,116.84,"11,333,398"
LQD,12/01/2016,115.87,"11,597,814"
LQD,12/02/2016,116.4,"7,533,542"
LQD,12/05/2016,116.65,"4,107,515"
LQD,12/06/2016,116.64,"9,040,134"
LQD,12/07/2016,117.13,"8,069,285"
LQD,12/08/2016,116.65,"5,941,669"
LQD,12/09/2016,116.2,"8,875,111"
LQD,12/12/2016,116.09,"7,302,755"
LQD,12/13/2016,116.35,"6,232,717"
LQD,12/14/2016,115.61,"6,133,787"
LQD,12/15/2016,115.69,"9,352,848"
LQD,12/16/2016,115.6,"7,852,037"
LQD,12/19/2016,116.16,"5,777,415"
LQD,12/20/2016,116.09,"3,750,008"
LQD,12/21/2016,116.46,"4,199,568"
LQD,12/22/2016,116.15,"3,773,390"
LQD,12/23/2016,116.33,"1,291,655"
LQD,12/27/2016,116.12,"2,542,797"
LQD,12/28/2016,116.55,"1,731,683"
LQD,12/29/2016,117,"3,309,602"
LQD,12/30/2016,117.18,"2,388,445"
LQD,01/03/2017,117.28,"5,822,644"
LQD,01/04/2017,117.68,"4,999,151"
LQD,01/05/2017,118.31,"7,071,051"
LQD,01/06/2017,117.69,"4,496,022"
LQD,01/09/2017,117.92,"3,561,351"
LQD,01/10/2017,117.85,"4,259,553"
LQD,01/11/2017,118.03,"7,133,642"
LQD,01/12/2017,118.02,"3,922,583"
LQD,01/13/2017,117.78,"4,045,310"
LQD,01/17/2017,118.29,"8,443,107"
LQD,01/18/2017,117.51,"6,026,212"
LQD,01/19/2017,117.11,"3,371,323"
LQD,01/20/2017,117.32,"4,570,616"
LQD,01/23/2017,117.86,"8,747,764"
LQD,01/24/2017,117.51,"5,129,798"
LQD,01/25/2017,117.06,"5,886,426"
LQD,01/26/2017,117.2,"4,033,161"
LQD,01/27/2017,117.34,"3,816,741"
LQD,01/30/2017,117.14,"3,650,995"
LQD,01/31/2017,117.35,"4,982,506"
LQD,02/01/2017,116.89,"3,626,928"
LQD,02/02/2017,116.92,"7,145,589"
LQD,02/03/2017,117.05,"5,243,246"
LQD,02/06/2017,117.42,"4,494,455"
LQD,02/07/2017,117.62,"3,228,959"
LQD,02/08/2017,118.03,"6,287,234"
LQD,02/09/2017,117.56,"4,692,823"
LQD,02/10/2017,117.53,"4,881,558"
LQD,02/13/2017,117.48,"3,723,545"
LQD,02/14/2017,117.2,"4,404,209"
LQD,02/15/2017,117.11,"3,632,699"
LQD,02/16/2017,117.44,"4,037,734"
LQD,02/17/2017,117.74,"3,104,823"
LQD,02/21/2017,117.79,"3,656,173"
LQD,02/22/2017,117.88,"4,259,136"
LQD,02/23/2017,118.18,"4,247,898"
LQD,02/24/2017,118.78,"5,388,864"
LQD,02/27/2017,118.5,"5,083,369"
LQD,02/28/2017,118.58,"4,290,564"
LQD,03/01/2017,117.56,"6,524,606"
LQD,03/02/2017,117.38,"4,687,914"
LQD,03/03/2017,117.5,"4,926,300"
LQD,03/06/2017,117.29,"3,464,402"
LQD,03/07/2017,116.71,"5,999,583"
LQD,03/08/2017,116.35,"7,933,305"
LQD,03/09/2017,115.72,"5,497,163"
LQD,03/10/2017,116.01,"4,789,093"
LQD,03/13/2017,115.62,"3,171,616"
LQD,03/14/2017,115.72,"3,598,469"
LQD,03/15/2017,116.72,"7,841,914"
LQD,03/16/2017,116.55,"3,116,974"
LQD,03/17/2017,116.82,"4,440,476"
LQD,03/20/2017,117.1044,"2,939,587"
LQD,03/21/2017,117.38,"5,032,340"
LQD,03/22/2017,117.68,"3,905,815"
LQD,03/23/2017,117.6,"4,504,918"
LQD,03/24/2017,117.72,"3,158,345"
LQD,03/27/2017,117.97,"3,492,089"
LQD,03/28/2017,117.72,"4,834,914"
LQD,03/29/2017,118.1,"3,457,068"
LQD,03/30/2017,117.79,"2,667,698"
LQD,03/31/2017,117.91,"5,772,316"
LQD,04/03/2017,118.12,"3,713,723"
LQD,04/04/2017,117.81,"3,016,295"
LQD,04/05/2017,117.96,"6,753,900"
LQD,04/06/2017,118.07,"2,012,595"
LQD,04/07/2017,117.78,"2,121,697"
LQD,04/10/2017,118,"2,766,170"
LQD,04/11/2017,118.55,"3,534,177"
LQD,04/12/2017,118.94,"2,886,251"
LQD,04/13/2017,119.14,"3,286,749"
LQD,04/17/2017,118.91,"2,933,683"
LQD,04/18/2017,119.61,"3,616,793"
LQD,04/19/2017,119.25,"1,839,355"
LQD,04/20/2017,119.08,"3,263,971"
LQD,04/21/2017,119.08,"3,892,437"
LQD,04/24/2017,118.92,"3,193,446"
LQD,04/25/2017,118.45,"3,541,067"
LQD,04/26/2017,118.74,"3,320,432"
LQD,04/27/2017,118.85,"4,390,955"
LQD,04/28/2017,118.99,"4,477,964"
LQD,05/01/2017,118.3,"3,480,215"
LQD,05/02/2017,118.65,"2,858,179"
LQD,05/03/2017,118.59,"2,854,862"
LQD,05/04/2017,118.36,"1,540,500"
LQD,05/05/2017,118.4,"2,887,308"
LQD,05/08/2017,118.19,"3,886,477"
LQD,05/09/2017,118.21,"3,012,378"
LQD,05/10/2017,118.37,"4,282,580"
LQD,05/11/2017,118.43,"2,263,516"
LQD,05/12/2017,119.03,"3,165,038"
LQD,05/15/2017,119.02,"3,752,656"
LQD,05/16/2017,119.19,"3,996,368"
LQD,05/17/2017,119.92,"7,304,299"
LQD,05/18/2017,119.9,"4,825,397"
LQD,05/19/2017,119.97,"2,907,813"
LQD,05/22/2017,119.87,"2,852,915"
LQD,05/23/2017,119.5,"5,154,199"
LQD,05/24/2017,119.69,"5,291,558"
LQD,05/25/2017,119.74,"2,806,232"
LQD,05/26/2017,119.83,"2,054,823"
LQD,05/30/2017,120.11,"3,898,258"
LQD,05/31/2017,120.25,"4,428,704"
LQD,06/01/2017,119.96,"9,429,967"
LQD,06/02/2017,120.52,"5,130,059"
LQD,06/05/2017,120.18,"3,198,470"
LQD,06/06/2017,120.53,"1,806,671"
LQD,06/07/2017,120.38,"5,702,351"
LQD,06/08/2017,120.17,"3,895,232"
LQD,06/09/2017,120.05,"6,884,719"
LQD,06/12/2017,120.08,"4,075,123"
LQD,06/13/2017,120.21,"4,821,989"
LQD,06/14/2017,121.03,"6,852,817"
LQD,06/15/2017,120.74,"6,624,662"
LQD,06/16/2017,120.84,"4,314,833"
LQD,06/19/2017,120.69,"7,827,730"
LQD,06/20/2017,120.96,"6,906,491"
LQD,06/21/2017,121.02,"5,462,716"
LQD,06/22/2017,121.12,"3,520,789"
LQD,06/23/2017,121.18,"5,495,715"
LQD,06/26/2017,121.4,"3,808,619"
LQD,06/27/2017,120.85,"4,736,503"
LQD,06/28/2017,120.98,"3,934,009"
LQD,06/29/2017,120.61,"6,954,179"
LQD,06/30/2017,120.51,"4,567,823"
LQD,07/03/2017,119.93,"5,759,530"
LQD,07/05/2017,120.13,"5,406,932"
LQD,07/06/2017,119.82,"11,548,021"
LQD,07/07/2017,119.72,"9,803,906"
LQD,07/10/2017,119.92,"2,234,474"
LQD,07/11/2017,119.97,"4,340,941"
LQD,07/12/2017,120.5,"6,779,562"
LQD,07/13/2017,120.29,"3,977,407"
LQD,07/14/2017,120.57,"5,301,965"
LQD,07/17/2017,120.68,"5,899,020"
LQD,07/18/2017,121.2,"4,775,283"
LQD,07/19/2017,121.16,"4,144,240"
LQD,07/20/2017,121.27,"1,925,200"
LQD,07/21/2017,121.55,"3,634,002"
LQD,07/24/2017,121.41,"2,647,853"
LQD,07/25/2017,120.69,"7,043,066"
LQD,07/26/2017,121.09,"9,355,480"
LQD,07/27/2017,120.79,"2,769,092"
LQD,07/28/2017,121.11,"2,312,162"
LQD,07/31/2017,121.11,"3,689,850"
LQD,08/01/2017,121.23,"7,390,477"
LQD,08/02/2017,121.04,"6,728,623"
LQD,08/03/2017,121.21,"6,520,483"
LQD,08/04/2017,120.74,"5,095,710"
LQD,08/07/2017,120.77,"10,816,434"
LQD,08/08/2017,120.19,"9,992,800"
LQD,08/09/2017,120.31,"7,465,815"
LQD,08/10/2017,120.27,"8,053,368"
LQD,08/11/2017,120.49,"10,910,497"
LQD,08/14/2017,120.41,"3,051,496"
LQD,08/15/2017,120.27,"4,709,988"
LQD,08/16/2017,120.61,"5,190,152"
LQD,08/17/2017,120.73,"8,973,840"
LQD,08/18/2017,120.65,"4,350,906"
LQD,08/21/2017,120.82,"3,666,217"
LQD,08/22/2017,120.7,"2,390,610"
LQD,08/23/2017,121.16,"4,590,242"
LQD,08/24/2017,120.93,"2,929,758"
LQD,08/25/2017,121.21,"5,487,990"
LQD,08/28/2017,121.21,"5,200,778"
LQD,08/29/2017,121.3,"3,499,654"
LQD,08/30/2017,121.4,"2,573,677"
LQD,08/31/2017,121.61,"4,549,449"
LQD,09/01/2017,120.81,"7,945,950"
LQD,09/05/2017,121.56,"7,356,961"
LQD,09/06/2017,121.13,"8,863,669"
LQD,09/07/2017,121.6,"7,698,798"
LQD,09/08/2017,121.24,"6,776,599"
LQD,09/11/2017,120.87,"4,220,271"
LQD,09/12/2017,120.74,"4,615,817"
LQD,09/13/2017,120.62,"5,671,338"
LQD,09/14/2017,120.92,"4,333,511"
LQD,09/15/2017,121.02,"4,631,309"
LQD,09/18/2017,120.9,"4,971,726"
LQD,09/19/2017,120.97,"5,296,844"
LQD,09/20/2017,120.82,"6,603,279"
LQD,09/21/2017,120.82,"3,410,003"
LQD,09/22/2017,120.98,"2,099,239"
LQD,09/25/2017,121.43,"3,489,895"
LQD,09/26/2017,121.41,"10,290,712"
LQD,09/27/2017,120.94,"6,695,458"
LQD,09/28/2017,121.12,"6,350,817"
LQD,09/29/2017,121.23,"7,627,305"
LQD,10/02/2017,121.02,"7,218,144"
LQD,10/03/2017,121.29,"7,569,409"
LQD,10/04/2017,121.22,"5,376,431"
LQD,10/05/2017,121.05,"3,932,820"
LQD,10/06/2017,120.95,"5,901,273"
LQD,10/09/2017,121.05,"1,312,163"
LQD,10/10/2017,121.13,"3,873,377"
LQD,10/11/2017,121.07,"7,170,869"
LQD,10/12/2017,121.1,"10,302,628"
LQD,10/13/2017,121.58,"5,755,794"
LQD,10/16/2017,121.41,"4,886,075"
LQD,10/17/2017,121.39,"4,476,889"
LQD,10/18/2017,121.21,"3,272,480"
LQD,10/19/2017,121.39,"4,143,263"
LQD,10/20/2017,121.06,"7,280,417"
LQD,10/23/2017,121.18,"2,675,782"
LQD,10/24/2017,120.88,"4,686,198"
LQD,10/25/2017,120.56,"8,866,587"
LQD,10/26/2017,120.55,"9,420,138"
LQD,10/27/2017,120.91,"6,915,923"
LQD,10/30/2017,121.31,"5,236,618"
LQD,10/31/2017,121.14,"5,932,779"
LQD,11/01/2017,121.01,"5,967,418"
LQD,11/02/2017,120.99,"13,253,915"
LQD,11/03/2017,121.13,"5,307,520"
LQD,11/06/2017,121.16,"9,576,913"
LQD,11/07/2017,121.06,"7,643,168"
LQD,11/08/2017,120.9,"7,185,496"
LQD,11/09/2017,120.58,"7,232,296"
LQD,11/10/2017,119.89,"5,816,636"
LQD,11/13/2017,119.91,"3,646,383"
LQD,11/14/2017,119.94,"6,112,487"
LQD,11/15/2017,120.45,"7,141,854"
LQD,11/16/2017,120.31,"5,051,247"
LQD,11/17/2017,120.46,"5,521,512"
LQD,11/20/2017,120.46,"3,190,609"
LQD,11/21/2017,120.86,"4,372,079"
LQD,11/22/2017,121.33,"4,111,490"
LQD,11/24/2017,121.19,"1,359,663"
LQD,11/27/2017,121.12,"6,049,156"
LQD,11/28/2017,121.29,"5,176,394"
LQD,11/29/2017,120.81,"7,606,281"
LQD,11/30/2017,120.67,"6,119,627"
LQD,12/01/2017,120.72,"13,958,312"
LQD,12/04/2017,120.91,"5,766,859"
LQD,12/05/2017,121.14,"4,541,854"
LQD,12/06/2017,121.37,"4,801,451"
LQD,12/07/2017,121.13,"8,295,236"
LQD,12/08/2017,120.98,"5,135,147"
LQD,12/11/2017,121.07,"4,521,496"
LQD,12/12/2017,120.98,"10,153,028"
LQD,12/13/2017,121.4,"7,205,808"
LQD,12/14/2017,121.62,"8,022,249"
LQD,12/15/2017,121.79,"5,846,107"
LQD,12/18/2017,121.43,"6,371,108"
LQD,12/19/2017,120.81,"6,029,152"
LQD,12/20/2017,120.49,"9,805,737"
LQD,12/21/2017,120.56,"6,210,433"
LQD,12/22/2017,120.65,"2,934,885"
LQD,12/26/2017,120.81,"1,872,961"
LQD,12/27/2017,121.48,"3,179,283"
LQD,12/28/2017,121.4,"2,493,203"
LQD,12/29/2017,121.56,"3,003,285"
LQD,01/02/2018,120.75,"8,480,804"
LQD,01/03/2018,120.97,"5,087,608"
LQD,01/04/2018,120.93,"7,710,116"
LQD,01/05/2018,120.89,"5,796,472"
LQD,01/08/2018,120.88,"3,897,191"
LQD,01/09/2018,120.44,"7,621,727"
LQD,01/10/2018,120.52,"6,050,495"
LQD,01/11/2018,120.81,"5,192,586"
LQD,01/12/2018,120.83,"4,463,052"
LQD,01/16/2018,120.94,"7,410,204"
LQD,01/17/2018,120.61,"11,240,770"
LQD,01/18/2018,120.14,"6,399,425"
LQD,01/19/2018,119.77,"6,797,813"
LQD,01/22/2018,119.66,"5,096,654"
LQD,01/23/2018,120.18,"6,143,996"
LQD,01/24/2018,120.1,"5,679,043"
LQD,01/25/2018,120.71,"7,042,069"
LQD,01/26/2018,120.55,"6,391,343"
LQD,01/29/2018,120.23,"5,732,380"
LQD,01/30/2018,119.82,"6,662,558"
LQD,01/31/2018,120.07,"6,833,938"
LQD,02/01/2018,119.22,"12,272,412"
LQD,02/02/2018,118.61,"8,681,492"
LQD,02/05/2018,118.68,"14,486,017"
LQD,02/06/2018,118.44,"10,467,453"
LQD,02/07/2018,118.11,"8,862,326"
LQD,02/08/2018,117.6,"10,956,971"
LQD,02/09/2018,117.22,"8,718,996"
LQD,02/12/2018,117.22,"7,814,752"
LQD,02/13/2018,117.18,"8,730,711"
LQD,02/14/2018,116.75,"11,013,300"
LQD,02/15/2018,117.3,"4,953,439"
LQD,02/16/2018,117.65,"6,319,802"
LQD,02/20/2018,117.15,"8,786,197"
LQD,02/21/2018,116.51,"6,387,215"
LQD,02/22/2018,116.67,"7,227,083"
LQD,02/23/2018,117.21,"8,005,557"
LQD,02/26/2018,117.36,"5,071,950"
LQD,02/27/2018,116.85,"7,279,509"
LQD,02/28/2018,117.07,"7,963,405"
LQD,03/01/2018,116.62,"11,679,072"
LQD,03/02/2018,116.25,"5,334,953"
LQD,03/05/2018,116.21,"10,168,381"
LQD,03/06/2018,116.31,"8,363,558"
LQD,03/07/2018,116.27,"4,070,441"
LQD,03/08/2018,116.5,"6,410,043"
LQD,03/09/2018,116.09,"7,774,244"
LQD,03/12/2018,116.24,"8,555,640"
LQD,03/13/2018,116.25,"8,625,910"
LQD,03/14/2018,116.51,"5,765,678"
LQD,03/15/2018,116.63,"5,268,524"
LQD,03/16/2018,116.76,"10,754,736"
LQD,03/19/2018,116.37,"8,095,296"
LQD,03/20/2018,115.96,"6,444,959"
LQD,03/21/2018,115.89,"7,312,616"
LQD,03/22/2018,116.09,"10,966,957"
LQD,03/23/2018,115.72,"6,120,849"
LQD,03/26/2018,116.13,"5,834,826"
LQD,03/27/2018,116.55,"5,000,157"
LQD,03/28/2018,116.86,"4,771,559"
LQD,03/29/2018,117.39,"5,941,838"
LQD,04/02/2018,116.99,"4,393,546"
LQD,04/03/2018,116.68,"3,773,475"
LQD,04/04/2018,116.68,"5,259,570"
LQD,04/05/2018,116.72,"5,170,997"
LQD,04/06/2018,117.07,"4,772,613"
LQD,04/09/2018,117.13,"3,611,434"
LQD,04/10/2018,117.16,"5,201,306"
LQD,04/11/2018,117.24,"2,483,845"
LQD,04/12/2018,116.92,"2,588,107"
LQD,04/13/2018,116.96,"4,427,765"
LQD,04/16/2018,116.97,"2,323,599"
LQD,04/17/2018,116.98,"6,702,882"
LQD,04/18/2018,116.38,"6,888,143"
LQD,04/19/2018,115.94,"4,058,863"
LQD,04/20/2018,115.47,"4,679,869"
LQD,04/23/2018,115.42,"4,380,027"
LQD,04/24/2018,115.08,"5,984,695"
LQD,04/25/2018,114.72,"3,756,060"
LQD,04/26/2018,115.06,"6,027,159"
LQD,04/27/2018,115.32,"3,369,758"
LQD,04/30/2018,115.22,"6,388,529"
LQD,05/01/2018,114.58,"6,051,545"
LQD,05/02/2018,114.49,"3,608,074"
LQD,05/03/2018,114.51,"4,122,563"
LQD,05/04/2018,114.67,"3,733,802"
LQD,05/07/2018,114.54,"3,870,880"
LQD,05/08/2018,114.5,"5,069,347"
LQD,05/09/2018,114.48,"3,906,598"
LQD,05/10/2018,115.06,"5,103,079"
LQD,05/11/2018,115.26,"4,253,956"
LQD,05/14/2018,115.05,"4,808,286"
LQD,05/15/2018,114.18,"5,970,012"
LQD,05/16/2018,114.03,"4,210,827"
LQD,05/17/2018,113.81,"3,272,442"
LQD,05/18/2018,114.28,"4,154,719"
LQD,05/21/2018,114.35,"2,593,261"
LQD,05/22/2018,114.23,"3,230,010"
LQD,05/23/2018,114.72,"5,771,113"
LQD,05/24/2018,115.04,"4,436,889"
LQD,05/25/2018,115.38,"3,997,700"
LQD,05/29/2018,115.99,"6,831,697"
LQD,05/30/2018,115.54,"5,083,905"
LQD,05/31/2018,115.49,"6,303,317"
LQD,06/01/2018,114.91,"4,479,711"
LQD,06/04/2018,114.65,"3,714,919"
LQD,06/05/2018,114.73,"3,901,460"
LQD,06/06/2018,114.31,"4,754,868"
LQD,06/07/2018,114.69,"7,185,232"
LQD,06/08/2018,114.5,"2,935,640"
LQD,06/11/2018,114.39,"2,905,127"
LQD,06/12/2018,114.4,"3,396,516"
LQD,06/13/2018,114.29,"4,906,450"
LQD,06/14/2018,114.81,"4,915,845"
LQD,06/15/2018,114.65,"5,887,076"
LQD,06/18/2018,114.53,"4,723,215"
LQD,06/19/2018,114.59,"4,278,775"
LQD,06/20/2018,113.95,"7,731,547"
LQD,06/21/2018,113.86,"15,921,574"
LQD,06/22/2018,114,"6,729,039"
LQD,06/25/2018,113.89,"3,244,079"
LQD,06/26/2018,114.27,"10,345,332"
LQD,06/27/2018,114.66,"9,776,541"
LQD,06/28/2018,114.51,"6,241,259"
LQD,06/29/2018,114.57,"7,861,643"
LQD,07/02/2018,114.24,"4,806,225"
LQD,07/03/2018,114.66,"2,518,058"
LQD,07/05/2018,115.02,"4,730,580"
LQD,07/06/2018,115.18,"2,465,551"
LQD,07/09/2018,115.26,"5,161,639"
LQD,07/10/2018,115.13,"6,624,015"
LQD,07/11/2018,115.36,"4,071,435"
LQD,07/12/2018,115.61,"3,324,865"
LQD,07/13/2018,115.7,"4,273,796"
LQD,07/16/2018,115.51,"2,653,746"
LQD,07/17/2018,115.43,"6,156,965"
LQD,07/18/2018,115.41,"3,527,602"
LQD,07/19/2018,115.59,"5,098,580"
LQD,07/20/2018,115.25,"5,218,775"
LQD,07/23/2018,114.79,"4,716,294"
LQD,07/24/2018,115.15,"4,446,684"
LQD,07/25/2018,115.3,"7,376,470"
LQD,07/26/2018,115.41,"5,860,907"
LQD,07/27/2018,115.56,"5,497,574"
LQD,07/30/2018,115.4,"6,467,562"
LQD,07/31/2018,115.76,"6,081,644"
LQD,08/01/2018,115.01,"7,256,039"
LQD,08/02/2018,115.15,"6,751,477"
LQD,08/03/2018,115.51,"2,711,162"
LQD,08/06/2018,115.62,"3,059,768"
LQD,08/07/2018,115.26,"5,397,680"
LQD,08/08/2018,115.08,"7,435,297"
LQD,08/09/2018,115.17,"7,273,479"
LQD,08/10/2018,115.36,"4,765,934"
LQD,08/13/2018,115.33,"3,145,801"
LQD,08/14/2018,115.48,"7,052,581"
LQD,08/15/2018,115.72,"5,208,287"
LQD,08/16/2018,115.87,"5,997,875"
LQD,08/17/2018,115.97,"3,871,856"
LQD,08/20/2018,116.27,"2,686,834"
LQD,08/21/2018,115.98,"5,480,402"
LQD,08/22/2018,115.97,"6,877,691"
LQD,08/23/2018,116.01,"5,693,856"
LQD,08/24/2018,116.24,"5,152,454"
LQD,08/27/2018,116.06,"3,762,199"
LQD,08/28/2018,115.62,"4,026,949"
LQD,08/29/2018,115.5,"10,473,540"
LQD,08/30/2018,115.61,"5,682,294"
LQD,08/31/2018,115.44,"4,425,772"
LQD,09/04/2018,114.88,"6,468,697"
LQD,09/05/2018,114.81,"6,103,161"
LQD,09/06/2018,115.13,"6,918,089"
LQD,09/07/2018,114.65,"4,529,132"
LQD,09/10/2018,115.03,"5,512,725"
LQD,09/11/2018,114.77,"5,976,876"
LQD,09/12/2018,115,"5,543,122"
LQD,09/13/2018,115.24,"5,584,100"
LQD,09/14/2018,115.1,"7,003,534"
LQD,09/17/2018,115.03,"2,667,082"
LQD,09/18/2018,114.56,"5,160,861"
LQD,09/19/2018,114.39,"5,220,762"
LQD,09/20/2018,114.69,"6,152,428"
LQD,09/21/2018,114.71,"9,404,279"
LQD,09/24/2018,114.45,"10,749,420"
LQD,09/25/2018,114.45,"4,087,105"
LQD,09/26/2018,114.86,"7,433,608"
LQD,09/27/2018,115.01,"6,323,437"
LQD,09/28/2018,114.93,"12,578,521"
LQD,10/01/2018,114.42,"7,550,559"
LQD,10/02/2018,114.52,"11,207,828"
LQD,10/03/2018,113.85,"8,400,462"
LQD,10/04/2018,113.38,"9,843,799"
LQD,10/05/2018,112.94,"8,785,774"
LQD,10/08/2018,112.82,"1,355,174"
LQD,10/09/2018,113.14,"8,416,247"
LQD,10/10/2018,112.83,"12,316,551"
LQD,10/11/2018,113.3,"18,587,647"
LQD,10/12/2018,113.32,"8,956,697"
LQD,10/15/2018,113.11,"6,636,545"
LQD,10/16/2018,113.4,"9,018,217"
LQD,10/17/2018,112.84,"6,880,580"
LQD,10/18/2018,112.84,"10,417,993"
LQD,10/19/2018,112.7,"6,355,669"
LQD,10/22/2018,112.56,"7,282,861"
LQD,10/23/2018,112.72,"10,277,869"
LQD,10/24/2018,112.88,"7,262,026"
LQD,10/25/2018,112.74,"5,653,072"
LQD,10/26/2018,112.93,"4,955,342"
LQD,10/29/2018,112.8,"6,573,295"
LQD,10/30/2018,112.55,"7,669,584"
LQD,10/31/2018,112.23,"13,156,344"
LQD,11/01/2018,112.2,"14,262,013"
LQD,11/02/2018,111.75,"7,738,360"
LQD,11/05/2018,111.95,"5,064,037"
LQD,11/06/2018,112.14,"5,787,139"
LQD,11/07/2018,112.43,"13,257,542"
LQD,11/08/2018,112.1,"10,934,366"
LQD,11/09/2018,112.18,"8,836,778"
LQD,11/12/2018,112.17,"2,876,475"
LQD,11/13/2018,112.02,"7,778,431"
LQD,11/14/2018,111.72,"11,595,070"
LQD,11/15/2018,111.51,"15,158,266"
LQD,11/16/2018,111.73,"13,503,663"
LQD,11/19/2018,111.62,"9,773,690"
LQD,11/20/2018,111.35,"16,168,384"
LQD,11/21/2018,111.59,"10,704,564"
LQD,11/23/2018,111.64,"2,924,700"
LQD,11/26/2018,111.69,"5,938,899"
LQD,11/27/2018,111.55,"8,581,260"
LQD,11/28/2018,111.85,"13,861,323"
LQD,11/29/2018,111.53,"10,939,118"
LQD,11/30/2018,111.46,"14,854,799"
LQD,12/03/2018,111.52,"12,740,521"
LQD,12/04/2018,111.54,"13,521,537"
LQD,12/06/2018,111.88,"12,752,217"
LQD,12/07/2018,111.89,"11,791,904"
LQD,12/10/2018,112.23,"6,886,739"
LQD,12/11/2018,112.43,"10,241,123"
LQD,12/12/2018,112.55,"10,001,612"
LQD,12/13/2018,112.85,"6,911,244"
LQD,12/14/2018,112.73,"6,037,920"
LQD,12/17/2018,112.85,"6,480,543"
LQD,12/18/2018,112.9,"5,923,216"
LQD,12/19/2018,112.81,"10,049,238"
LQD,12/20/2018,112.44,"20,942,150"
LQD,12/21/2018,112.33,"11,850,718"
LQD,12/24/2018,112.07,"4,384,768"
LQD,12/26/2018,111.98,"7,659,268"
LQD,12/27/2018,111.98,"7,797,325"
LQD,12/28/2018,112.51,"4,334,519"
LQD,12/31/2018,112.82,"7,008,354"
LQD,01/02/2019,113.17,"9,506,481"
LQD,01/03/2019,113.22,"11,199,121"
LQD,01/04/2019,113.15,"12,080,672"
LQD,01/07/2019,113.16,"16,150,100"
LQD,01/08/2019,113.41,"7,961,370"
LQD,01/09/2019,113.84,"10,534,869"
LQD,01/10/2019,113.54,"10,337,051"
LQD,01/11/2019,113.75,"6,890,765"
LQD,01/14/2019,113.45,"4,511,448"
LQD,01/15/2019,113.52,"10,536,547"
LQD,01/16/2019,113.74,"17,911,837"
LQD,01/17/2019,113.97,"8,756,215"
LQD,01/18/2019,114.17,"12,589,748"
LQD,01/22/2019,114.36,"9,101,563"
LQD,01/23/2019,114.65,"11,707,156"
LQD,01/24/2019,114.95,"8,874,693"
LQD,01/25/2019,115.05,"8,529,215"
LQD,01/28/2019,115.03,"7,830,587"
LQD,01/29/2019,115.28,"9,111,253"
LQD,01/30/2019,115.81,"17,275,582"
LQD,01/31/2019,116.62,"12,004,177"
LQD,02/01/2019,115.99,"15,158,417"
LQD,02/04/2019,115.83,"7,375,484"
LQD,02/05/2019,116.3,"9,298,056"
LQD,02/06/2019,116.08,"7,083,571"
LQD,02/07/2019,116.06,"12,973,203"
LQD,02/08/2019,116.35,"5,502,609"
LQD,02/11/2019,116.09,"5,353,772"
LQD,02/12/2019,116.25,"10,689,095"
LQD,02/13/2019,115.95,"9,595,179"
LQD,02/14/2019,116.08,"14,906,084"
LQD,02/15/2019,116.22,"8,298,035"
LQD,02/19/2019,116.29,"6,920,299"
LQD,02/20/2019,116.19,"8,577,443"
LQD,02/21/2019,115.86,"6,311,048"
LQD,02/22/2019,116.38,"4,110,552"
LQD,02/25/2019,116.34,"6,026,157"
LQD,02/26/2019,116.52,"6,360,585"
LQD,02/27/2019,116.19,"7,008,456"
LQD,02/28/2019,116.03,"12,468,406"
LQD,03/01/2019,115.47,"12,714,087"
LQD,03/04/2019,115.73,"9,453,625"
LQD,03/05/2019,115.77,"9,090,431"
LQD,03/06/2019,115.88,"6,278,731"
LQD,03/07/2019,116.26,"7,355,491"
LQD,03/08/2019,116.41,"7,386,626"
LQD,03/11/2019,116.54,"7,813,644"
LQD,03/12/2019,116.86,"7,994,599"
LQD,03/13/2019,116.67,"5,833,974"
LQD,03/14/2019,116.44,"5,395,277"
LQD,03/15/2019,116.86,"8,537,001"
LQD,03/18/2019,116.8,"4,308,285"
LQD,03/19/2019,116.82,"8,074,677"
LQD,03/20/2019,117.61,"16,202,606"
LQD,03/21/2019,117.83,"14,163,204"
LQD,03/22/2019,118.55,"10,576,913"
LQD,03/25/2019,118.79,"7,096,120"
LQD,03/26/2019,118.84,"7,766,491"
LQD,03/27/2019,119,"7,484,092"
LQD,03/28/2019,119.15,"4,621,214"
LQD,03/29/2019,119.06,"8,415,110"
LQD,04/01/2019,118.26,"9,567,574"
LQD,04/02/2019,118.42,"7,733,308"
LQD,04/03/2019,118.17,"6,048,390"
LQD,04/04/2019,118.36,"7,510,618"
LQD,04/05/2019,118.55,"9,326,222"
LQD,04/08/2019,118.38,"8,564,818"
LQD,04/09/2019,118.63,"7,749,028"
LQD,04/10/2019,119.21,"5,765,258"
LQD,04/11/2019,119.09,"7,769,547"
LQD,04/12/2019,119.02,"11,083,836"
LQD,04/15/2019,118.83,"12,427,319"
LQD,04/16/2019,118.5,"10,302,688"
LQD,04/17/2019,118.48,"6,062,323"
LQD,04/18/2019,118.58,"8,059,959"
LQD,04/22/2019,118.39,"6,581,939"
LQD,04/23/2019,118.88,"7,389,706"
LQD,04/24/2019,119.28,"6,463,168"
LQD,04/25/2019,119.22,"4,404,116"
LQD,04/26/2019,119.64,"3,406,080"
LQD,04/29/2019,119.17,"5,847,498"
LQD,04/30/2019,119.22,"9,753,332"
LQD,05/01/2019,118.83,"12,804,331"
LQD,05/02/2019,118.4,"11,748,205"
LQD,05/03/2019,118.93,"7,481,015"
LQD,05/06/2019,119.09,"8,077,413"
LQD,05/07/2019,119.08,"11,575,489"
LQD,05/08/2019,118.68,"11,843,131"
LQD,05/09/2019,118.79,"11,586,182"
LQD,05/10/2019,118.86,"8,155,559"
LQD,05/13/2019,118.93,"16,744,930"
LQD,05/14/2019,119.1,"7,993,523"
LQD,05/15/2019,119.43,"10,804,426"
LQD,05/16/2019,119.24,"11,716,337"
LQD,05/17/2019,119.25,"7,746,063"
LQD,05/20/2019,118.97,"2,890,893"
LQD,05/21/2019,119.07,"3,610,052"
LQD,05/22/2019,119.22,"9,526,219"
LQD,05/23/2019,119.48,"9,983,368"
LQD,05/24/2019,119.73,"5,981,653"
LQD,05/28/2019,119.81,"9,039,113"
LQD,05/29/2019,119.86,"8,777,962"
LQD,05/30/2019,120.55,"11,946,549"
LQD,05/31/2019,120.83,"11,611,684"
LQD,06/03/2019,120.83,"12,525,219"
LQD,06/04/2019,120.87,"20,566,079"
LQD,06/05/2019,120.79,"10,423,123"
LQD,06/06/2019,121.02,"14,133,552"
LQD,06/07/2019,121.56,"11,912,916"
LQD,06/10/2019,121.12,"13,072,375"
LQD,06/11/2019,121.23,"17,076,686"
LQD,06/12/2019,121.41,"11,814,499"
LQD,06/13/2019,121.72,"6,665,763"
LQD,06/14/2019,121.77,"4,652,307"
LQD,06/17/2019,121.83,"6,213,240"
LQD,06/18/2019,122.64,"19,575,024"
LQD,06/19/2019,123.42,"17,597,923"
LQD,06/20/2019,124.09,"24,937,968"
LQD,06/21/2019,123.64,"18,566,443"
LQD,06/24/2019,123.95,"15,241,643"
LQD,06/25/2019,123.58,"17,843,718"
LQD,06/26/2019,123.33,"24,436,698"
LQD,06/27/2019,124.05,"10,314,460"
LQD,06/28/2019,124.37,"9,512,064"
LQD,07/01/2019,124.25,"19,215,780"
LQD,07/02/2019,124.59,"15,843,767"
LQD,07/03/2019,124.93,"6,947,326"
LQD,07/05/2019,123.83,"7,889,884"
LQD,07/08/2019,123.66,"9,239,219"
LQD,07/09/2019,123.4,"15,877,087"
LQD,07/10/2019,123.68,"9,551,841"
LQD,07/11/2019,122.95,"7,101,305"
LQD,07/12/2019,123.07,"6,363,589"
LQD,07/15/2019,123.28,"7,705,017"
LQD,07/16/2019,123.02,"9,867,521"
LQD,07/17/2019,123.67,"6,620,350"
LQD,07/18/2019,123.96,"10,357,417"
LQD,07/19/2019,123.77,"8,789,335"
LQD,07/22/2019,124.15,"4,464,839"
LQD,07/23/2019,124.22,"7,013,576"
LQD,07/24/2019,124.57,"11,851,211"
LQD,07/25/2019,124.17,"9,943,140"
LQD,07/26/2019,124.34,"7,285,060"
LQD,07/29/2019,124.26,"7,379,625"
LQD,07/30/2019,124.22,"12,111,957"
LQD,07/31/2019,124.33,"17,422,744"
LQD,08/01/2019,124.99,"16,216,801"
LQD,08/02/2019,125.12,"14,629,492"
LQD,08/05/2019,125.21,"12,715,463"
LQD,08/06/2019,125.99,"14,920,196"
LQD,08/07/2019,125.97,"24,644,135"
LQD,08/08/2019,126.31,"8,353,775"
LQD,08/09/2019,125.94,"6,375,878"
LQD,08/12/2019,126.73,"8,075,103"
LQD,08/13/2019,126.63,"10,955,002"
LQD,08/14/2019,127,"9,071,242"
LQD,08/15/2019,127.62,"11,866,990"
LQD,08/16/2019,127.85,"10,849,345"
LQD,08/19/2019,127.43,"7,226,223"
LQD,08/20/2019,128.17,"11,402,374"
LQD,08/21/2019,128.4,"9,343,957"
LQD,08/22/2019,127.93,"7,053,974"
LQD,08/23/2019,128.4,"7,998,586"
LQD,08/26/2019,128.41,"6,305,853"
LQD,08/27/2019,129.1,"12,729,098"
LQD,08/28/2019,129.1,"8,935,823"
LQD,08/29/2019,128.82,"17,900,817"
LQD,08/30/2019,128.8,"8,653,744"
LQD,09/03/2019,128.33,"22,683,573"
LQD,09/04/2019,128.57,"8,502,586"
LQD,09/05/2019,127.63,"19,042,771"
LQD,09/06/2019,128.09,"8,914,754"
LQD,09/09/2019,127.15,"7,218,991"
LQD,09/10/2019,126.08,"9,863,405"
LQD,09/11/2019,125.98,"8,165,761"
LQD,09/12/2019,125.81,"11,506,044"
LQD,09/13/2019,124.68,"8,984,588"
LQD,09/16/2019,125.31,"11,464,733"
LQD,09/17/2019,125.63,"12,480,736"
LQD,09/18/2019,125.94,"9,162,338"
LQD,09/19/2019,126.3,"9,042,833"
LQD,09/20/2019,127.17,"10,454,944"
LQD,09/23/2019,127.08,"9,526,688"
LQD,09/24/2019,127.48,"12,638,792"
LQD,09/25/2019,126.76,"14,352,310"
LQD,09/26/2019,127.03,"8,385,458"
LQD,09/27/2019,127.06,"8,667,841"
LQD,09/30/2019,127.48,"10,821,041"
LQD,10/01/2019,127.29,"13,299,755"
LQD,10/02/2019,127.24,"11,377,018"
LQD,10/03/2019,127.74,"13,985,696"
LQD,10/04/2019,128.27,"9,257,941"
LQD,10/07/2019,127.62,"7,168,137"
LQD,10/08/2019,127.51,"8,635,497"
LQD,10/09/2019,127.56,"9,929,472"
LQD,10/10/2019,126.81,"8,172,490"
LQD,10/11/2019,126.58,"11,061,451"
LQD,10/14/2019,127,"2,276,490"
LQD,10/15/2019,126.66,"13,251,274"
LQD,10/16/2019,126.8,"7,793,762"
LQD,10/17/2019,126.98,"5,847,498"
LQD,10/18/2019,127.14,"6,061,351"
LQD,10/21/2019,126.85,"6,458,034"
LQD,10/22/2019,127.07,"5,830,038"
LQD,10/23/2019,127.14,"4,986,108"
LQD,10/24/2019,127.42,"9,282,915"
LQD,10/25/2019,127.2,"6,263,049"
LQD,10/28/2019,126.82,"9,081,558"
LQD,10/29/2019,126.49,"9,236,668"
LQD,10/30/2019,126.94,"12,262,741"
LQD,10/31/2019,127.71,"18,151,487"
LQD,11/01/2019,127.49,"11,367,925"
LQD,11/04/2019,126.89,"10,222,755"
LQD,11/05/2019,126.16,"10,433,653"
LQD,11/06/2019,126.87,"8,621,661"
LQD,11/07/2019,125.88,"14,954,703"
LQD,11/08/2019,125.71,"6,262,583"
LQD,11/11/2019,125.75,"4,749,642"
LQD,11/12/2019,125.87,"9,936,607"
LQD,11/13/2019,126.17,"10,480,167"
LQD,11/14/2019,126.83,"10,163,610"
LQD,11/15/2019,126.85,"5,411,935"
LQD,11/18/2019,126.99,"10,070,010"
LQD,11/19/2019,127.24,"4,118,845"
LQD,11/20/2019,127.42,"5,424,843"
LQD,11/21/2019,127.12,"8,425,713"
LQD,11/22/2019,127.47,"5,466,561"
LQD,11/25/2019,127.91,"6,808,610"
LQD,11/26/2019,128.24,"8,688,791"
LQD,11/27/2019,128.23,"7,264,021"
LQD,11/29/2019,127.97,"5,260,890"
LQD,12/02/2019,127.07,"15,142,038"
LQD,12/03/2019,128.05,"9,406,824"
LQD,12/04/2019,127.88,"11,177,560"
LQD,12/05/2019,127.74,"5,700,604"
LQD,12/06/2019,127.67,"6,149,912"
LQD,12/09/2019,127.65,"4,731,458"
LQD,12/10/2019,127.65,"6,425,455"
LQD,12/11/2019,128.15,"4,417,101"
LQD,12/12/2019,127.56,"10,374,997"
LQD,12/13/2019,128.39,"12,474,062"
LQD,12/16/2019,128.1,"8,062,586"
LQD,12/17/2019,128,"10,886,787"
LQD,12/18/2019,127.91,"10,205,514"
LQD,12/19/2019,127.7,"9,355,434"
LQD,12/20/2019,127.66,"9,286,921"
LQD,12/23/2019,127.72,"3,827,501"
LQD,12/24/2019,127.85,"2,638,011"
LQD,12/26/2019,128.08,"3,879,905"
LQD,12/27/2019,128.26,"8,752,092"
LQD,12/30/2019,128.49,"9,993,813"
LQD,12/31/2019,127.96,"5,499,447"
LQD,01/02/2020,128.23,"15,348,656"
LQD,01/03/2020,128.67,"10,110,852"
LQD,01/06/2020,128.24,"13,894,267"
LQD,01/07/2020,127.91,"8,213,289"
LQD,01/08/2020,127.73,"12,268,472"
LQD,01/09/2020,128.34,"14,415,123"
LQD,01/10/2020,128.7,"8,263,544"
LQD,01/13/2020,128.39,"4,477,390"
LQD,01/14/2020,128.55,"11,066,344"
LQD,01/15/2020,128.83,"8,712,362"
LQD,01/16/2020,129.01,"13,926,101"
LQD,01/17/2020,128.99,"13,727,848"
LQD,01/21/2020,129.61,"16,807,316"
LQD,01/22/2020,129.68,"9,928,595"
LQD,01/23/2020,129.85,"13,623,233"
LQD,01/24/2020,130.07,"11,604,561"
LQD,01/27/2020,130.32,"10,461,227"
LQD,01/28/2020,130.25,"12,055,933"
LQD,01/29/2020,130.67,"11,174,728"
LQD,01/30/2020,130.75,"14,619,158"
LQD,01/31/2020,131.09,"20,194,801"
LQD,02/03/2020,130.65,"12,579,230"
LQD,02/04/2020,130.33,"16,799,491"
LQD,02/05/2020,130.25,"9,587,467"
LQD,02/06/2020,130.19,"11,028,939"
LQD,02/07/2020,130.69,"11,517,177"
LQD,02/10/2020,131,"10,405,797"
LQD,02/11/2020,130.81,"10,052,721"
LQD,02/12/2020,130.75,"7,069,148"
LQD,02/13/2020,130.66,"5,437,403"
LQD,02/14/2020,130.98,"8,254,582"
LQD,02/18/2020,131.23,"9,650,892"
LQD,02/19/2020,131.05,"10,731,530"
LQD,02/20/2020,131.49,"13,706,011"
LQD,02/21/2020,131.75,"12,192,724"
LQD,02/24/2020,131.77,"17,894,798"
LQD,02/25/2020,131.9,"19,930,728"
LQD,02/26/2020,131.41,"23,073,370"
LQD,02/27/2020,130.71,"29,687,924"
LQD,02/28/2020,132.18,"25,096,451"
LQD,03/02/2020,131.7,"15,922,634"
LQD,03/03/2020,133.2,"39,141,045"
LQD,03/04/2020,133.39,"23,701,966"
LQD,03/05/2020,133.34,"22,089,498"
LQD,03/06/2020,134.27,"30,099,910"
LQD,03/09/2020,131.01,"27,165,963"
LQD,03/10/2020,128.06,"30,024,739"
LQD,03/11/2020,123.85,"37,310,314"
LQD,03/12/2020,117.94,"41,021,364"
LQD,03/13/2020,123.05,"33,470,629"
LQD,03/16/2020,121.3,"19,929,052"
LQD,03/17/2020,116.33,"19,074,049"
LQD,03/18/2020,110.51,"23,808,700"
LQD,03/19/2020,105.05,"29,077,081"
LQD,03/20/2020,106.74,"29,390,245"
LQD,03/23/2020,114.63,"36,918,784"
LQD,03/24/2020,116.98,"43,049,879"
LQD,03/25/2020,122.58,"45,180,991"
LQD,03/26/2020,122.68,"21,893,500"
LQD,03/27/2020,122.43,"27,730,546"
LQD,03/30/2020,123.92,"19,272,730"
LQD,03/31/2020,123.51,"23,903,060"
LQD,04/01/2020,121.41,"21,859,487"
LQD,04/02/2020,121.73,"22,929,516"
LQD,04/03/2020,121.1,"10,754,434"
LQD,04/06/2020,123.49,"15,631,781"
LQD,04/07/2020,123.68,"17,457,699"
LQD,04/08/2020,125.91,"15,484,286"
LQD,04/09/2020,131.83,"53,586,242"
LQD,04/13/2020,130.55,"20,599,775"
LQD,04/14/2020,129.91,"14,791,634"
LQD,04/15/2020,130.78,"13,687,860"
LQD,04/16/2020,130.13,"12,582,187"
LQD,04/17/2020,130.56,"11,187,919"
LQD,04/20/2020,129.82,"12,057,517"
LQD,04/21/2020,129.36,"16,146,115"
LQD,04/22/2020,129.44,"19,956,648"
LQD,04/23/2020,129.99,"5,833,602"
LQD,04/24/2020,129.9,"14,985,476"
LQD,04/27/2020,128.85,"11,794,695"
LQD,04/28/2020,129.2,"9,233,154"
LQD,04/29/2020,130.05,"7,399,117"
LQD,04/30/2020,129.17,"14,583,202"
LQD,05/01/2020,128.34,"15,442,358"
LQD,05/04/2020,128.54,"9,466,733"
LQD,05/05/2020,128.37,"7,268,785"
LQD,05/06/2020,126.93,"10,662,941"
LQD,05/07/2020,127.27,"11,194,396"
LQD,05/08/2020,126.66,"12,287,236"
LQD,05/11/2020,125.55,"12,334,982"
LQD,05/12/2020,126.76,"18,760,506"
LQD,05/13/2020,127.05,"13,404,055"
LQD,05/14/2020,128.1,"16,978,460"
LQD,05/15/2020,128.55,"17,987,448"
LQD,05/18/2020,129.28,"15,298,976"
LQD,05/19/2020,129.38,"13,528,985"
LQD,05/20/2020,130.8,"15,068,593"
LQD,05/21/2020,130.7,"11,059,197"
LQD,05/22/2020,130.7,"12,546,914"
LQD,05/26/2020,130.52,"12,865,016"
LQD,05/27/2020,131.06,"10,204,499"
LQD,05/28/2020,131.17,"12,360,948"
LQD,05/29/2020,132.02,"14,092,630"
LQD,06/01/2020,131.64,"15,415,566"
LQD,06/02/2020,132.06,"11,585,439"
LQD,06/03/2020,131.98,"15,198,192"
LQD,06/04/2020,131.58,"9,777,423"
LQD,06/05/2020,132.26,"22,147,361"
LQD,06/08/2020,132.7,"15,872,238"
LQD,06/09/2020,132.42,"17,982,197"
LQD,06/10/2020,133.29,"16,866,249"
LQD,06/11/2020,131.7,"28,279,688"
LQD,06/12/2020,132.34,"16,203,131"
LQD,06/15/2020,134.22,"24,006,369"
LQD,06/16/2020,133.85,"16,301,538"
LQD,06/17/2020,133.59,"20,132,870"
LQD,06/18/2020,133.89,"9,306,610"
LQD,06/19/2020,133.99,"13,741,429"
LQD,06/22/2020,133.86,"10,134,038"
LQD,06/23/2020,133.61,"9,381,382"
LQD,06/24/2020,133.24,"12,357,272"
LQD,06/25/2020,133.38,"19,115,283"
LQD,06/26/2020,133.5,"7,304,904"
LQD,06/29/2020,134.12,"10,954,606"
LQD,06/30/2020,134.5,"11,598,978"
LQD,07/01/2020,134.72,"11,872,557"
LQD,07/02/2020,135.05,"9,733,182"
LQD,07/06/2020,135.4,"12,706,807"
LQD,07/07/2020,135.58,"11,645,116"
LQD,07/08/2020,135.36,"10,032,985"
LQD,07/09/2020,136.12,"9,808,983"
LQD,07/10/2020,135.87,"9,043,081"
LQD,07/13/2020,135.51,"22,457,239"
LQD,07/14/2020,136.3,"12,505,560"
LQD,07/15/2020,136.57,"8,815,671"
LQD,07/16/2020,136.95,"7,761,820"
LQD,07/17/2020,137.32,"6,078,603"
LQD,07/20/2020,137.7,"7,244,318"
LQD,07/21/2020,137.88,"7,712,515"
LQD,07/22/2020,138.33,"6,229,892"
LQD,07/23/2020,138.43,"9,544,263"
LQD,07/24/2020,138.12,"9,106,546"
LQD,07/27/2020,137.7,"6,347,615"
LQD,07/28/2020,137.56,"12,922,615"
LQD,07/29/2020,138.31,"7,625,173"
LQD,07/30/2020,138.16,"8,939,909"
LQD,07/31/2020,138.35,"11,788,727"
LQD,08/03/2020,138.24,"10,916,285"
LQD,08/04/2020,138.75,"10,101,937"
LQD,08/05/2020,138.56,"11,601,952"
LQD,08/06/2020,139.15,"8,067,832"
LQD,08/07/2020,138.76,"7,405,328"
LQD,08/10/2020,138.46,"6,137,147"
LQD,08/11/2020,137.59,"12,870,521"
LQD,08/12/2020,137.25,"11,902,608"
LQD,08/13/2020,136.01,"20,754,788"
LQD,08/14/2020,135.41,"12,409,377"
LQD,08/17/2020,135.69,"9,523,060"
LQD,08/18/2020,136.08,"12,198,037"
LQD,08/19/2020,135.72,"12,168,689"
LQD,08/20/2020,136.2,"12,065,251"
LQD,08/21/2020,136.45,"6,353,926"
LQD,08/24/2020,136.21,"13,093,523"
LQD,08/25/2020,135.62,"12,191,074"
LQD,08/26/2020,135.67,"6,259,006"
LQD,08/27/2020,134.59,"12,251,098"
LQD,08/28/2020,135,"7,907,472"
LQD,08/31/2020,135.6,"11,873,982"
LQD,09/01/2020,136.16,"13,289,882"
LQD,09/02/2020,136.7,"14,236,647"
LQD,09/03/2020,136.4,"16,452,801"
LQD,09/04/2020,134.95,"13,177,975"
LQD,09/08/2020,135.08,"13,932,305"
LQD,09/09/2020,135.17,"11,639,957"
LQD,09/10/2020,135.27,"12,624,759"
LQD,09/11/2020,135.37,"9,772,962"
LQD,09/14/2020,135.71,"13,896,228"
LQD,09/15/2020,135.86,"9,388,467"
LQD,09/16/2020,135.95,"8,868,226"
LQD,09/17/2020,135.98,"12,190,385"
LQD,09/18/2020,135.73,"9,967,982"
LQD,09/21/2020,135.6,"12,081,124"
LQD,09/22/2020,135.68,"8,295,968"
LQD,09/23/2020,134.7,"17,759,951"
LQD,09/24/2020,134.36,"20,595,030"
LQD,09/25/2020,134.22,"9,793,104"
LQD,09/28/2020,134.9,"8,579,799"
LQD,09/29/2020,134.73,"8,428,623"
LQD,09/30/2020,134.71,"11,634,665"
LQD,10/01/2020,134.79,"12,642,650"
LQD,10/02/2020,134.81,"10,829,596"
LQD,10/05/2020,134.36,"10,078,674"
LQD,10/06/2020,134.25,"22,370,643"
LQD,10/07/2020,134.29,"14,745,582"
LQD,10/08/2020,134.62,"12,101,948"
LQD,10/09/2020,134.93,"9,979,739"
LQD,10/12/2020,135.71,"5,465,387"
LQD,10/13/2020,135.58,"9,228,233"
LQD,10/14/2020,135.71,"12,994,643"
LQD,10/15/2020,135.57,"13,255,883"
LQD,10/16/2020,135.34,"8,742,433"
LQD,10/19/2020,135.08,"8,634,524"
LQD,10/20/2020,134.8,"13,413,433"
LQD,10/21/2020,134.58,"8,890,069"
LQD,10/22/2020,134.28,"9,661,795"
LQD,10/23/2020,134.62,"12,010,815"
LQD,10/26/2020,134.9,"9,776,567"
LQD,10/27/2020,135.45,"7,023,753"
LQD,10/28/2020,134.78,"13,578,304"
LQD,10/29/2020,134.43,"14,744,561"
LQD,10/30/2020,133.73,"19,875,660"
LQD,11/02/2020,133.97,"18,496,389"
LQD,11/03/2020,134.1,"11,661,912"
LQD,11/04/2020,136.11,"20,019,572"
LQD,11/05/2020,136.62,"14,349,871"
LQD,11/06/2020,136.19,"11,775,954"
LQD,11/09/2020,135.16,"21,273,929"
LQD,11/10/2020,134.81,"18,849,778"
LQD,11/11/2020,135.06,"3,763,335"
LQD,11/12/2020,135.6,"16,891,516"
LQD,11/13/2020,135.76,"8,258,122"
LQD,11/16/2020,136.2,"12,742,850"
LQD,11/17/2020,136.64,"11,832,349"
LQD,11/18/2020,136.93,"11,878,355"
LQD,11/19/2020,137.69,"16,107,790"
LQD,11/20/2020,137.57,"18,308,635"
LQD,11/23/2020,137.74,"8,648,510"
LQD,11/24/2020,137.43,"11,204,391"
LQD,11/25/2020,137.51,"6,709,831"
LQD,11/27/2020,138,"3,404,832"
LQD,11/30/2020,138.48,"11,856,166"
LQD,12/01/2020,137.68,"18,933,742"
LQD,12/02/2020,137.22,"15,637,738"
LQD,12/03/2020,137.76,"18,888,672"
LQD,12/04/2020,137,"12,521,215"
LQD,12/07/2020,137.12,"16,697,447"
LQD,12/08/2020,136.96,"12,797,669"
LQD,12/09/2020,136.46,"20,824,700"
LQD,12/10/2020,137.14,"13,527,558"
LQD,12/11/2020,137.28,"9,022,995"
LQD,12/14/2020,137.18,"8,004,035"
LQD,12/15/2020,137.45,"12,254,538"
LQD,12/16/2020,137.34,"12,326,045"
LQD,12/17/2020,137.26,"12,338,840"
LQD,12/18/2020,137.16,"8,781,940"
LQD,12/21/2020,136.89,"11,925,031"
LQD,12/22/2020,137.27,"10,226,790"
LQD,12/23/2020,137.3,"7,553,144"
LQD,12/24/2020,137.77,"3,397,020"
LQD,12/28/2020,137.86,"6,279,173"
LQD,12/29/2020,137.92,"6,581,765"
LQD,12/30/2020,138.1,"5,343,075"
LQD,12/31/2020,138.13,"6,932,337"
LQD,01/04/2021,137.43,"14,891,417"
LQD,01/05/2021,136.99,"16,294,445"
LQD,01/06/2021,135.88,"19,136,594"
LQD,01/07/2021,135.86,"11,886,103"
LQD,01/08/2021,135.76,"13,341,444"
LQD,01/11/2021,135.18,"7,567,669"
LQD,01/12/2021,135.47,"16,766,161"
LQD,01/13/2021,136.52,"16,490,690"
LQD,01/14/2021,135.93,"22,050,507"
LQD,01/15/2021,136.14,"13,680,770"
LQD,01/19/2021,136.38,"12,807,581"
LQD,01/20/2021,136.34,"12,218,521"
LQD,01/21/2021,135.8,"25,084,339"
LQD,01/22/2021,135.7,"15,998,762"
LQD,01/25/2021,136.28,"14,603,692"
LQD,01/26/2021,136.27,"11,926,933"
LQD,01/27/2021,136.03,"13,822,682"
LQD,01/28/2021,135.81,"16,896,866"
LQD,01/29/2021,135.6,"18,131,561"
LQD,02/01/2021,135.6,"10,682,297"
LQD,02/02/2021,135.24,"12,710,630"
LQD,02/03/2021,134.92,"13,189,647"
LQD,02/04/2021,135.15,"10,689,561"
LQD,02/05/2021,134.79,"12,016,337"
LQD,02/08/2021,135.37,"13,460,322"
LQD,02/09/2021,135.16,"11,755,118"
LQD,02/10/2021,135.48,"9,414,542"
LQD,02/11/2021,135.12,"9,241,061"
LQD,02/12/2021,134.68,"13,717,104"
LQD,02/16/2021,133.73,"21,429,305"
LQD,02/17/2021,134.4,"16,195,358"
LQD,02/18/2021,134.14,"15,414,084"
LQD,02/19/2021,133.17,"13,678,471"
LQD,02/22/2021,132.34,"17,978,052"
LQD,02/23/2021,132.44,"23,482,689"
LQD,02/24/2021,132.64,"18,120,057"
LQD,02/25/2021,130.54,"35,471,212"
LQD,02/26/2021,132.27,"23,284,531"
LQD,03/01/2021,132.13,"23,890,795"
LQD,03/02/2021,131.98,"13,633,420"
LQD,03/03/2021,131,"24,043,346"
LQD,03/04/2021,129.93,"21,771,803"
LQD,03/05/2021,129.76,"23,789,392"
LQD,03/08/2021,128.55,"15,029,167"
LQD,03/09/2021,129.52,"21,900,250"
LQD,03/10/2021,130.13,"19,440,396"
LQD,03/11/2021,130.21,"20,622,122"
LQD,03/12/2021,128.71,"14,352,044"
LQD,03/15/2021,129.15,"10,222,167"
LQD,03/16/2021,129.06,"11,356,872"
LQD,03/17/2021,129.18,"19,086,148"
LQD,03/18/2021,128.44,"21,368,800"
LQD,03/19/2021,128.63,"19,776,137"
LQD,03/22/2021,129.09,"16,677,225"
LQD,03/23/2021,129.47,"32,228,004"
LQD,03/24/2021,129.86,"13,435,366"
LQD,03/25/2021,129.71,"12,945,956"
LQD,03/26/2021,129.62,"14,315,002"
LQD,03/29/2021,129.31,"11,279,886"
LQD,03/30/2021,129.71,"20,219,323"
LQD,03/31/2021,130.05,"23,764,639"
LQD,04/01/2021,130.61,"16,390,890"
LQD,04/05/2021,129.97,"17,015,543"
LQD,04/06/2021,130.84,"15,762,032"
LQD,04/07/2021,130.58,"10,976,494"
LQD,04/08/2021,131.06,"7,452,813"
LQD,04/09/2021,130.79,"7,568,296"
LQD,04/12/2021,130.76,"10,579,796"
LQD,04/13/2021,131.34,"9,582,185"
LQD,04/14/2021,131.16,"10,219,318"
LQD,04/15/2021,131.97,"17,234,360"
LQD,04/16/2021,131.07,"21,100,234"
LQD,04/19/2021,130.73,"10,868,231"
LQD,04/20/2021,130.98,"11,996,242"
LQD,04/21/2021,131.43,"10,473,583"
LQD,04/22/2021,131.56,"16,487,139"
LQD,04/23/2021,131.67,"15,221,710"
LQD,04/26/2021,131.61,"10,915,235"
LQD,04/27/2021,131.02,"10,418,203"
LQD,04/28/2021,131.04,"15,731,055"
LQD,04/29/2021,130.88,"11,697,274"
LQD,04/30/2021,131.15,"11,860,238"
LQD,05/03/2021,131.21,"9,029,974"
LQD,05/04/2021,131.29,"14,006,842"
LQD,05/05/2021,131.45,"8,376,618"
LQD,05/06/2021,131.7,"9,383,635"
LQD,05/07/2021,131.75,"11,267,323"
LQD,05/10/2021,131.04,"9,704,980"
LQD,05/11/2021,130.56,"12,179,353"
LQD,05/12/2021,129.85,"12,569,906"
LQD,05/13/2021,130.34,"9,508,186"
LQD,05/14/2021,131.05,"8,987,246"
LQD,05/17/2021,130.9,"6,001,588"
LQD,05/18/2021,130.47,"8,835,329"
LQD,05/19/2021,130.24,"20,069,580"
LQD,05/20/2021,131.13,"10,498,137"
LQD,05/21/2021,131.22,"7,826,209"
LQD,05/24/2021,131.58,"5,756,406"
LQD,05/25/2021,132.07,"11,427,984"
LQD,05/26/2021,132,"28,568,481"
LQD,05/27/2021,131.6,"15,033,006"
LQD,05/28/2021,131.71,"10,432,408"
LQD,06/01/2021,131.47,"6,390,641"
LQD,06/02/2021,131.68,"8,140,395"
LQD,06/03/2021,131.16,"10,028,141"
LQD,06/04/2021,132.09,"11,427,268"
LQD,06/07/2021,131.98,"5,000,052"
LQD,06/08/2021,132.48,"10,626,817"
LQD,06/09/2021,132.96,"12,152,185"
LQD,06/10/2021,133.56,"16,424,149"
LQD,06/11/2021,133.67,"12,707,031"
LQD,06/14/2021,133.18,"8,327,233"
LQD,06/15/2021,133.28,"17,848,179"
LQD,06/16/2021,132.9,"22,698,474"
LQD,06/17/2021,133.64,"22,735,768"
LQD,06/18/2021,134.34,"21,169,711"
LQD,06/21/2021,133.56,"22,491,962"
LQD,06/22/2021,133.78,"12,098,357"
LQD,06/23/2021,133.57,"12,519,110"
LQD,06/24/2021,133.83,"8,241,264"
LQD,06/25/2021,133.48,"10,981,629"
LQD,06/28/2021,134.05,"12,359,923"
LQD,06/29/2021,134.21,"11,194,380"
LQD,06/30/2021,134.36,"17,381,485"
LQD,07/01/2021,133.99,"11,062,656"
LQD,07/02/2021,134.37,"6,896,231"
LQD,07/06/2021,134.86,"11,499,912"
LQD,07/07/2021,135.32,"16,902,421"
LQD,07/08/2021,135.39,"17,494,936"
LQD,07/09/2021,134.82,"13,192,614"
LQD,07/12/2021,134.75,"12,577,252"
LQD,07/13/2021,134.25,"19,922,433"
LQD,07/14/2021,134.87,"14,420,108"
LQD,07/15/2021,135.16,"15,859,129"
LQD,07/16/2021,134.97,"9,624,562"
LQD,07/19/2021,135.94,"21,808,517"
LQD,07/20/2021,135.75,"24,764,832"
LQD,07/21/2021,135.27,"22,384,974"
LQD,07/22/2021,135.83,"6,075,016"
LQD,07/23/2021,135.77,"11,455,313"
LQD,07/26/2021,135.47,"8,684,605"
LQD,07/27/2021,136.05,"10,506,062"
LQD,07/28/2021,136.29,"12,225,669"
LQD,07/29/2021,135.9,"15,828,846"
LQD,07/30/2021,136.01,"11,148,082"
LQD,08/02/2021,136.16,"12,042,708"
LQD,08/03/2021,136.3,"13,121,742"
LQD,08/04/2021,136.33,"14,426,163"
LQD,08/05/2021,135.77,"13,960,881"
LQD,08/06/2021,134.66,"8,641,528"
LQD,08/09/2021,134.08,"14,166,739"
LQD,08/10/2021,133.78,"12,103,790"
LQD,08/11/2021,133.99,"15,902,188"
LQD,08/12/2021,134.18,"14,593,178"
LQD,08/13/2021,135.08,"17,846,573"
LQD,08/16/2021,135.16,"15,203,034"
LQD,08/17/2021,134.92,"15,055,867"
LQD,08/18/2021,134.83,"9,134,583"
LQD,08/19/2021,135.14,"15,681,567"
LQD,08/20/2021,135.23,"10,782,108"
LQD,08/23/2021,135.33,"12,064,319"
LQD,08/24/2021,135.02,"13,782,973"
LQD,08/25/2021,134.67,"15,533,629"
LQD,08/26/2021,134.63,"14,673,650"
LQD,08/27/2021,135.38,"11,670,016"
LQD,08/30/2021,135.61,"9,119,883"
LQD,08/31/2021,135.3,"15,644,698"
LQD,09/01/2021,135.24,"16,028,059"
LQD,09/02/2021,135.48,"11,822,216"
LQD,09/03/2021,134.99,"7,681,262"
LQD,09/07/2021,134.35,"14,271,426"
LQD,09/08/2021,134.78,"16,045,037"
LQD,09/09/2021,135.66,"18,014,194"
LQD,09/10/2021,135.27,"10,776,622"
LQD,09/13/2021,135.6,"13,159,771"
LQD,09/14/2021,136.01,"16,550,293"
LQD,09/15/2021,135.85,"14,194,424"
LQD,09/16/2021,135.66,"16,282,438"
LQD,09/17/2021,135.36,"15,769,645"
LQD,09/20/2021,135.78,"17,519,863"
LQD,09/21/2021,135.77,"15,834,638"
LQD,09/22/2021,136.15,"15,898,188"
LQD,09/23/2021,135.21,"14,735,489"
LQD,09/24/2021,134.92,"10,797,293"
LQD,09/27/2021,134.85,"13,104,120"
LQD,09/28/2021,133.41,"19,987,193"
LQD,09/29/2021,133.38,"14,956,274"
LQD,09/30/2021,133.03,"21,397,067"
LQD,10/01/2021,133.74,"21,381,405"
LQD,10/04/2021,133.52,"12,931,104"
LQD,10/05/2021,132.97,"14,635,373"
LQD,10/06/2021,133.01,"13,855,627"
LQD,10/07/2021,132.42,"15,805,468"
LQD,10/08/2021,131.81,"9,079,400"
LQD,10/11/2021,131.56,"4,336,988"
LQD,10/12/2021,132.4,"19,870,411"
LQD,10/13/2021,133.07,"18,260,307"
LQD,10/14/2021,133.7,"15,869,964"
LQD,10/15/2021,133.22,"13,131,678"
LQD,10/18/2021,133.11,"11,530,285"
LQD,10/19/2021,132.38,"12,213,170"
LQD,10/20/2021,132.06,"13,810,184"
LQD,10/21/2021,131.78,"13,131,004"
LQD,10/22/2021,132.31,"13,735,116"
LQD,10/25/2021,132.37,"8,206,837"
LQD,10/26/2021,132.94,"10,100,628"
LQD,10/27/2021,133.75,"15,928,275"
LQD,10/28/2021,133.55,"18,514,351"
LQD,10/29/2021,133.48,"17,367,822"
LQD,11/01/2021,132.98,"11,894,247"
LQD,11/02/2021,133.49,"18,047,623"
LQD,11/03/2021,133.15,"11,847,701"
LQD,11/04/2021,133.85,"20,135,509"
LQD,11/05/2021,134.83,"15,840,435"
LQD,11/08/2021,134.52,"8,494,187"
LQD,11/09/2021,134.88,"18,075,419"
LQD,11/10/2021,133.5,"23,397,259"
LQD,11/11/2021,133.12,"6,168,960"
LQD,11/12/2021,132.98,"11,897,111"
LQD,11/15/2021,131.97,"12,353,440"
LQD,11/16/2021,131.75,"18,709,451"
LQD,11/17/2021,132.28,"14,541,069"
LQD,11/18/2021,132.58,"14,086,145"
LQD,11/19/2021,133.08,"17,682,911"
LQD,11/22/2021,131.92,"13,745,419"
LQD,11/23/2021,130.98,"10,987,338"
LQD,11/24/2021,131.61,"14,019,912"
LQD,11/26/2021,132.68,"14,399,314"
LQD,11/29/2021,132.77,"21,231,694"
LQD,11/30/2021,133.06,"28,873,419"
LQD,12/01/2021,132.84,"18,070,804"
LQD,12/02/2021,133.15,"17,305,873"
LQD,12/03/2021,134.26,"25,740,104"
LQD,12/06/2021,133.58,"25,332,022"
LQD,12/07/2021,133.64,"17,338,158"
LQD,12/08/2021,132.75,"17,408,004"
LQD,12/09/2021,132.64,"12,348,347"
LQD,12/10/2021,132.79,"12,792,293"
LQD,12/13/2021,133.39,"10,264,235"
LQD,12/14/2021,132.79,"17,725,386"
LQD,12/15/2021,132.96,"20,585,138"
LQD,12/16/2021,132.7,"9,750,195"
LQD,12/17/2021,133.01,"8,753,079"
LQD,12/20/2021,132.43,"12,931,382"
LQD,12/21/2021,132.69,"12,933,300"
LQD,12/22/2021,132.9,"7,850,770"
LQD,12/23/2021,132.7,"8,401,171"
LQD,12/27/2021,133.09,"8,744,170"
LQD,12/28/2021,132.92,"6,864,294"
LQD,12/29/2021,132.19,"7,263,024"
LQD,12/30/2021,132.72,"5,566,952"
LQD,12/31/2021,132.52,"8,514,488"
LQD,01/03/2022,131.11,"18,199,493"
LQD,01/04/2022,131.22,"18,748,077"
LQD,01/05/2022,130.45,"16,107,538"
LQD,01/06/2022,130.28,"19,336,312"
LQD,01/07/2022,129.72,"17,750,844"
LQD,01/10/2022,129.6,"14,253,375"
LQD,01/11/2022,129.99,"17,230,972"
LQD,01/12/2022,129.9,"12,733,153"
LQD,01/13/2022,130.31,"13,468,491"
LQD,01/14/2022,129.16,"14,308,291"
LQD,01/18/2022,127.93,"15,266,620"
LQD,01/19/2022,128.13,"16,057,951"
LQD,01/20/2022,128.06,"22,915,753"
LQD,01/21/2022,128.9,"21,504,723"
LQD,01/24/2022,128.5,"22,567,073"
LQD,01/25/2022,128.14,"17,247,287"
LQD,01/26/2022,127.27,"23,220,799"
LQD,01/27/2022,127.56,"22,292,839"
LQD,01/28/2022,127.7,"21,294,223"
LQD,01/31/2022,127.76,"20,325,087"
LQD,02/01/2022,127.73,"17,587,317"
LQD,02/02/2022,127.74,"22,644,796"
LQD,02/03/2022,126.71,"23,396,815"
LQD,02/04/2022,125.45,"26,115,793"
LQD,02/07/2022,125.68,"12,756,777"
LQD,02/08/2022,125.21,"22,126,115"
LQD,02/09/2022,125.63,"19,616,444"
LQD,02/10/2022,123.92,"39,583,914"
LQD,02/11/2022,124.84,"21,553,535"
LQD,02/14/2022,123.73,"22,793,550"
LQD,02/15/2022,123.11,"15,673,685"
LQD,02/16/2022,123.29,"27,148,762"
LQD,02/17/2022,123.38,"24,384,653"
LQD,02/18/2022,123.68,"19,233,798"
LQD,02/22/2022,123.52,"18,010,965"
LQD,02/23/2022,122.4,"16,580,045"
LQD,02/24/2022,122.98,"29,244,988"
LQD,02/25/2022,123.48,"19,073,671"
LQD,02/28/2022,124.8,"23,474,498"
LQD,03/01/2022,124.97,"28,504,624"
LQD,03/02/2022,123.07,"24,849,918"
LQD,03/03/2022,123.52,"14,144,567"
LQD,03/04/2022,123.64,"17,514,787"
LQD,03/07/2022,122.14,"16,164,902"
LQD,03/08/2022,121.41,"20,045,211"
LQD,03/09/2022,121.62,"27,652,196"
LQD,03/10/2022,120.23,"34,185,884"
LQD,03/11/2022,120.18,"20,701,315"
LQD,03/14/2022,118.44,"18,624,874"
LQD,03/15/2022,119.37,"24,021,969"
LQD,03/16/2022,120.39,"32,561,808"
LQD,03/17/2022,121.57,"23,878,296"
LQD,03/18/2022,121.81,"21,675,070"
LQD,03/21/2022,120.12,"17,919,343"
LQD,03/22/2022,119.83,"16,780,940"
LQD,03/23/2022,120.17,"16,949,326"
LQD,03/24/2022,120.22,"20,466,511"
LQD,03/25/2022,119.27,"23,247,414"
LQD,03/28/2022,119.93,"18,691,119"
LQD,03/29/2022,120.94,"23,812,421"
LQD,03/30/2022,121.22,"17,696,723"
LQD,03/31/2022,120.94,"19,905,261"
LQD,04/01/2022,121.09,"16,506,874"
LQD,04/04/2022,121.51,"19,647,878"
LQD,04/05/2022,119.38,"22,750,403"
LQD,04/06/2022,118.68,"25,447,414"
LQD,04/07/2022,118.13,"21,292,702"
LQD,04/08/2022,117.2,"16,072,828"
LQD,04/11/2022,116.06,"20,685,542"
LQD,04/12/2022,116.14,"25,029,074"
LQD,04/13/2022,116.74,"21,276,165"
LQD,04/14/2022,115.38,"19,717,775"
LQD,04/18/2022,114.5,"16,576,008"
LQD,04/19/2022,113.59,"19,775,468"
LQD,04/20/2022,114.77,"21,119,393"
LQD,04/21/2022,113.55,"25,288,667"
LQD,04/22/2022,113.42,"19,927,262"
LQD,04/25/2022,114.68,"22,261,515"
LQD,04/26/2022,114.62,"22,695,325"
LQD,04/27/2022,113.52,"19,426,178"
LQD,04/28/2022,113.86,"19,645,514"
LQD,04/29/2022,112.6,"20,257,376"
LQD,05/02/2022,111.68,"17,184,325"
LQD,05/03/2022,112.4,"20,914,638"
LQD,05/04/2022,113.5,"34,240,689"
LQD,05/05/2022,111.76,"34,356,888"
LQD,05/06/2022,110.81,"15,550,450"
LQD,05/09/2022,111.2,"17,185,892"
LQD,05/10/2022,111.67,"25,650,782"
LQD,05/11/2022,112.19,"25,053,516"
LQD,05/12/2022,112.24,"22,156,359"
LQD,05/13/2022,111.65,"16,107,856"
LQD,05/16/2022,111.8,"11,980,550"
LQD,05/17/2022,111.16,"16,562,636"
LQD,05/18/2022,111.57,"16,146,364"
LQD,05/19/2022,111.87,"21,212,488"
LQD,05/20/2022,112.42,"13,906,727"
LQD,05/23/2022,112.02,"14,892,390"
LQD,05/24/2022,113.49,"17,210,432"
LQD,05/25/2022,114.66,"25,636,965"
LQD,05/26/2022,114.69,"34,022,345"
LQD,05/27/2022,115.29,"9,246,068"
LQD,05/31/2022,114.44,"20,336,865"
LQD,06/01/2022,113.5,"22,343,889"
LQD,06/02/2022,113.55,"14,823,339"
LQD,06/03/2022,113.19,"11,440,920"
LQD,06/06/2022,112.39,"12,213,935"
LQD,06/07/2022,112.99,"11,291,421"
LQD,06/08/2022,112.34,"13,730,815"
LQD,06/09/2022,111.6,"24,846,717"
LQD,06/10/2022,110.52,"36,297,857"
LQD,06/13/2022,107.97,"34,771,944"
LQD,06/14/2022,107.41,"27,320,832"
LQD,06/15/2022,109.09,"31,581,511"
LQD,06/16/2022,109.21,"30,588,294"
LQD,06/17/2022,109.43,"17,319,661"
LQD,06/21/2022,108.33,"17,031,515"
LQD,06/22/2022,109.12,"18,943,269"
LQD,06/23/2022,109.96,"30,742,180"
LQD,06/24/2022,110.09,"18,668,909"
LQD,06/27/2022,109.08,"20,847,013"
LQD,06/28/2022,109.05,"18,998,417"
LQD,06/29/2022,109.7,"10,747,072"
LQD,06/30/2022,110.03,"16,570,814"
LQD,07/01/2022,111.12,"20,179,418"
LQD,07/05/2022,111.09,"16,727,985"
LQD,07/06/2022,110.54,"17,291,335"
LQD,07/07/2022,110.53,"15,166,042"
LQD,07/08/2022,110.35,"14,384,532"
LQD,07/11/2022,110.66,"9,456,917"
LQD,07/12/2022,110.82,"18,053,616"
LQD,07/13/2022,111.65,"25,657,330"
LQD,07/14/2022,110.94,"22,978,631"
LQD,07/15/2022,111.83,"15,192,538"
LQD,07/18/2022,111.05,"15,665,485"
LQD,07/19/2022,111.36,"15,414,526"
LQD,07/20/2022,111.24,"9,888,099"
LQD,07/21/2022,112.76,"25,141,916"
LQD,07/22/2022,113.63,"16,062,435"
LQD,07/25/2022,112.67,"25,656,667"
LQD,07/26/2022,112.65,"18,514,579"
LQD,07/27/2022,113.4,"16,995,226"
LQD,07/28/2022,114.34,"17,266,713"
LQD,07/29/2022,114.61,"14,914,101"
LQD,08/01/2022,114.56,"18,348,909"
LQD,08/02/2022,113.16,"22,706,473"
LQD,08/03/2022,114.39,"19,416,501"
LQD,08/04/2022,114.57,"22,451,043"
LQD,08/05/2022,113.02,"15,893,434"
LQD,08/08/2022,113.47,"11,889,776"
LQD,08/09/2022,112.96,"17,809,029"
LQD,08/10/2022,114.03,"25,548,179"
LQD,08/11/2022,112.93,"24,970,103"
LQD,08/12/2022,114.24,"16,542,944"
LQD,08/15/2022,114.16,"10,750,250"
LQD,08/16/2022,113.72,"15,328,856"
LQD,08/17/2022,112.65,"20,836,826"
LQD,08/18/2022,112.94,"13,914,250"
LQD,08/19/2022,111.6,"17,996,714"
LQD,08/22/2022,110.85,"10,208,575"
LQD,08/23/2022,110.97,"14,517,747"
LQD,08/24/2022,110.64,"14,441,009"
LQD,08/25/2022,111.78,"33,579,218"
LQD,08/26/2022,111.11,"13,942,295"
LQD,08/29/2022,110.29,"18,372,022"
LQD,08/30/2022,110.43,"19,251,294"
LQD,08/31/2022,109.27,"19,484,350"
LQD,09/01/2022,108.31,"26,706,592"
LQD,09/02/2022,108.39,"14,458,769"
LQD,09/06/2022,106.92,"16,455,721"
LQD,09/07/2022,108.38,"21,874,290"
LQD,09/08/2022,108.13,"16,871,067"
LQD,09/09/2022,108.38,"11,911,887"
LQD,09/12/2022,108.14,"11,084,609"
LQD,09/13/2022,107.36,"19,563,394"
LQD,09/14/2022,107.87,"19,360,490"
LQD,09/15/2022,107.35,"12,947,881"
LQD,09/16/2022,107.1,"13,980,895"
LQD,09/19/2022,107.28,"13,679,567"
LQD,09/20/2022,106.21,"30,310,471"
LQD,09/21/2022,106.61,"23,883,239"
LQD,09/22/2022,105.11,"20,982,550"
LQD,09/23/2022,104.81,"18,671,316"
LQD,09/26/2022,102.99,"27,606,536"
LQD,09/27/2022,101.44,"34,683,462"
LQD,09/28/2022,103.48,"39,921,321"
LQD,09/29/2022,102.71,"30,873,036"
LQD,09/30/2022,102.45,"24,058,319"
LQD,10/03/2022,104,"27,200,861"
LQD,10/04/2022,104.48,"21,918,793"
LQD,10/05/2022,103.69,"24,999,485"
LQD,10/06/2022,103.45,"22,017,309"
LQD,10/07/2022,102.42,"20,895,656"
LQD,10/10/2022,101.5,"6,179,438"
LQD,10/11/2022,101.29,"30,332,932"
LQD,10/12/2022,101.17,"18,941,156"
LQD,10/13/2022,101.35,"20,727,746"
LQD,10/14/2022,100.38,"20,682,057"
LQD,10/17/2022,100.86,"16,585,725"
LQD,10/18/2022,101.46,"23,532,576"
LQD,10/19/2022,100.07,"16,461,788"
LQD,10/20/2022,99.2,"21,437,437"
LQD,10/21/2022,99.48,"18,871,717"
LQD,10/24/2022,99.43,"16,517,147"
LQD,10/25/2022,100.76,"23,143,136"
LQD,10/26/2022,101.22,"22,201,504"
LQD,10/27/2022,101.69,"21,002,883"
LQD,10/28/2022,101.9,"19,532,433"
LQD,10/31/2022,101.35,"21,884,105"
LQD,11/01/2022,101.77,"26,415,329"
LQD,11/02/2022,101.28,"23,175,393"
LQD,11/03/2022,100.92,"52,723,920"
LQD,11/04/2022,101.12,"16,698,160"
LQD,11/07/2022,100.75,"13,428,281"
LQD,11/08/2022,101.17,"19,206,007"
LQD,11/09/2022,100.91,"12,204,080"
LQD,11/10/2022,104.29,"28,447,717"
LQD,11/11/2022,104.57,"8,578,579"
LQD,11/14/2022,104.04,"22,501,593"
LQD,11/15/2022,105.49,"25,504,493"
LQD,11/16/2022,106.39,"24,648,838"
LQD,11/17/2022,105.82,"24,106,635"
LQD,11/18/2022,105.81,"14,214,136"
LQD,11/21/2022,105.65,"9,664,122"
LQD,11/22/2022,106.59,"15,050,372"
LQD,11/23/2022,107.66,"12,511,516"
LQD,11/25/2022,107.77,"4,413,866"
LQD,11/28/2022,106.99,"18,815,782"
LQD,11/29/2022,106.46,"23,040,034"
LQD,11/30/2022,107.76,"20,930,127"
LQD,12/01/2022,108.76,"30,830,244"
LQD,12/02/2022,109.42,"16,908,919"
LQD,12/05/2022,108.49,"19,612,021"
LQD,12/06/2022,108.82,"18,220,795"
LQD,12/07/2022,110.03,"22,116,741"
LQD,12/08/2022,109.68,"18,285,622"
LQD,12/09/2022,108.86,"15,568,806"
LQD,12/12/2022,108.72,"13,988,352"
LQD,12/13/2022,109.67,"19,976,177"
LQD,12/14/2022,109.77,"19,894,854"
LQD,12/15/2022,109.53,"16,931,212"
LQD,12/16/2022,109.06,"16,643,927"
LQD,12/19/2022,107.96,"14,746,156"
LQD,12/20/2022,106.69,"18,678,040"
LQD,12/21/2022,107.42,"15,087,958"
LQD,12/22/2022,107.39,"13,957,359"
LQD,12/23/2022,107.06,"5,992,373"
LQD,12/27/2022,105.68,"10,456,237"
LQD,12/28/2022,105.35,"10,050,851"
LQD,12/29/2022,106.1,"14,253,319"
LQD,12/30/2022,105.43,"8,528,240"
LQD,01/03/2023,106.16,"15,589,919"
LQD,01/04/2023,106.93,"13,951,910"
LQD,01/05/2023,106.85,"9,848,140"
LQD,01/06/2023,108.6,"20,695,578"
LQD,01/09/2023,109.03,"20,449,772"
LQD,01/10/2023,108.66,"19,225,234"
LQD,01/11/2023,109.59,"19,541,687"
LQD,01/12/2023,110.83,"18,372,676"
LQD,01/13/2023,110.47,"21,077,699"
LQD,01/17/2023,110.07,"20,745,088"
LQD,01/18/2023,111.36,"27,794,606"
LQD,01/19/2023,111.13,"18,085,791"
LQD,01/20/2023,110.55,"15,439,993"
LQD,01/23/2023,110.23,"18,814,703"
LQD,01/24/2023,110.81,"12,419,659"
LQD,01/25/2023,110.86,"15,449,981"
LQD,01/26/2023,110.82,"13,250,343"
LQD,01/27/2023,110.5,"8,924,933"
LQD,01/30/2023,110.08,"20,019,840"
LQD,01/31/2023,110.87,"27,212,326"
LQD,02/01/2023,111.65,"29,127,269"
LQD,02/02/2023,111.81,"18,958,917"
LQD,02/03/2023,110.54,"16,053,916"
LQD,02/06/2023,109.69,"18,455,449"
LQD,02/07/2023,109.33,"25,191,283"
LQD,02/08/2023,109.44,"16,484,353"
LQD,02/09/2023,108.52,"21,637,539"
LQD,02/10/2023,107.76,"16,092,105"
LQD,02/13/2023,108.16,"32,223,579"
LQD,02/14/2023,107.89,"31,922,257"
LQD,02/15/2023,107.48,"24,337,613"
LQD,02/16/2023,106.62,"27,910,018"
LQD,02/17/2023,107.04,"18,528,940"
LQD,02/21/2023,105.52,"21,136,090"
LQD,02/22/2023,105.82,"20,971,723"
LQD,02/23/2023,106.65,"21,144,613"
LQD,02/24/2023,105.85,"26,721,096"
LQD,02/27/2023,105.88,"19,660,697"
LQD,02/28/2023,105.92,"18,239,108"
LQD,03/01/2023,104.89,"27,249,562"
LQD,03/02/2023,104.98,"23,715,117"
LQD,03/03/2023,106.17,"27,316,907"
LQD,03/06/2023,105.88,"14,688,597"
LQD,03/07/2023,105.58,"22,431,808"
LQD,03/08/2023,105.41,"29,396,507"
LQD,03/09/2023,105.31,"24,552,458"
LQD,03/10/2023,106.82,"36,906,039"
LQD,03/13/2023,106.91,"47,445,645"
LQD,03/14/2023,106.59,"49,782,092"
LQD,03/15/2023,107.61,"50,591,519"
LQD,03/16/2023,107.45,"37,961,938"
LQD,03/17/2023,107.99,"32,011,561"
LQD,03/20/2023,107.67,"24,035,091"
LQD,03/21/2023,108.19,"29,109,385"
LQD,03/22/2023,108.82,"31,434,683"
LQD,03/23/2023,109.13,"28,703,818"
LQD,03/24/2023,109.47,"26,204,076"
LQD,03/27/2023,108.16,"16,527,896"
LQD,03/28/2023,107.98,"14,138,026"
LQD,03/29/2023,108.48,"17,505,987"
LQD,03/30/2023,108.63,"18,267,184"
LQD,03/31/2023,109.61,"19,187,433"
LQD,04/03/2023,109.93,"20,093,549"
LQD,04/04/2023,110.07,"20,317,725"
LQD,04/05/2023,110.43,"14,674,821"
LQD,04/06/2023,110.33,"14,191,317"
LQD,04/10/2023,109.82,"10,825,516"
LQD,04/11/2023,109.79,"14,510,124"
LQD,04/12/2023,109.56,"20,049,150"
LQD,04/13/2023,109.75,"18,589,080"
LQD,04/14/2023,109.39,"16,218,945"
LQD,04/17/2023,108.7,"11,891,447"
LQD,04/18/2023,109.06,"10,522,421"
LQD,04/19/2023,108.52,"14,023,702"
LQD,04/20/2023,108.93,"16,076,093"
LQD,04/21/2023,109,"18,480,672"
LQD,04/24/2023,109.48,"7,974,329"
LQD,04/25/2023,109.96,"17,038,774"
LQD,04/26/2023,109.48,"19,635,158"
LQD,04/27/2023,109.08,"14,629,664"
LQD,04/28/2023,109.93,"18,882,089"
LQD,05/01/2023,107.79,"20,790,012"
LQD,05/02/2023,109.09,"21,547,123"
LQD,05/03/2023,109.27,"15,750,834"
LQD,05/04/2023,108.97,"17,811,686"
LQD,05/05/2023,108.54,"12,130,996"
LQD,05/08/2023,107.76,"16,424,827"
LQD,05/09/2023,107.72,"15,860,273"
LQD,05/10/2023,108.57,"15,815,728"
LQD,05/11/2023,108.99,"12,261,773"
LQD,05/12/2023,108.32,"10,797,191"
LQD,05/15/2023,107.74,"20,334,841"
LQD,05/16/2023,107.2,"25,934,843"
LQD,05/17/2023,107.19,"25,387,071"
LQD,05/18/2023,106.74,"21,383,492"
LQD,05/19/2023,106.61,"22,194,580"
LQD,05/22/2023,106.57,"15,526,846"
LQD,05/23/2023,106.79,"15,529,271"
LQD,05/24/2023,106.37,"16,688,864"
LQD,05/25/2023,106.02,"18,743,442"
LQD,05/26/2023,106.47,"15,848,539"
LQD,05/30/2023,107.27,"21,581,395"
LQD,05/31/2023,107.62,"24,052,320"
LQD,06/01/2023,107.6,"26,084,470"
LQD,06/02/2023,107.31,"17,086,644"
LQD,06/05/2023,107.08,"15,803,464"
LQD,06/06/2023,107.29,"25,228,380"
LQD,06/07/2023,106.33,"26,526,735"
LQD,06/08/2023,107.04,"16,579,930"
LQD,06/09/2023,106.76,"12,059,963"
LQD,06/12/2023,107.1,"14,229,484"
LQD,06/13/2023,106.62,"19,385,201"
LQD,06/14/2023,106.95,"30,280,078"
LQD,06/15/2023,107.88,"23,426,243"
LQD,06/16/2023,107.69,"13,184,485"
LQD,06/20/2023,108.08,"22,272,709"
LQD,06/21/2023,107.96,"17,521,727"
LQD,06/22/2023,107.4,"16,007,948"
LQD,06/23/2023,107.7,"13,102,780"
LQD,06/26/2023,107.82,"14,642,282"
LQD,06/27/2023,107.7,"15,749,308"
LQD,06/28/2023,108.17,"17,806,179"
LQD,06/29/2023,107.35,"25,554,520"
LQD,06/30/2023,108.14,"20,938,605"
LQD,07/03/2023,107.49,"11,810,764"
LQD,07/05/2023,106.72,"21,463,297"
LQD,07/06/2023,105.64,"35,240,761"
LQD,07/07/2023,105.54,"17,148,043"
LQD,07/10/2023,106.09,"16,360,590"
LQD,07/11/2023,106.59,"21,694,276"
LQD,07/12/2023,107.53,"23,217,323"
LQD,07/13/2023,108.29,"21,637,478"
LQD,07/14/2023,107.45,"23,783,985"
LQD,07/17/2023,107.63,"12,260,069"
LQD,07/18/2023,107.9,"17,440,605"
LQD,07/19/2023,108.51,"20,871,577"
LQD,07/20/2023,107.78,"37,868,031"
LQD,07/21/2023,107.97,"16,517,761"
LQD,07/24/2023,107.84,"17,999,418"
LQD,07/25/2023,107.67,"15,029,836"
LQD,07/26/2023,108.17,"17,816,824"
LQD,07/27/2023,106.85,"29,142,590"
LQD,07/28/2023,107.55,"18,719,320"
LQD,07/31/2023,107.85,"24,906,680"
LQD,08/01/2023,106.41,"22,977,747"
LQD,08/02/2023,105.76,"28,516,755"
LQD,08/03/2023,104.81,"27,632,719"
LQD,08/04/2023,105.9,"19,998,860"
LQD,08/07/2023,105.64,"10,726,335"
LQD,08/08/2023,106.06,"17,616,242"
LQD,08/09/2023,106.16,"11,514,151"
LQD,08/10/2023,105.41,"22,056,382"
LQD,08/11/2023,105.05,"12,803,159"
LQD,08/14/2023,105.01,"9,829,320"
LQD,08/15/2023,104.46,"17,279,943"
LQD,08/16/2023,103.99,"20,773,783"
LQD,08/17/2023,103.71,"29,797,481"
LQD,08/18/2023,104.1,"17,884,061"
LQD,08/21/2023,103.48,"19,065,251"
LQD,08/22/2023,103.8,"18,361,542"
LQD,08/23/2023,105.26,"22,620,400"
LQD,08/24/2023,104.9,"20,129,921"
LQD,08/25/2023,104.96,"18,521,446"
LQD,08/28/2023,105.29,"15,210,272"
LQD,08/29/2023,106.13,"21,843,261"
LQD,08/30/2023,105.98,"21,533,561"
LQD,08/31/2023,106.16,"20,534,833"
LQD,09/01/2023,105.03,"16,514,228"
LQD,09/05/2023,104.28,"16,272,782"
LQD,09/06/2023,104.18,"17,733,843"
LQD,09/07/2023,104.64,"17,295,620"
LQD,09/08/2023,104.72,"18,608,841"
LQD,09/11/2023,104.52,"13,686,285"
LQD,09/12/2023,104.49,"15,839,829"
LQD,09/13/2023,104.72,"19,975,313"
LQD,09/14/2023,104.53,"16,820,958"
LQD,09/15/2023,104.37,"21,796,374"
LQD,09/18/2023,104.57,"12,182,228"
LQD,09/19/2023,104.22,"14,577,789"
LQD,09/20/2023,104.26,"23,736,838"
LQD,09/21/2023,103.21,"30,183,775"
LQD,09/22/2023,103.84,"21,849,142"
LQD,09/25/2023,102.83,"25,968,614"
LQD,09/26/2023,102.54,"38,946,539"
LQD,09/27/2023,102.06,"35,741,173"
LQD,09/28/2023,102.24,"34,650,088"
LQD,09/29/2023,102.02,"28,143,009"
LQD,10/02/2023,100.69,"18,787,795"
LQD,10/03/2023,99.53,"30,830,270"
LQD,10/04/2023,100.4,"25,863,629"
LQD,10/05/2023,100.28,"21,155,708"
LQD,10/06/2023,99.98,"21,668,018"
LQD,10/09/2023,101.22,"6,398,571"
LQD,10/10/2023,101.26,"23,168,143"
LQD,10/11/2023,101.88,"22,655,869"
LQD,10/12/2023,100.82,"27,899,886"
LQD,10/13/2023,101.38,"20,716,420"
LQD,10/16/2023,100.68,"25,991,987"
LQD,10/17/2023,99.88,"24,273,488"
LQD,10/18/2023,99.08,"31,690,818"
LQD,10/19/2023,98.28,"41,211,753"
LQD,10/20/2023,98.67,"27,130,835"
LQD,10/23/2023,99.44,"21,103,097"
LQD,10/24/2023,100,"24,517,558"
LQD,10/25/2023,99.09,"20,957,053"
LQD,10/26/2023,99.81,"28,046,133"
LQD,10/27/2023,99.61,"21,362,859"
LQD,10/30/2023,99.31,"20,961,735"
LQD,10/31/2023,99.17,"28,805,715"
LQD,11/01/2023,100.22,"32,111,812"
LQD,11/02/2023,101.41,"31,295,479"
LQD,11/03/2023,101.91,"38,496,180"
LQD,11/06/2023,101.37,"17,827,753"
LQD,11/07/2023,102.18,"25,518,156"
LQD,11/08/2023,102.7,"26,997,081"
LQD,11/09/2023,101.66,"23,864,124"
LQD,11/10/2023,102.17,"18,498,890"
LQD,11/13/2023,102.18,"21,439,195"
LQD,11/14/2023,103.78,"28,387,852"
LQD,11/15/2023,103.24,"23,895,027"
LQD,11/16/2023,104.09,"21,223,007"
LQD,11/17/2023,104.39,"25,810,183"
LQD,11/20/2023,104.81,"18,529,499"
LQD,11/21/2023,104.84,"20,273,258"
LQD,11/22/2023,105.26,"18,587,992"
LQD,11/24/2023,104.72,"6,391,351"
LQD,11/27/2023,105.57,"17,919,475"
LQD,11/28/2023,105.99,"21,320,767"
LQD,11/29/2023,106.85,"20,661,847"
LQD,11/30/2023,106.29,"41,950,881"
LQD,12/01/2023,107.17,"27,733,665"
LQD,12/04/2023,106.68,"28,914,318"
LQD,12/05/2023,107.53,"33,315,192"
LQD,12/06/2023,107.93,"22,544,326"
LQD,12/07/2023,107.94,"20,253,370"
LQD,12/08/2023,107.36,"21,624,193"
LQD,12/11/2023,107.33,"17,714,571"
LQD,12/12/2023,107.94,"22,111,087"
LQD,12/13/2023,109.75,"33,623,567"
LQD,12/14/2023,110.52,"28,202,255"
LQD,12/15/2023,110.36,"17,904,113"
LQD,12/18/2023,109.9,"19,714,482"
LQD,12/19/2023,110.04,"18,086,971"
LQD,12/20/2023,110.33,"23,942,016"
LQD,12/21/2023,110.29,"24,168,326"
LQD,12/22/2023,110.1,"11,037,070"
LQD,12/26/2023,110.33,"5,815,964"
LQD,12/27/2023,111.36,"13,646,463"
LQD,12/28/2023,111.07,"14,288,798"
LQD,12/29/2023,110.66,"17,956,653"
LQD,01/02/2024,109.91,"20,621,993"
LQD,01/03/2024,109.66,"35,384,946"
LQD,01/04/2024,109.05,"43,111,289"
LQD,01/05/2024,108.66,"24,385,518"
LQD,01/08/2024,109.49,"29,182,274"
LQD,01/09/2024,109.68,"55,126,300"
LQD,01/10/2024,109.54,"32,323,509"
LQD,01/11/2024,110.2,"50,960,894"
LQD,01/12/2024,110.44,"30,478,998"
LQD,01/16/2024,109.32,"27,124,579"
LQD,01/17/2024,109.09,"34,413,972"
LQD,01/18/2024,108.88,"28,325,149"
LQD,01/19/2024,108.99,"25,621,460"
LQD,01/22/2024,109.29,"17,679,886"
LQD,01/23/2024,108.89,"25,439,515"
LQD,01/24/2024,108.68,"26,828,270"
LQD,01/25/2024,109.4,"39,484,055"
LQD,01/26/2024,109.09,"26,642,316"
LQD,01/29/2024,109.54,"26,937,649"
LQD,01/30/2024,109.89,"30,459,195"
LQD,01/31/2024,110.17,"44,733,049"
LQD,02/01/2024,110.63,"42,478,592"
LQD,02/02/2024,109.62,"39,604,957"
LQD,02/05/2024,108.57,"39,266,789"
LQD,02/06/2024,109.18,"26,095,192"
LQD,02/07/2024,108.86,"23,574,230"
LQD,02/08/2024,108.3,"26,063,944"
LQD,02/09/2024,108.16,"19,029,163"
LQD,02/12/2024,108.17,"30,378,950"
LQD,02/13/2024,106.98,"41,494,173"
LQD,02/14/2024,107.48,"41,932,191"
LQD,02/15/2024,107.87,"33,255,171"
LQD,02/16/2024,107.48,"26,190,027"
LQD,02/20/2024,107.84,"22,386,700"
LQD,02/21/2024,107.57,"23,606,159"
LQD,02/22/2024,107.74,"28,705,855"
LQD,02/23/2024,108.06,"29,856,382"
LQD,02/26/2024,107.72,"26,696,254"
LQD,02/27/2024,107.57,"33,453,787"
LQD,02/28/2024,107.56,"32,713,529"
LQD,02/29/2024,107.66,"45,656,382"
LQD,03/01/2024,107.92,"42,971,624"
LQD,03/04/2024,107.72,"31,472,003"
LQD,03/05/2024,108.31,"33,394,272"
LQD,03/06/2024,108.6,"33,176,944"
LQD,03/07/2024,108.87,"22,875,723"
LQD,03/08/2024,109.02,"29,591,108"
LQD,03/11/2024,109.04,"25,360,230"
LQD,03/12/2024,108.69,"30,852,137"
LQD,03/13/2024,108.58,"30,789,913"
LQD,03/14/2024,107.78,"48,815,400"
LQD,03/15/2024,107.81,"34,525,581"
LQD,03/18/2024,107.63,"18,279,958"
LQD,03/19/2024,107.94,"22,720,981"
LQD,03/20/2024,108.14,"41,915,439"
LQD,03/21/2024,108.3,"26,546,665"
LQD,03/22/2024,108.67,"20,877,585"
LQD,03/25/2024,108.3,"23,291,096"
LQD,03/26/2024,108.27,"27,266,674"
LQD,03/27/2024,109.02,"30,600,504"
LQD,03/28/2024,108.92,"23,066,240"
LQD,04/01/2024,107.47,"20,817,224"
LQD,04/02/2024,107.31,"32,433,906"
LQD,04/03/2024,107.38,"25,198,652"
LQD,04/04/2024,107.5,"31,423,843"
LQD,04/05/2024,107.03,"25,134,883"
LQD,04/08/2024,107.02,"37,054,451"
LQD,04/09/2024,107.57,"21,967,289"
LQD,04/10/2024,106.04,"45,351,668"
LQD,04/11/2024,105.82,"38,047,922"
LQD,04/12/2024,106.06,"35,119,715"
LQD,04/15/2024,104.89,"27,018,476"
LQD,04/16/2024,104.54,"34,191,583"
LQD,04/17/2024,105.11,"26,726,269"
LQD,04/18/2024,104.9,"25,998,033"
LQD,04/19/2024,105.01,"20,265,571"
LQD,04/22/2024,105.27,"26,642,442"
LQD,04/23/2024,105.45,"26,338,808"
LQD,04/24/2024,105.04,"24,538,378"
LQD,04/25/2024,104.73,"29,826,535"
LQD,04/26/2024,105.13,"11,784,062"
LQD,04/29/2024,105.57,"18,052,124"
LQD,04/30/2024,104.99,"26,008,075"
LQD,05/01/2024,105.01,"30,342,950"
LQD,05/02/2024,105.66,"28,044,339"
LQD,05/03/2024,106.4,"24,166,830"
LQD,05/06/2024,106.7,"18,519,817"
LQD,05/07/2024,106.75,"28,680,400"
LQD,05/08/2024,106.48,"19,757,591"
LQD,05/09/2024,106.65,"25,443,671"
LQD,05/10/2024,106.31,"16,291,464"
LQD,05/13/2024,106.35,"20,464,158"
LQD,05/14/2024,106.66,"25,440,420"
LQD,05/15/2024,107.61,"33,780,939"
LQD,05/16/2024,107.44,"23,586,569"
LQD,05/17/2024,107.19,"21,862,769"
LQD,05/20/2024,107.14,"17,885,197"
LQD,05/21/2024,107.32,"17,412,027"
LQD,05/22/2024,107.16,"26,735,598"
LQD,05/23/2024,106.69,"24,876,093"
LQD,05/24/2024,106.98,"11,189,545"
LQD,05/28/2024,106.34,"15,989,604"
LQD,05/29/2024,105.77,"30,016,076"
LQD,05/30/2024,106.42,"21,036,461"
LQD,05/31/2024,106.89,"19,901,445"
LQD,06/03/2024,107.22,"20,154,861"
LQD,06/04/2024,107.64,"24,545,216"
LQD,06/05/2024,108,"26,584,737"
LQD,06/06/2024,107.93,"22,687,053"
LQD,06/07/2024,106.96,"26,228,653"
LQD,06/10/2024,106.74,"19,537,935"
LQD,06/11/2024,107.2,"19,042,639"
LQD,06/12/2024,107.86,"27,209,394"
LQD,06/13/2024,108.37,"26,782,664"
LQD,06/14/2024,108.46,"28,561,920"
LQD,06/17/2024,107.95,"24,678,709"
LQD,06/18/2024,108.45,"25,576,574"
LQD,06/20/2024,108.09,"21,206,307"
LQD,06/21/2024,108.12,"20,988,198"
LQD,06/24/2024,108.23,"18,597,580"
LQD,06/25/2024,108.19,"16,359,902"
LQD,06/26/2024,107.6,"26,381,309"
LQD,06/27/2024,107.81,"19,939,415"
LQD,06/28/2024,107.12,"27,395,846"
LQD,07/01/2024,106.11,"22,429,123"
LQD,07/02/2024,106.79,"19,845,728"
LQD,07/03/2024,107.58,"14,318,907"
LQD,07/05/2024,108.14,"18,800,324"
LQD,07/08/2024,108.13,"18,136,674"
LQD,07/09/2024,107.93,"20,384,666"
LQD,07/10/2024,108.19,"17,263,192"
LQD,07/11/2024,108.77,"31,412,714"
LQD,07/12/2024,109.17,"20,301,345"
LQD,07/15/2024,108.57,"18,291,452"
LQD,07/16/2024,109.2,"20,090,699"
LQD,07/17/2024,109.25,"21,313,527"
LQD,07/18/2024,108.78,"28,091,702"
LQD,07/19/2024,108.38,"16,576,793"
LQD,07/22/2024,108.32,"22,556,791"
LQD,07/23/2024,108.24,"24,425,743"
LQD,07/24/2024,107.58,"27,876,352"
LQD,07/25/2024,108.01,"29,760,448"
LQD,07/26/2024,108.61,"21,119,897"
LQD,07/29/2024,108.84,"24,734,555"
LQD,07/30/2024,108.93,"14,952,038"
LQD,07/31/2024,109.56,"29,226,938"
LQD,08/01/2024,109.53,"34,564,676"
LQD,08/02/2024,110.6,"46,697,930"
LQD,08/05/2024,110.32,"56,991,106"
LQD,08/06/2024,109.6,"47,432,503"
LQD,08/07/2024,109.1,"46,819,003"
LQD,08/08/2024,109.15,"23,536,781"
LQD,08/09/2024,109.71,"23,199,741"
LQD,08/12/2024,109.94,"24,281,810"
LQD,08/13/2024,110.71,"31,245,031"
LQD,08/14/2024,111.2,"28,985,604"
LQD,08/15/2024,110.86,"29,441,628"
LQD,08/16/2024,111.19,"21,411,551"
LQD,08/19/2024,111.45,"16,004,099"
LQD,08/20/2024,111.74,"27,114,144"
LQD,08/21/2024,111.99,"23,819,078"
LQD,08/22/2024,111.53,"17,926,327"
LQD,08/23/2024,112.17,"22,650,181"
LQD,08/26/2024,112.03,"15,312,661"
LQD,08/27/2024,111.94,"15,922,739"
LQD,08/28/2024,111.71,"21,724,815"
LQD,08/29/2024,111.52,"20,079,395"
LQD,08/30/2024,111.21,"25,275,521"
LQD,09/03/2024,111.14,"27,734,581"
LQD,09/04/2024,111.83,"31,897,861"
LQD,09/05/2024,112.38,"35,538,517"
LQD,09/06/2024,112.33,"42,004,643"
LQD,09/09/2024,112.58,"35,440,327"
LQD,09/10/2024,112.89,"30,489,502"
LQD,09/11/2024,112.94,"36,948,020"
LQD,09/12/2024,112.86,"30,368,279"
LQD,09/13/2024,113.21,"25,536,631"
LQD,09/16/2024,113.71,"25,464,786"
LQD,09/17/2024,113.72,"31,732,768"
LQD,09/18/2024,113.25,"35,015,472"
LQD,09/19/2024,113.35,"31,099,065"
LQD,09/20/2024,113.45,"29,958,880"
LQD,09/23/2024,113.29,"22,635,557"
LQD,09/24/2024,113.48,"24,719,872"
LQD,09/25/2024,112.81,"32,881,289"
LQD,09/26/2024,112.81,"20,877,082"
LQD,09/27/2024,113.26,"25,231,961"
LQD,09/30/2024,112.98,"22,731,245"
LQD,10/01/2024,113.11,"36,591,428"
LQD,10/02/2024,112.86,"29,446,703"
LQD,10/03/2024,112.13,"24,163,168"
LQD,10/04/2024,111.52,"33,856,635"
LQD,10/07/2024,110.95,"27,106,315"
LQD,10/08/2024,111.17,"27,315,986"
LQD,10/09/2024,110.95,"29,951,942"
LQD,10/10/2024,110.83,"25,932,549"
LQD,10/11/2024,110.81,"20,078,969"
LQD,10/14/2024,110.82,"4,335,426"
LQD,10/15/2024,111.36,"28,275,244"
LQD,10/16/2024,111.71,"20,474,307"
LQD,10/17/2024,110.88,"31,367,343"
LQD,10/18/2024,110.75,"27,372,431"
LQD,10/21/2024,109.62,"28,320,420"
LQD,10/22/2024,109.61,"26,001,166"
LQD,10/23/2024,109.24,"25,425,832"
LQD,10/24/2024,109.57,"21,021,139"
LQD,10/25/2024,109.31,"16,041,032"
LQD,10/28/2024,109.22,"20,935,192"
LQD,10/29/2024,109.35,"24,075,751"
LQD,10/30/2024,109.21,"25,259,113"
LQD,10/31/2024,108.99,"29,424,395"
LQD,11/01/2024,108.01,"25,142,224"
LQD,11/04/2024,108.81,"24,713,536"
LQD,11/05/2024,109.33,"23,732,497"
LQD,11/06/2024,108.19,"38,097,908"
LQD,11/07/2024,109.47,"24,596,653"
LQD,11/08/2024,109.85,"21,113,584"
LQD,11/11/2024,109.64,"7,971,121"
LQD,11/12/2024,108.65,"36,203,321"
LQD,11/13/2024,108.24,"22,942,486"
LQD,11/14/2024,108.21,"26,889,138"
LQD,11/15/2024,108.26,"27,296,423"
LQD,11/18/2024,108.46,"19,399,072"
LQD,11/19/2024,108.69,"21,473,203"
LQD,11/20/2024,108.43,"24,792,234"
LQD,11/21/2024,108.3,"22,507,415"
LQD,11/22/2024,108.4,"13,812,969"
LQD,11/25/2024,109.75,"21,678,022"
LQD,11/26/2024,109.47,"25,005,440"
LQD,11/27/2024,109.87,"23,583,976"
LQD,11/29/2024,110.55,"11,838,905"
LQD,12/02/2024,110.34,"33,409,424"
LQD,12/03/2024,109.95,"27,394,750"
LQD,12/04/2024,110.48,"22,704,098"
LQD,12/05/2024,110.45,"16,792,679"
LQD,12/06/2024,110.7,"16,668,798"
LQD,12/09/2024,110.42,"21,149,331"
LQD,12/10/2024,110.25,"19,497,647"
LQD,12/11/2024,109.95,"24,516,499"
LQD,12/12/2024,109.33,"24,747,647"
LQD,12/13/2024,108.72,"13,195,029"
LQD,12/16/2024,108.86,"18,893,014"
LQD,12/17/2024,108.87,"29,945,779"
LQD,12/18/2024,107.14,"36,753,889"
LQD,12/19/2024,106.56,"40,480,347"
LQD,12/20/2024,106.98,"27,608,255"
LQD,12/23/2024,106.67,"13,091,761"
LQD,12/24/2024,107,"6,215,326"
LQD,12/26/2024,107.1,"12,454,764"
LQD,12/27/2024,106.65,"13,908,392"
LQD,12/30/2024,107.11,"9,141,366"
LQD,12/31/2024,106.84,"10,768,679"
MUB,01/03/2011,99.57,"239,426"
MUB,01/04/2011,99.86,"228,381"
MUB,01/05/2011,99.41,"258,338"
MUB,01/06/2011,99.13,"141,434"
MUB,01/07/2011,99.22,"185,126"
MUB,01/10/2011,99.065,"174,672"
MUB,01/11/2011,99.05,"182,598"
MUB,01/12/2011,98.44,"219,697"
MUB,01/13/2011,97.31,"472,709"
MUB,01/14/2011,96.26,"772,432"
MUB,01/18/2011,97.37,"643,568"
MUB,01/19/2011,97.53,"357,682"
MUB,01/20/2011,97.49,"289,753"
MUB,01/21/2011,98.34,"347,038"
MUB,01/24/2011,98.83,"412,600"
MUB,01/25/2011,98.72,"384,983"
MUB,01/26/2011,99.455,"620,030"
MUB,01/27/2011,99.33,"272,305"
MUB,01/28/2011,99.53,"316,886"
MUB,01/31/2011,99,"255,442"
MUB,02/01/2011,99.18,"201,248"
MUB,02/02/2011,98.87,"116,005"
MUB,02/03/2011,98.74,"121,863"
MUB,02/04/2011,98.5,"154,616"
MUB,02/07/2011,98.56,"868,185"
MUB,02/08/2011,98.52,"220,703"
MUB,02/09/2011,98.8,"167,692"
MUB,02/10/2011,99.2,"208,654"
MUB,02/11/2011,100.79,"623,481"
MUB,02/14/2011,99.75,"428,665"
MUB,02/15/2011,99.61,"261,738"
MUB,02/16/2011,99.41,"206,897"
MUB,02/17/2011,100,"185,155"
MUB,02/18/2011,100.19,"174,672"
MUB,02/22/2011,99.72,"209,845"
MUB,02/23/2011,100,"249,780"
MUB,02/24/2011,100.51,"188,775"
MUB,02/25/2011,100.6722,"126,572"
MUB,02/28/2011,100.96,"158,188"
MUB,03/01/2011,100.46,"174,555"
MUB,03/02/2011,100.2,"75,113"
MUB,03/03/2011,100.31,"126,598"
MUB,03/04/2011,99.98,"188,873"
MUB,03/07/2011,99.34,"222,981"
MUB,03/08/2011,99.7244,"128,544"
MUB,03/09/2011,99.94,"123,279"
MUB,03/10/2011,100.03,"143,022"
MUB,03/11/2011,99.9,"115,425"
MUB,03/14/2011,99.8,"64,094"
MUB,03/15/2011,100.03,"138,564"
MUB,03/16/2011,100.39,"146,682"
MUB,03/17/2011,100.26,"132,639"
MUB,03/18/2011,100.235,"90,605"
MUB,03/21/2011,100.24,"86,394"
MUB,03/22/2011,99.858,"106,466"
MUB,03/23/2011,100,"110,791"
MUB,03/24/2011,99.86,"87,360"
MUB,03/25/2011,99.82,"64,567"
MUB,03/28/2011,99.860001,"73,923"
MUB,03/29/2011,99.69,"133,248"
MUB,03/30/2011,99.6,"121,978"
MUB,03/31/2011,99.45,"93,519"
MUB,04/01/2011,99.68,"567,135"
MUB,04/04/2011,99.6,"67,887"
MUB,04/05/2011,99.6,"77,476"
MUB,04/06/2011,99.2,"105,012"
MUB,04/07/2011,99.715,"212,530"
MUB,04/08/2011,99.54,"70,652"
MUB,04/11/2011,99.62,"64,046"
MUB,04/12/2011,99.79,"106,358"
MUB,04/13/2011,99.79,"60,890"
MUB,04/14/2011,99.94,"71,798"
MUB,04/15/2011,100.38,"174,573"
MUB,04/18/2011,100.52,"87,076"
MUB,04/19/2011,100.75,"340,204"
MUB,04/20/2011,100.8,"67,578"
MUB,04/21/2011,100.9,"105,495"
MUB,04/25/2011,101.08,"132,258"
MUB,04/26/2011,101.3,"59,930"
MUB,04/27/2011,101.44,"73,483"
MUB,04/28/2011,101.69,"154,922"
MUB,04/29/2011,101.889,"92,641"
MUB,05/02/2011,101.71,"107,241"
MUB,05/03/2011,101.67,"93,002"
MUB,05/04/2011,102,"85,972"
MUB,05/05/2011,102.25,"139,985"
MUB,05/06/2011,102.24,"76,021"
MUB,05/09/2011,102.34,"222,765"
MUB,05/10/2011,102.35,"167,304"
MUB,05/11/2011,102.58,"52,200"
MUB,05/12/2011,103.15,"167,275"
MUB,05/13/2011,103.2884,"81,557"
MUB,05/16/2011,103.22,"73,958"
MUB,05/17/2011,103.797,"157,906"
MUB,05/18/2011,103.6029,"106,573"
MUB,05/19/2011,103.25,"80,142"
MUB,05/20/2011,103.04,"85,210"
MUB,05/23/2011,103.319,"192,380"
MUB,05/24/2011,103.5404,"98,334"
MUB,05/25/2011,103.125,"121,069"
MUB,05/26/2011,103.3,"80,807"
MUB,05/27/2011,103.55,"483,808"
MUB,05/31/2011,103.95,"366,039"
MUB,06/01/2011,103.57,"92,549"
MUB,06/02/2011,103.76,"77,605"
MUB,06/03/2011,103.8,"136,911"
MUB,06/06/2011,103.61,"86,157"
MUB,06/07/2011,103.61,"83,924"
MUB,06/08/2011,103.75,"59,408"
MUB,06/09/2011,103.62,"144,220"
MUB,06/10/2011,103.27,"130,781"
MUB,06/13/2011,103.08,"150,066"
MUB,06/14/2011,103.199997,"56,943"
MUB,06/15/2011,103.14,"58,898"
MUB,06/16/2011,103.56,"64,669"
MUB,06/17/2011,103.55,"48,332"
MUB,06/20/2011,103.58,"47,631"
MUB,06/21/2011,103.86,"135,924"
MUB,06/22/2011,103.760002,"60,801"
MUB,06/23/2011,103.690002,"108,298"
MUB,06/24/2011,103.88,"84,027"
MUB,06/27/2011,103.94,"55,841"
MUB,06/28/2011,103.74,"172,561"
MUB,06/29/2011,103.38,"52,086"
MUB,06/30/2011,103.51,"84,291"
MUB,07/01/2011,102.89,"117,031"
MUB,07/05/2011,102.98,"160,762"
MUB,07/06/2011,103.07,"80,645"
MUB,07/07/2011,102.85,"191,619"
MUB,07/08/2011,102.87,"141,878"
MUB,07/11/2011,103.61,"70,070"
MUB,07/12/2011,103.65,"93,073"
MUB,07/13/2011,103.9,"65,343"
MUB,07/14/2011,103.77,"42,929"
MUB,07/15/2011,103.8399,"41,435"
MUB,07/18/2011,103.7,"90,231"
MUB,07/19/2011,104.05,"134,553"
MUB,07/20/2011,104.41,"291,053"
MUB,07/21/2011,104.48,"252,366"
MUB,07/22/2011,104.725,"144,655"
MUB,07/25/2011,104.245,"145,908"
MUB,07/26/2011,104.17,"94,132"
MUB,07/27/2011,103.83,"194,985"
MUB,07/28/2011,103.63,"96,965"
MUB,07/29/2011,103.77,"126,056"
MUB,08/01/2011,103.46,"326,274"
MUB,08/02/2011,103.69,"526,622"
MUB,08/03/2011,104.64,"263,757"
MUB,08/04/2011,104.92,"131,835"
MUB,08/05/2011,104.97,"131,998"
MUB,08/08/2011,103.5,"392,797"
MUB,08/09/2011,103.74,"180,284"
MUB,08/10/2011,104.8,"170,454"
MUB,08/11/2011,103.99,"102,681"
MUB,08/12/2011,104.650002,"140,070"
MUB,08/15/2011,105.03,"127,056"
MUB,08/16/2011,105.335,"126,482"
MUB,08/17/2011,105.58,"78,948"
MUB,08/18/2011,106.01,"128,608"
MUB,08/19/2011,105.77,"136,929"
MUB,08/22/2011,105.9171,"61,076"
MUB,08/23/2011,105.82,"68,258"
MUB,08/24/2011,105.76,"84,157"
MUB,08/25/2011,106.075,"146,856"
MUB,08/26/2011,106.28,"525,953"
MUB,08/29/2011,106.199997,"132,381"
MUB,08/30/2011,106.22,"96,538"
MUB,08/31/2011,106.99,"210,592"
MUB,09/01/2011,106.25,"261,209"
MUB,09/02/2011,105.585,"145,962"
MUB,09/06/2011,105.98,"96,661"
MUB,09/07/2011,105.9,"509,097"
MUB,09/08/2011,106.26,"70,510"
MUB,09/09/2011,106.13,"91,356"
MUB,09/12/2011,106.42,"90,327"
MUB,09/13/2011,106.26,"110,926"
MUB,09/14/2011,106.2971,"61,310"
MUB,09/15/2011,106.1371,"88,728"
MUB,09/16/2011,105.97,"75,106"
MUB,09/19/2011,106.23,"88,299"
MUB,09/20/2011,106.34,"130,695"
MUB,09/21/2011,106.5,"131,262"
MUB,09/22/2011,107.07,"180,033"
MUB,09/23/2011,107.25,"85,341"
MUB,09/26/2011,107.115,"169,567"
MUB,09/27/2011,107.07,"115,964"
MUB,09/28/2011,106.56,"111,560"
MUB,09/29/2011,106.66,"224,473"
MUB,09/30/2011,106.65,"207,045"
MUB,10/03/2011,106.57,"258,222"
MUB,10/04/2011,106.33,"150,133"
MUB,10/05/2011,105.6,"156,981"
MUB,10/06/2011,105.269997,"183,844"
MUB,10/07/2011,105.55,"117,510"
MUB,10/10/2011,105.5072,"108,734"
MUB,10/11/2011,104.9,"160,079"
MUB,10/12/2011,105.38,"151,673"
MUB,10/13/2011,106.1,"136,310"
MUB,10/14/2011,105.615,"99,197"
MUB,10/17/2011,105.44,"65,528"
MUB,10/18/2011,105.7799,"153,944"
MUB,10/19/2011,105.6691,"112,340"
MUB,10/20/2011,105.86,"83,295"
MUB,10/21/2011,106.13,"54,211"
MUB,10/24/2011,105.96,"315,895"
MUB,10/25/2011,105.98,"94,369"
MUB,10/26/2011,106.23,"73,745"
MUB,10/27/2011,105.92,"115,121"
MUB,10/28/2011,105.91,"75,886"
MUB,10/31/2011,105.79,"372,216"
MUB,11/01/2011,106.1601,"62,106"
MUB,11/02/2011,106.21,"133,165"
MUB,11/03/2011,106.04,"121,637"
MUB,11/04/2011,106.05,"142,640"
MUB,11/07/2011,105.95,"111,888"
MUB,11/08/2011,105.71,"148,682"
MUB,11/09/2011,105.97,"75,310"
MUB,11/10/2011,106.12,"86,171"
MUB,11/11/2011,106.14,"124,871"
MUB,11/14/2011,106.06,"97,923"
MUB,11/15/2011,105.83,"158,651"
MUB,11/16/2011,105.889999,"206,887"
MUB,11/17/2011,105.99,"132,927"
MUB,11/18/2011,106.12,"139,019"
MUB,11/21/2011,106.33,"125,801"
MUB,11/22/2011,106.45,"162,832"
MUB,11/23/2011,106.54,"93,310"
MUB,11/25/2011,106.43,"62,649"
MUB,11/28/2011,106.24,"103,422"
MUB,11/29/2011,106.22,"193,344"
MUB,11/30/2011,106.17,"208,335"
MUB,12/01/2011,105.860001,"160,731"
MUB,12/02/2011,106.23,"160,170"
MUB,12/05/2011,106.17,"141,958"
MUB,12/06/2011,106.75,"213,953"
MUB,12/07/2011,107.099998,"172,981"
MUB,12/08/2011,107.02,"251,986"
MUB,12/09/2011,107.18,"126,165"
MUB,12/12/2011,107.22,"177,859"
MUB,12/13/2011,107.11,"163,726"
MUB,12/14/2011,107.3,"182,785"
MUB,12/15/2011,107.41,"189,122"
MUB,12/16/2011,107.61,"229,337"
MUB,12/19/2011,107.7,"186,380"
MUB,12/20/2011,107.77,"144,817"
MUB,12/21/2011,107.92,"244,144"
MUB,12/22/2011,108.38,"163,251"
MUB,12/23/2011,108.25,"113,452"
MUB,12/27/2011,108.4,"190,599"
MUB,12/28/2011,108.39,"170,348"
MUB,12/29/2011,109.24,"124,375"
MUB,12/30/2011,108.25,"170,114"
MUB,01/03/2012,108.36,"418,621"
MUB,01/04/2012,108.55,"158,405"
MUB,01/05/2012,109.05,"173,500"
MUB,01/06/2012,110.56,"504,205"
MUB,01/09/2012,110.93,"283,888"
MUB,01/10/2012,110.03,"432,826"
MUB,01/11/2012,110.33,"276,744"
MUB,01/12/2012,110.4,"348,022"
MUB,01/13/2012,110.68,"315,947"
MUB,01/17/2012,110.77,"367,295"
MUB,01/18/2012,110.825,"750,949"
MUB,01/19/2012,110.97,"644,811"
MUB,01/20/2012,110.53,"784,450"
MUB,01/23/2012,110.76,"539,732"
MUB,01/24/2012,111.07,"1,346,320"
MUB,01/25/2012,111.81,"274,955"
MUB,01/26/2012,112.88,"461,566"
MUB,01/27/2012,112.68,"293,536"
MUB,01/30/2012,112.75,"205,673"
MUB,01/31/2012,112.07,"270,325"
MUB,02/01/2012,112.61,"137,525"
MUB,02/02/2012,113.19,"251,573"
MUB,02/03/2012,112.42,"313,844"
MUB,02/06/2012,111.49,"274,565"
MUB,02/07/2012,111.82,"151,267"
MUB,02/08/2012,112.36,"189,425"
MUB,02/09/2012,112,"129,492"
MUB,02/10/2012,112.59,"228,087"
MUB,02/13/2012,113.94,"632,268"
MUB,02/14/2012,113.67,"390,469"
MUB,02/15/2012,113.49,"450,312"
MUB,02/16/2012,113.33,"825,785"
MUB,02/17/2012,113.26,"296,502"
MUB,02/21/2012,113.5,"142,329"
MUB,02/22/2012,113.77,"384,096"
MUB,02/23/2012,111.45,"553,422"
MUB,02/24/2012,110.4,"430,536"
MUB,02/27/2012,110.25,"538,931"
MUB,02/28/2012,110.45,"538,024"
MUB,02/29/2012,110.59,"324,317"
MUB,03/01/2012,110.2,"509,349"
MUB,03/02/2012,110.1,"541,436"
MUB,03/05/2012,110.2,"774,515"
MUB,03/06/2012,110.06,"390,406"
MUB,03/07/2012,109.77,"353,587"
MUB,03/08/2012,109.62,"263,879"
MUB,03/09/2012,109.48,"431,886"
MUB,03/12/2012,109.65,"133,486"
MUB,03/13/2012,109.37,"301,936"
MUB,03/14/2012,108.35,"478,226"
MUB,03/15/2012,107.5,"570,893"
MUB,03/16/2012,107.92,"287,222"
MUB,03/19/2012,107.61,"364,669"
MUB,03/20/2012,107.5,"343,988"
MUB,03/21/2012,108.17,"227,926"
MUB,03/22/2012,108.75,"172,169"
MUB,03/23/2012,108.8,"204,715"
MUB,03/26/2012,109.16,"172,341"
MUB,03/27/2012,109.44,"212,799"
MUB,03/28/2012,109.55,"134,270"
MUB,03/29/2012,109.46,"160,414"
MUB,03/30/2012,109.4,"182,940"
MUB,04/02/2012,109.06,"270,950"
MUB,04/03/2012,108.3,"313,312"
MUB,04/04/2012,108.35,"205,467"
MUB,04/05/2012,107.96,"246,134"
MUB,04/09/2012,108.68,"179,762"
MUB,04/10/2012,108.91,"243,047"
MUB,04/11/2012,109.1,"125,374"
MUB,04/12/2012,108.58,"191,316"
MUB,04/13/2012,108.9,"202,109"
MUB,04/16/2012,108.85,"235,622"
MUB,04/17/2012,109.24,"263,543"
MUB,04/18/2012,109.34,"164,504"
MUB,04/19/2012,109.85,"273,903"
MUB,04/20/2012,109.84,"228,126"
MUB,04/23/2012,109.51,"223,672"
MUB,04/24/2012,109.9,"187,992"
MUB,04/25/2012,109.99,"446,506"
MUB,04/26/2012,110.002,"160,294"
MUB,04/27/2012,110.2,"181,437"
MUB,04/30/2012,110.08,"185,736"
MUB,05/01/2012,109.8,"166,836"
MUB,05/02/2012,110.04,"172,986"
MUB,05/03/2012,110.36,"197,118"
MUB,05/04/2012,111.2,"452,649"
MUB,05/07/2012,111.06,"270,672"
MUB,05/08/2012,111.15,"277,419"
MUB,05/09/2012,110.9,"315,376"
MUB,05/10/2012,110.72,"223,636"
MUB,05/11/2012,110.9,"260,474"
MUB,05/14/2012,109.92,"383,772"
MUB,05/15/2012,110.86,"258,205"
MUB,05/16/2012,110.8,"240,608"
MUB,05/17/2012,110.93,"210,159"
MUB,05/18/2012,110.97,"117,456"
MUB,05/21/2012,110.89,"164,033"
MUB,05/22/2012,110.82,"149,335"
MUB,05/23/2012,110.87,"288,814"
MUB,05/24/2012,110.76,"303,520"
MUB,05/25/2012,110.84,"179,286"
MUB,05/29/2012,110.85,"204,817"
MUB,05/30/2012,110.94,"149,165"
MUB,05/31/2012,111.13,"183,516"
MUB,06/01/2012,111.04,"280,448"
MUB,06/04/2012,110.9188,"236,195"
MUB,06/05/2012,110.32,"219,175"
MUB,06/06/2012,110.27,"122,885"
MUB,06/07/2012,110.2468,"193,112"
MUB,06/08/2012,110.41,"127,915"
MUB,06/11/2012,110.04,"205,899"
MUB,06/12/2012,109.6907,"453,668"
MUB,06/13/2012,110.18,"120,696"
MUB,06/14/2012,110.34,"96,154"
MUB,06/15/2012,110.39,"78,171"
MUB,06/18/2012,109.96,"848,635"
MUB,06/19/2012,109.96,"94,978"
MUB,06/20/2012,109.68,"503,748"
MUB,06/21/2012,109.82,"138,899"
MUB,06/22/2012,109.79,"92,567"
MUB,06/25/2012,110.1,"134,081"
MUB,06/26/2012,110.14,"145,881"
MUB,06/27/2012,110,"180,657"
MUB,06/28/2012,110.15,"165,813"
MUB,06/29/2012,110.07,"162,950"
MUB,07/02/2012,109.2658,"1,013,660"
MUB,07/03/2012,109.19,"167,664"
MUB,07/05/2012,109.46,"101,803"
MUB,07/06/2012,109.87,"153,864"
MUB,07/09/2012,110.0199,"127,265"
MUB,07/10/2012,110.41,"187,992"
MUB,07/11/2012,110.15,"256,617"
MUB,07/12/2012,110.4,"123,671"
MUB,07/13/2012,110.49,"110,832"
MUB,07/16/2012,110.63,"85,778"
MUB,07/17/2012,110.88,"128,817"
MUB,07/18/2012,111.24,"197,831"
MUB,07/19/2012,111.57,"167,923"
MUB,07/20/2012,111.73,"197,265"
MUB,07/23/2012,111.65,"126,327"
MUB,07/24/2012,111.81,"103,019"
MUB,07/25/2012,112.03,"120,660"
MUB,07/26/2012,112.1,"147,592"
MUB,07/27/2012,111.6329,"145,096"
MUB,07/30/2012,111.89,"102,813"
MUB,07/31/2012,112.072,"156,626"
MUB,08/01/2012,111.55,"438,585"
MUB,08/02/2012,111.55,"251,409"
MUB,08/03/2012,111.48,"66,638"
MUB,08/06/2012,111.61,"215,611"
MUB,08/07/2012,111.32,"144,822"
MUB,08/08/2012,111.4,"82,181"
MUB,08/09/2012,111.41,"96,765"
MUB,08/10/2012,111.45,"325,908"
MUB,08/13/2012,111.3,"64,726"
MUB,08/14/2012,111.29,"172,286"
MUB,08/15/2012,111,"101,445"
MUB,08/16/2012,110.87,"195,082"
MUB,08/17/2012,110.965,"145,593"
MUB,08/20/2012,110.9,"189,234"
MUB,08/21/2012,110.99,"267,554"
MUB,08/22/2012,111.03,"131,792"
MUB,08/23/2012,111.14,"159,875"
MUB,08/24/2012,111.25,"103,582"
MUB,08/27/2012,111.57,"127,413"
MUB,08/28/2012,111.3601,"100,086"
MUB,08/29/2012,111.56,"95,114"
MUB,08/30/2012,111.59,"119,013"
MUB,08/31/2012,111.63,"119,405"
MUB,09/04/2012,111.2,"237,490"
MUB,09/05/2012,111.46,"110,754"
MUB,09/06/2012,111.14,"177,421"
MUB,09/07/2012,111.19,"140,598"
MUB,09/10/2012,111.05,"123,896"
MUB,09/11/2012,111.19,"106,309"
MUB,09/12/2012,111.0343,"121,244"
MUB,09/13/2012,111.01,"125,846"
MUB,09/14/2012,110.5836,"264,330"
MUB,09/17/2012,110.69,"274,539"
MUB,09/18/2012,110.8,"115,601"
MUB,09/19/2012,111.12,"141,842"
MUB,09/20/2012,111.13,"142,088"
MUB,09/21/2012,111.24,"142,858"
MUB,09/24/2012,111.3,"99,129"
MUB,09/25/2012,111.54,"206,963"
MUB,09/26/2012,111.78,"170,538"
MUB,09/27/2012,111.77,"150,083"
MUB,09/28/2012,112,"92,561"
MUB,10/01/2012,111.67,"457,648"
MUB,10/02/2012,111.74,"260,826"
MUB,10/03/2012,111.89,"131,258"
MUB,10/04/2012,111.88,"130,257"
MUB,10/05/2012,111.8,"80,912"
MUB,10/08/2012,111.85,"64,223"
MUB,10/09/2012,111.71,"118,233"
MUB,10/10/2012,111.76,"200,851"
MUB,10/11/2012,111.75,"171,200"
MUB,10/12/2012,111.87,"116,762"
MUB,10/15/2012,111.84,"121,264"
MUB,10/16/2012,111.93,"202,345"
MUB,10/17/2012,111.65,"184,192"
MUB,10/18/2012,111.67,"127,772"
MUB,10/19/2012,111.7,"309,030"
MUB,10/22/2012,111.77,"218,693"
MUB,10/23/2012,111.85,"310,124"
MUB,10/24/2012,111.82,"89,644"
MUB,10/25/2012,111.86,"124,479"
MUB,10/26/2012,112,"243,698"
MUB,10/31/2012,112.25,"192,266"
MUB,11/01/2012,111.97,"200,891"
MUB,11/02/2012,112.0075,"79,174"
MUB,11/05/2012,112.17,"334,117"
MUB,11/06/2012,112.23,"192,183"
MUB,11/07/2012,112.5295,"324,979"
MUB,11/08/2012,112.6,"734,443"
MUB,11/09/2012,113.06,"191,056"
MUB,11/12/2012,113.48,"123,676"
MUB,11/13/2012,113.39,"360,766"
MUB,11/14/2012,112.76,"225,286"
MUB,11/15/2012,113.32,"489,492"
MUB,11/16/2012,112.97,"223,565"
MUB,11/19/2012,113.23,"158,828"
MUB,11/20/2012,113.438,"203,515"
MUB,11/21/2012,113.4199,"172,475"
MUB,11/23/2012,113.41,"65,688"
MUB,11/26/2012,113.47,"216,868"
MUB,11/27/2012,113.4001,"1,145,281"
MUB,11/28/2012,113.55,"528,526"
MUB,11/29/2012,113.84,"401,452"
MUB,11/30/2012,114.07,"330,116"
MUB,12/03/2012,113.67,"296,947"
MUB,12/04/2012,113.32,"230,489"
MUB,12/05/2012,113.36,"314,424"
MUB,12/06/2012,113.36,"135,323"
MUB,12/07/2012,113.22,"158,768"
MUB,12/10/2012,113.16,"175,400"
MUB,12/11/2012,112.86,"170,566"
MUB,12/12/2012,112.67,"220,725"
MUB,12/13/2012,112.36,"390,315"
MUB,12/14/2012,111.05,"347,892"
MUB,12/17/2012,110.15,"517,419"
MUB,12/18/2012,109.79,"675,561"
MUB,12/19/2012,110.6,"548,450"
MUB,12/20/2012,110.84,"284,634"
MUB,12/21/2012,110.82,"373,802"
MUB,12/24/2012,110.92,"138,720"
MUB,12/26/2012,110.77,"268,814"
MUB,12/27/2012,110.809,"250,739"
MUB,12/28/2012,110.42,"241,908"
MUB,12/31/2012,110.64,"465,908"
MUB,01/02/2013,111.8,"985,883"
MUB,01/03/2013,111.8201,"323,093"
MUB,01/04/2013,111.57,"212,113"
MUB,01/07/2013,111.76,"246,726"
MUB,01/08/2013,111.96,"180,152"
MUB,01/09/2013,112.23,"369,476"
MUB,01/10/2013,112.1636,"236,343"
MUB,01/11/2013,112.42,"276,211"
MUB,01/14/2013,112.42,"181,090"
MUB,01/15/2013,112.32,"157,527"
MUB,01/16/2013,112.4,"169,138"
MUB,01/17/2013,112.42,"222,711"
MUB,01/18/2013,112.61,"219,731"
MUB,01/22/2013,112.5,"279,168"
MUB,01/23/2013,112.27,"566,351"
MUB,01/24/2013,112.37,"293,835"
MUB,01/25/2013,112,"181,873"
MUB,01/28/2013,111.52,"272,084"
MUB,01/29/2013,111.45,"149,595"
MUB,01/30/2013,111.5,"179,403"
MUB,01/31/2013,111.54,"138,289"
MUB,02/01/2013,111.7,"442,530"
MUB,02/04/2013,111.9,"469,909"
MUB,02/05/2013,111.84,"253,291"
MUB,02/06/2013,112,"293,453"
MUB,02/07/2013,111.811,"151,870"
MUB,02/08/2013,112.04,"243,904"
MUB,02/11/2013,111.73,"163,060"
MUB,02/12/2013,111.66,"156,994"
MUB,02/13/2013,111.66,"103,184"
MUB,02/14/2013,111.4332,"202,711"
MUB,02/15/2013,111.4201,"156,561"
MUB,02/19/2013,111.45,"205,812"
MUB,02/20/2013,111.48,"121,997"
MUB,02/21/2013,111.62,"167,074"
MUB,02/22/2013,111.59,"114,945"
MUB,02/25/2013,111.55,"122,458"
MUB,02/26/2013,111.614,"106,947"
MUB,02/27/2013,111.81,"157,440"
MUB,02/28/2013,111.89,"128,419"
MUB,03/01/2013,111.85,"193,057"
MUB,03/04/2013,111.74,"114,024"
MUB,03/05/2013,111.701,"161,681"
MUB,03/06/2013,111.36,"274,758"
MUB,03/07/2013,110.92,"140,778"
MUB,03/08/2013,110.33,"236,969"
MUB,03/11/2013,110.03,"264,715"
MUB,03/12/2013,110.12,"255,995"
MUB,03/13/2013,109.8796,"230,216"
MUB,03/14/2013,109.63,"203,722"
MUB,03/15/2013,109.79,"240,358"
MUB,03/18/2013,109.81,"417,592"
MUB,03/19/2013,109.99,"197,968"
MUB,03/20/2013,109.88,"716,380"
MUB,03/21/2013,109.79,"256,226"
MUB,03/22/2013,110.1,"290,404"
MUB,03/25/2013,109.91,"221,778"
MUB,03/26/2013,109.92,"117,062"
MUB,03/27/2013,109.97,"197,208"
MUB,03/28/2013,110.17,"261,969"
MUB,04/01/2013,110.16,"463,723"
MUB,04/02/2013,110.39,"402,954"
MUB,04/03/2013,110.56,"98,232"
MUB,04/04/2013,110.64,"196,723"
MUB,04/05/2013,110.97,"285,367"
MUB,04/08/2013,111.12,"230,761"
MUB,04/09/2013,110.88,"225,993"
MUB,04/10/2013,110.83,"125,039"
MUB,04/11/2013,111.05,"141,901"
MUB,04/12/2013,111.19,"130,730"
MUB,04/15/2013,111.17,"139,328"
MUB,04/16/2013,111.25,"143,620"
MUB,04/17/2013,111.45,"148,147"
MUB,04/18/2013,111.57,"213,944"
MUB,04/19/2013,111.5,"147,768"
MUB,04/22/2013,111.4,"127,352"
MUB,04/23/2013,111.45,"64,463"
MUB,04/24/2013,111.4,"408,918"
MUB,04/25/2013,111.57,"169,097"
MUB,04/26/2013,111.72,"162,482"
MUB,04/29/2013,111.77,"160,806"
MUB,04/30/2013,111.85,"133,666"
MUB,05/01/2013,111.69,"242,290"
MUB,05/02/2013,111.83,"168,596"
MUB,05/03/2013,111.62,"133,791"
MUB,05/06/2013,111.49,"132,814"
MUB,05/07/2013,111.3,"141,771"
MUB,05/08/2013,111.3,"246,295"
MUB,05/09/2013,111.2,"143,774"
MUB,05/10/2013,110.7799,"178,494"
MUB,05/13/2013,110.899,"141,954"
MUB,05/14/2013,110.99,"140,221"
MUB,05/15/2013,110.98,"156,902"
MUB,05/16/2013,111.18,"187,998"
MUB,05/17/2013,110.94,"133,310"
MUB,05/20/2013,110.8,"141,631"
MUB,05/21/2013,110.74,"139,032"
MUB,05/22/2013,110.6,"148,585"
MUB,05/23/2013,110.71,"118,717"
MUB,05/24/2013,110.7,"113,183"
MUB,05/28/2013,109.61,"290,754"
MUB,05/29/2013,109.14,"284,131"
MUB,05/30/2013,109.18,"143,307"
MUB,05/31/2013,108.19,"351,696"
MUB,06/03/2013,107.9,"362,203"
MUB,06/04/2013,107.601,"514,553"
MUB,06/05/2013,107.839,"554,722"
MUB,06/06/2013,108.09,"541,085"
MUB,06/07/2013,107.8,"338,533"
MUB,06/10/2013,107.14,"449,431"
MUB,06/11/2013,107.56,"959,060"
MUB,06/12/2013,106.53,"485,021"
MUB,06/13/2013,107.23,"409,874"
MUB,06/14/2013,107.3,"292,659"
MUB,06/17/2013,107.01,"161,974"
MUB,06/18/2013,106.51,"342,836"
MUB,06/19/2013,105.95,"288,406"
MUB,06/20/2013,104.08,"787,533"
MUB,06/21/2013,102.29,"947,183"
MUB,06/24/2013,101.35,"964,802"
MUB,06/25/2013,102.82,"592,341"
MUB,06/26/2013,104.97,"866,460"
MUB,06/27/2013,105.89,"431,573"
MUB,06/28/2013,105.04,"658,975"
MUB,07/01/2013,105.67,"880,256"
MUB,07/02/2013,105.69,"185,690"
MUB,07/03/2013,105.04,"181,719"
MUB,07/05/2013,103.42,"320,798"
MUB,07/08/2013,103.9,"256,738"
MUB,07/09/2013,104.21,"210,193"
MUB,07/10/2013,104.06,"467,357"
MUB,07/11/2013,105.01,"226,674"
MUB,07/12/2013,105.49,"389,890"
MUB,07/15/2013,104.82,"510,565"
MUB,07/16/2013,104.9,"315,265"
MUB,07/17/2013,105.12,"229,800"
MUB,07/18/2013,105.04,"233,455"
MUB,07/19/2013,104.455,"242,079"
MUB,07/22/2013,103.77,"289,927"
MUB,07/23/2013,103.85,"157,798"
MUB,07/24/2013,103.14,"247,964"
MUB,07/25/2013,103.43,"184,949"
MUB,07/26/2013,104.16,"268,564"
MUB,07/29/2013,103.96,"116,465"
MUB,07/30/2013,103.93,"281,767"
MUB,07/31/2013,103.95,"253,309"
MUB,08/01/2013,103.53,"321,894"
MUB,08/02/2013,103.65,"188,677"
MUB,08/05/2013,103.35,"111,853"
MUB,08/06/2013,103.2,"242,306"
MUB,08/07/2013,103.37,"172,049"
MUB,08/08/2013,103.45,"180,348"
MUB,08/09/2013,103.41,"155,897"
MUB,08/12/2013,103.55,"159,397"
MUB,08/13/2013,102.89,"188,943"
MUB,08/14/2013,102.86,"246,938"
MUB,08/15/2013,102.33,"303,794"
MUB,08/16/2013,101.9,"311,248"
MUB,08/19/2013,101.64,"314,780"
MUB,08/20/2013,102.16,"365,516"
MUB,08/21/2013,101.87,"449,388"
MUB,08/22/2013,101.86,"206,621"
MUB,08/23/2013,102.31,"205,509"
MUB,08/26/2013,102.075,"163,849"
MUB,08/27/2013,102.07,"261,548"
MUB,08/28/2013,101.85,"134,668"
MUB,08/29/2013,101.89,"149,249"
MUB,08/30/2013,101.91,"140,821"
MUB,09/03/2013,101.4,"166,345"
MUB,09/04/2013,101.46,"133,004"
MUB,09/05/2013,101.03,"160,783"
MUB,09/06/2013,101.23,"170,658"
MUB,09/09/2013,101.26,"153,961"
MUB,09/10/2013,101.36,"245,389"
MUB,09/11/2013,101.55,"137,274"
MUB,09/12/2013,101.86,"266,123"
MUB,09/13/2013,101.94,"171,522"
MUB,09/16/2013,102.417,"252,563"
MUB,09/17/2013,102.81,"316,578"
MUB,09/18/2013,103.83,"275,112"
MUB,09/19/2013,103.74,"398,557"
MUB,09/20/2013,103.83,"254,208"
MUB,09/23/2013,103.99,"201,128"
MUB,09/24/2013,104.28,"230,961"
MUB,09/25/2013,104.4,"312,878"
MUB,09/26/2013,104.39,"203,849"
MUB,09/27/2013,104.39,"82,656"
MUB,09/30/2013,104.49,"115,656"
MUB,10/01/2013,104.05,"350,924"
MUB,10/02/2013,104.23,"116,509"
MUB,10/03/2013,104.17,"98,154"
MUB,10/04/2013,104.06,"117,410"
MUB,10/07/2013,104.01,"107,561"
MUB,10/08/2013,103.77,"219,747"
MUB,10/09/2013,103.7,"103,321"
MUB,10/10/2013,103.62,"104,824"
MUB,10/11/2013,103.37,"222,211"
MUB,10/14/2013,103.058,"124,298"
MUB,10/15/2013,102.88,"292,086"
MUB,10/16/2013,103.44,"177,830"
MUB,10/17/2013,103.84,"137,499"
MUB,10/18/2013,103.95,"120,584"
MUB,10/21/2013,103.86,"244,953"
MUB,10/22/2013,104.35,"165,462"
MUB,10/23/2013,104.78,"752,541"
MUB,10/24/2013,105.13,"233,314"
MUB,10/25/2013,105.16,"106,697"
MUB,10/28/2013,105.31,"142,647"
MUB,10/29/2013,105.43,"300,721"
MUB,10/30/2013,105.38,"532,441"
MUB,10/31/2013,105.49,"300,585"
MUB,11/01/2013,104.84,"110,031"
MUB,11/04/2013,104.92,"124,110"
MUB,11/05/2013,104.74,"295,801"
MUB,11/06/2013,104.81,"193,074"
MUB,11/07/2013,105.05,"216,649"
MUB,11/08/2013,104.33,"179,756"
MUB,11/11/2013,104.43,"115,368"
MUB,11/12/2013,104.3,"450,821"
MUB,11/13/2013,104.4,"319,305"
MUB,11/14/2013,104.58,"196,064"
MUB,11/15/2013,104.67,"136,250"
MUB,11/18/2013,104.95,"295,086"
MUB,11/19/2013,104.8,"218,273"
MUB,11/20/2013,104.6,"213,073"
MUB,11/21/2013,104.59,"279,039"
MUB,11/22/2013,104.64,"330,811"
MUB,11/25/2013,104.7,"181,923"
MUB,11/26/2013,104.74,"181,744"
MUB,11/27/2013,104.77,"185,315"
MUB,11/29/2013,104.72,"52,090"
MUB,12/02/2013,104.11,"744,341"
MUB,12/03/2013,104.39,"532,309"
MUB,12/04/2013,103.99,"260,216"
MUB,12/05/2013,103.93,"243,647"
MUB,12/06/2013,103.99,"174,154"
MUB,12/09/2013,103.98,"240,472"
MUB,12/10/2013,104.27,"361,961"
MUB,12/11/2013,104.1501,"242,093"
MUB,12/12/2013,104.13,"297,960"
MUB,12/13/2013,104.17,"347,557"
MUB,12/16/2013,104.24,"293,281"
MUB,12/17/2013,104.3765,"250,420"
MUB,12/18/2013,104.37,"411,017"
MUB,12/19/2013,104.18,"313,012"
MUB,12/20/2013,104.15,"391,318"
MUB,12/23/2013,103.92,"514,803"
MUB,12/24/2013,103.94,"157,291"
MUB,12/26/2013,103.671,"356,255"
MUB,12/27/2013,103.592,"447,598"
MUB,12/30/2013,103.82,"495,970"
MUB,12/31/2013,103.74,"508,694"
MUB,01/02/2014,104.07,"435,274"
MUB,01/03/2014,104.08,"174,023"
MUB,01/06/2014,104.14,"224,988"
MUB,01/07/2014,104.32,"184,935"
MUB,01/08/2014,104.4,"162,858"
MUB,01/09/2014,104.8,"247,375"
MUB,01/10/2014,105.465,"285,272"
MUB,01/13/2014,105.5,"292,850"
MUB,01/14/2014,105.58,"234,719"
MUB,01/15/2014,105.56,"172,113"
MUB,01/16/2014,105.77,"263,363"
MUB,01/17/2014,105.99,"128,732"
MUB,01/21/2014,105.85,"251,264"
MUB,01/22/2014,105.74,"270,467"
MUB,01/23/2014,106.09,"271,609"
MUB,01/24/2014,106.27,"222,134"
MUB,01/27/2014,106.04,"187,116"
MUB,01/28/2014,106.15,"237,824"
MUB,01/29/2014,106.11,"262,175"
MUB,01/30/2014,106.3,"342,902"
MUB,01/31/2014,106.4,"238,497"
MUB,02/03/2014,106.25,"303,687"
MUB,02/04/2014,105.9,"486,143"
MUB,02/05/2014,105.785,"217,442"
MUB,02/06/2014,105.89,"190,462"
MUB,02/07/2014,106.13,"192,235"
MUB,02/10/2014,106.23,"93,694"
MUB,02/11/2014,106.35,"240,140"
MUB,02/12/2014,106.19,"173,504"
MUB,02/13/2014,106.18,"218,635"
MUB,02/14/2014,106.06,"121,370"
MUB,02/18/2014,105.93,"312,279"
MUB,02/19/2014,106.11,"235,630"
MUB,02/20/2014,106.11,"192,314"
MUB,02/21/2014,106.21,"182,385"
MUB,02/24/2014,106.33,"157,177"
MUB,02/25/2014,106.54,"209,764"
MUB,02/26/2014,106.68,"214,870"
MUB,02/27/2014,106.99,"196,395"
MUB,02/28/2014,107.24,"291,629"
MUB,03/03/2014,107.13,"132,163"
MUB,03/04/2014,106.98,"200,829"
MUB,03/05/2014,106.78,"930,204"
MUB,03/06/2014,106.65,"241,849"
MUB,03/07/2014,106.12,"310,700"
MUB,03/10/2014,106.34,"145,587"
MUB,03/11/2014,106.4378,"111,220"
MUB,03/12/2014,106.73,"136,118"
MUB,03/13/2014,106.96,"147,638"
MUB,03/14/2014,107,"162,329"
MUB,03/17/2014,107.22,"158,903"
MUB,03/18/2014,107.14,"109,419"
MUB,03/19/2014,106.66,"154,430"
MUB,03/20/2014,106.65,"133,013"
MUB,03/21/2014,106.73,"126,260"
MUB,03/24/2014,106.62,"154,501"
MUB,03/25/2014,106.48,"253,517"
MUB,03/26/2014,106.83,"136,288"
MUB,03/27/2014,107.05,"104,001"
MUB,03/28/2014,107,"93,794"
MUB,03/31/2014,107.06,"154,425"
MUB,04/01/2014,106.59,"310,592"
MUB,04/02/2014,106.49,"229,832"
MUB,04/03/2014,106.62,"82,056"
MUB,04/04/2014,106.97,"142,658"
MUB,04/07/2014,107.15,"146,023"
MUB,04/08/2014,107.18,"177,424"
MUB,04/09/2014,107.02,"361,158"
MUB,04/10/2014,107.47,"214,409"
MUB,04/11/2014,107.8,"620,792"
MUB,04/14/2014,107.69,"173,060"
MUB,04/15/2014,107.82,"187,564"
MUB,04/16/2014,107.78,"120,604"
MUB,04/17/2014,107.53,"484,913"
MUB,04/21/2014,107.71,"106,987"
MUB,04/22/2014,107.74,"230,199"
MUB,04/23/2014,107.82,"125,781"
MUB,04/24/2014,107.95,"132,653"
MUB,04/25/2014,108.11,"229,050"
MUB,04/28/2014,108.08,"123,553"
MUB,04/29/2014,107.99,"202,452"
MUB,04/30/2014,108.13,"139,247"
MUB,05/01/2014,108.05,"213,609"
MUB,05/02/2014,107.95,"183,178"
MUB,05/05/2014,108,"93,559"
MUB,05/06/2014,108.13,"141,621"
MUB,05/07/2014,108.15,"134,307"
MUB,05/08/2014,108.4,"169,957"
MUB,05/09/2014,108.45,"96,873"
MUB,05/12/2014,108.44,"133,364"
MUB,05/13/2014,108.5,"152,853"
MUB,05/14/2014,108.81,"231,656"
MUB,05/15/2014,109.13,"493,737"
MUB,05/16/2014,108.98,"184,929"
MUB,05/19/2014,108.93,"179,256"
MUB,05/20/2014,108.98,"139,815"
MUB,05/21/2014,108.85,"117,152"
MUB,05/22/2014,108.89,"117,934"
MUB,05/23/2014,108.93,"189,077"
MUB,05/27/2014,108.95,"75,092"
MUB,05/28/2014,109.15,"139,054"
MUB,05/29/2014,109.19,"150,425"
MUB,05/30/2014,109.08,"212,888"
MUB,06/02/2014,108.62,"226,165"
MUB,06/03/2014,108.4,"142,642"
MUB,06/04/2014,108.22,"162,116"
MUB,06/05/2014,108.37,"146,475"
MUB,06/06/2014,108.34,"162,789"
MUB,06/09/2014,108.24,"170,651"
MUB,06/10/2014,107.94,"169,581"
MUB,06/11/2014,108.04,"270,216"
MUB,06/12/2014,108.17,"208,899"
MUB,06/13/2014,108,"145,627"
MUB,06/16/2014,107.93,"159,142"
MUB,06/17/2014,107.91,"201,893"
MUB,06/18/2014,108.25,"241,096"
MUB,06/19/2014,108.14,"213,689"
MUB,06/20/2014,108.04,"193,357"
MUB,06/23/2014,108.19,"117,582"
MUB,06/24/2014,108.15,"202,524"
MUB,06/25/2014,108.59,"151,411"
MUB,06/26/2014,108.79,"168,270"
MUB,06/27/2014,108.69,"150,630"
MUB,06/30/2014,108.65,"145,900"
MUB,07/01/2014,108.38,"306,050"
MUB,07/02/2014,107.9,"261,459"
MUB,07/03/2014,107.93,"110,937"
MUB,07/07/2014,107.85,"171,531"
MUB,07/08/2014,108.01,"160,703"
MUB,07/09/2014,108.04,"177,497"
MUB,07/10/2014,108.18,"141,918"
MUB,07/11/2014,108.14,"192,527"
MUB,07/14/2014,108.05,"167,754"
MUB,07/15/2014,108.2,"155,174"
MUB,07/16/2014,108.46,"111,613"
MUB,07/17/2014,108.65,"178,034"
MUB,07/18/2014,108.63,"141,489"
MUB,07/21/2014,108.77,"145,224"
MUB,07/22/2014,108.88,"135,969"
MUB,07/23/2014,109.04,"111,861"
MUB,07/24/2014,108.86,"170,587"
MUB,07/25/2014,109.07,"149,313"
MUB,07/28/2014,109.11,"95,745"
MUB,07/29/2014,109.19,"136,871"
MUB,07/30/2014,108.75,"187,842"
MUB,07/31/2014,108.89,"139,172"
MUB,08/01/2014,109.03,"232,486"
MUB,08/04/2014,108.67,"123,124"
MUB,08/05/2014,108.59,"197,913"
MUB,08/06/2014,108.92,"120,344"
MUB,08/07/2014,109.06,"196,208"
MUB,08/08/2014,109.15,"136,490"
MUB,08/11/2014,109.08,"144,082"
MUB,08/12/2014,109.16,"164,646"
MUB,08/13/2014,109.2,"241,006"
MUB,08/14/2014,109.29,"242,085"
MUB,08/15/2014,109.44,"221,129"
MUB,08/18/2014,109.49,"203,159"
MUB,08/19/2014,109.22,"264,557"
MUB,08/20/2014,109.38,"286,020"
MUB,08/21/2014,109.525,"147,058"
MUB,08/22/2014,109.5399,"132,219"
MUB,08/25/2014,109.58,"144,673"
MUB,08/26/2014,109.68,"179,326"
MUB,08/27/2014,109.8,"124,179"
MUB,08/28/2014,109.9,"118,825"
MUB,08/29/2014,110.01,"146,777"
MUB,09/02/2014,109.52,"156,085"
MUB,09/03/2014,109.46,"110,250"
MUB,09/04/2014,109.33,"157,649"
MUB,09/05/2014,109.41,"206,582"
MUB,09/08/2014,109.41,"134,042"
MUB,09/09/2014,109.31,"107,143"
MUB,09/10/2014,109.12,"142,641"
MUB,09/11/2014,109.1863,"110,547"
MUB,09/12/2014,108.97,"198,030"
MUB,09/15/2014,109.14,"141,092"
MUB,09/16/2014,109.05,"186,493"
MUB,09/17/2014,109.12,"183,769"
MUB,09/18/2014,109.235,"169,103"
MUB,09/19/2014,109.35,"137,250"
MUB,09/22/2014,109.43,"165,722"
MUB,09/23/2014,109.52,"375,219"
MUB,09/24/2014,109.4,"156,775"
MUB,09/25/2014,109.79,"185,324"
MUB,09/26/2014,109.52,"154,912"
MUB,09/29/2014,109.63,"171,025"
MUB,09/30/2014,109.67,"128,853"
MUB,10/01/2014,109.8,"597,713"
MUB,10/02/2014,109.67,"208,235"
MUB,10/03/2014,109.75,"198,024"
MUB,10/06/2014,109.71,"149,745"
MUB,10/07/2014,109.95,"185,338"
MUB,10/08/2014,110.03,"209,977"
MUB,10/09/2014,110.14,"250,462"
MUB,10/10/2014,110.22,"198,297"
MUB,10/13/2014,110.68,"226,629"
MUB,10/14/2014,110.8,"240,682"
MUB,10/15/2014,111.05,"453,944"
MUB,10/16/2014,110.66,"411,038"
MUB,10/17/2014,110.52,"327,708"
MUB,10/20/2014,110.39,"119,740"
MUB,10/21/2014,110.1401,"214,058"
MUB,10/22/2014,110.14,"183,194"
MUB,10/23/2014,109.84,"300,287"
MUB,10/24/2014,109.985,"143,412"
MUB,10/27/2014,109.96,"138,090"
MUB,10/28/2014,109.96,"158,851"
MUB,10/29/2014,110.05,"123,750"
MUB,10/30/2014,110.16,"126,209"
MUB,10/31/2014,110.02,"127,382"
MUB,11/03/2014,109.62,"236,221"
MUB,11/04/2014,109.49,"233,035"
MUB,11/05/2014,109.42,"134,737"
MUB,11/06/2014,109.28,"157,151"
MUB,11/07/2014,109.53,"192,704"
MUB,11/10/2014,109.47,"185,154"
MUB,11/11/2014,109.55,"112,464"
MUB,11/12/2014,109.55,"187,258"
MUB,11/13/2014,109.55,"272,234"
MUB,11/14/2014,109.575,"202,415"
MUB,11/17/2014,109.42,"152,977"
MUB,11/18/2014,109.42,"145,750"
MUB,11/19/2014,109.25,"323,826"
MUB,11/20/2014,109.46,"160,437"
MUB,11/21/2014,109.54,"197,691"
MUB,11/24/2014,109.58,"232,908"
MUB,11/25/2014,109.6,"294,777"
MUB,11/26/2014,109.77,"251,231"
MUB,11/28/2014,109.91,"141,325"
MUB,12/01/2014,109.63,"338,000"
MUB,12/02/2014,109.59,"163,003"
MUB,12/03/2014,109.73,"174,831"
MUB,12/04/2014,109.8,"164,180"
MUB,12/05/2014,109.7,"186,761"
MUB,12/08/2014,109.73,"236,011"
MUB,12/09/2014,109.97,"311,120"
MUB,12/10/2014,110.14,"205,729"
MUB,12/11/2014,110.04,"255,220"
MUB,12/12/2014,110.26,"265,409"
MUB,12/15/2014,110.06,"265,846"
MUB,12/16/2014,110.23,"357,288"
MUB,12/17/2014,109.99,"319,768"
MUB,12/18/2014,109.97,"269,197"
MUB,12/19/2014,110.04,"234,062"
MUB,12/22/2014,110.01,"283,789"
MUB,12/23/2014,110.02,"392,255"
MUB,12/24/2014,109.81,"156,563"
MUB,12/26/2014,109.869,"203,777"
MUB,12/29/2014,110.12,"307,241"
MUB,12/30/2014,110.16,"394,587"
MUB,12/31/2014,110.34,"266,136"
MUB,01/02/2015,110.06,"619,083"
MUB,01/05/2015,110.3,"601,652"
MUB,01/06/2015,110.61,"474,012"
MUB,01/07/2015,110.88,"390,883"
MUB,01/08/2015,110.83,"232,573"
MUB,01/09/2015,111.025,"166,826"
MUB,01/12/2015,111.16,"205,877"
MUB,01/13/2015,111.2,"192,133"
MUB,01/14/2015,111.48,"289,730"
MUB,01/15/2015,111.71,"401,144"
MUB,01/16/2015,111.52,"292,186"
MUB,01/20/2015,111.66,"296,998"
MUB,01/21/2015,111.39,"212,866"
MUB,01/22/2015,111.35,"223,751"
MUB,01/23/2015,111.71,"323,704"
MUB,01/26/2015,111.54,"245,849"
MUB,01/27/2015,111.69,"233,326"
MUB,01/28/2015,111.96,"393,016"
MUB,01/29/2015,111.9,"249,738"
MUB,01/30/2015,112.1,"294,741"
MUB,02/02/2015,111.77,"235,965"
MUB,02/03/2015,111.38,"252,427"
MUB,02/04/2015,111.44,"188,433"
MUB,02/05/2015,111.25,"253,405"
MUB,02/06/2015,110.79,"330,312"
MUB,02/09/2015,110.62,"227,879"
MUB,02/10/2015,110.33,"586,506"
MUB,02/11/2015,110.11,"439,914"
MUB,02/12/2015,110.08,"487,521"
MUB,02/13/2015,109.95,"415,997"
MUB,02/17/2015,109.85,"364,403"
MUB,02/18/2015,110.1,"347,823"
MUB,02/19/2015,109.96,"531,744"
MUB,02/20/2015,110.08,"311,792"
MUB,02/23/2015,110.31,"327,624"
MUB,02/24/2015,110.51,"709,884"
MUB,02/25/2015,110.48,"218,606"
MUB,02/26/2015,110.25,"224,534"
MUB,02/27/2015,110.6,"280,329"
MUB,03/02/2015,109.93,"351,269"
MUB,03/03/2015,109.79,"244,676"
MUB,03/04/2015,109.99,"339,468"
MUB,03/05/2015,109.88,"352,213"
MUB,03/06/2015,108.83,"638,460"
MUB,03/09/2015,109.2,"196,390"
MUB,03/10/2015,109.62,"329,810"
MUB,03/11/2015,109.46,"215,739"
MUB,03/12/2015,109.78,"351,307"
MUB,03/13/2015,109.78,"322,849"
MUB,03/16/2015,109.82,"171,247"
MUB,03/17/2015,109.8794,"215,605"
MUB,03/18/2015,110.54,"498,383"
MUB,03/19/2015,110.5,"289,115"
MUB,03/20/2015,110.47,"362,780"
MUB,03/23/2015,110.61,"210,326"
MUB,03/24/2015,110.78,"412,164"
MUB,03/25/2015,110.58,"211,026"
MUB,03/26/2015,110.48,"331,613"
MUB,03/27/2015,110.59,"153,497"
MUB,03/30/2015,110.48,"207,695"
MUB,03/31/2015,110.6,"265,798"
MUB,04/01/2015,110.42,"226,473"
MUB,04/02/2015,110.25,"267,045"
MUB,04/06/2015,110.24,"282,844"
MUB,04/07/2015,110.37,"242,877"
MUB,04/08/2015,110.34,"250,162"
MUB,04/09/2015,110.24,"362,893"
MUB,04/10/2015,110.18,"233,707"
MUB,04/13/2015,110.22,"484,466"
MUB,04/14/2015,110.17,"410,759"
MUB,04/15/2015,110.29,"173,875"
MUB,04/16/2015,110.24,"263,569"
MUB,04/17/2015,110.32,"224,327"
MUB,04/20/2015,110.23,"227,258"
MUB,04/21/2015,110.16,"215,910"
MUB,04/22/2015,109.99,"493,906"
MUB,04/23/2015,109.94,"316,070"
MUB,04/24/2015,110.08,"188,971"
MUB,04/27/2015,110,"296,270"
MUB,04/28/2015,109.9,"245,513"
MUB,04/29/2015,109.72,"244,477"
MUB,04/30/2015,109.58,"260,503"
MUB,05/01/2015,109.13,"271,480"
MUB,05/04/2015,109.136,"287,971"
MUB,05/05/2015,109.06,"233,850"
MUB,05/06/2015,108.66,"290,017"
MUB,05/07/2015,108.94,"235,767"
MUB,05/08/2015,108.905,"319,156"
MUB,05/11/2015,108.53,"685,323"
MUB,05/12/2015,108.72,"242,519"
MUB,05/13/2015,108.53,"342,793"
MUB,05/14/2015,108.67,"292,616"
MUB,05/15/2015,108.73,"275,703"
MUB,05/18/2015,108.37,"287,183"
MUB,05/19/2015,108.25,"259,245"
MUB,05/20/2015,108.26,"247,755"
MUB,05/21/2015,108.6,"286,827"
MUB,05/22/2015,108.42,"200,436"
MUB,05/26/2015,108.58,"316,076"
MUB,05/27/2015,108.66,"162,755"
MUB,05/28/2015,108.65,"411,824"
MUB,05/29/2015,108.81,"203,252"
MUB,06/01/2015,108.44,"249,212"
MUB,06/02/2015,108.06,"429,341"
MUB,06/03/2015,107.96,"741,549"
MUB,06/04/2015,108.175,"222,370"
MUB,06/05/2015,107.89,"266,241"
MUB,06/08/2015,107.88,"288,261"
MUB,06/09/2015,107.64,"317,042"
MUB,06/10/2015,107.67,"208,560"
MUB,06/11/2015,107.93,"343,729"
MUB,06/12/2015,108.09,"157,888"
MUB,06/15/2015,108.13,"469,206"
MUB,06/16/2015,108.32,"140,336"
MUB,06/17/2015,108.29,"148,510"
MUB,06/18/2015,108.26,"239,376"
MUB,06/19/2015,108.45,"190,650"
MUB,06/22/2015,108.12,"234,760"
MUB,06/23/2015,108.09,"439,584"
MUB,06/24/2015,108.38,"158,154"
MUB,06/25/2015,108.26,"169,932"
MUB,06/26/2015,108.13,"206,868"
MUB,06/29/2015,108.59,"354,556"
MUB,06/30/2015,108.21,"272,309"
MUB,07/01/2015,107.99,"212,344"
MUB,07/02/2015,108.15,"204,377"
MUB,07/06/2015,108.32,"251,299"
MUB,07/07/2015,108.3,"349,661"
MUB,07/08/2015,108.7,"180,616"
MUB,07/09/2015,108.53,"189,640"
MUB,07/10/2015,108.41,"250,323"
MUB,07/13/2015,108.36,"262,649"
MUB,07/14/2015,108.46,"311,562"
MUB,07/15/2015,108.4,"248,797"
MUB,07/16/2015,108.49,"185,198"
MUB,07/17/2015,108.68,"134,856"
MUB,07/20/2015,108.7,"212,775"
MUB,07/21/2015,108.79,"185,735"
MUB,07/22/2015,108.87,"577,611"
MUB,07/23/2015,109,"216,614"
MUB,07/24/2015,109.09,"113,457"
MUB,07/27/2015,109.17,"269,892"
MUB,07/28/2015,109.07,"144,497"
MUB,07/29/2015,108.96,"110,565"
MUB,07/30/2015,108.97,"162,103"
MUB,07/31/2015,109.19,"172,346"
MUB,08/03/2015,109.1,"365,498"
MUB,08/04/2015,108.87,"168,255"
MUB,08/05/2015,108.82,"163,241"
MUB,08/06/2015,108.87,"191,457"
MUB,08/07/2015,108.89,"272,301"
MUB,08/10/2015,108.61,"337,665"
MUB,08/11/2015,109.09,"201,405"
MUB,08/12/2015,108.81,"187,342"
MUB,08/13/2015,108.92,"260,358"
MUB,08/14/2015,108.93,"159,442"
MUB,08/17/2015,108.94,"204,742"
MUB,08/18/2015,108.7825,"162,139"
MUB,08/19/2015,109.03,"328,234"
MUB,08/20/2015,109,"716,121"
MUB,08/21/2015,109.24,"319,435"
MUB,08/24/2015,108.91,"641,899"
MUB,08/25/2015,108.73,"406,193"
MUB,08/26/2015,108.63,"304,117"
MUB,08/27/2015,108.9,"265,972"
MUB,08/28/2015,108.92,"188,390"
MUB,08/31/2015,108.84,"349,321"
MUB,09/01/2015,108.95,"372,503"
MUB,09/02/2015,108.79,"138,608"
MUB,09/03/2015,108.88,"280,912"
MUB,09/04/2015,109,"125,730"
MUB,09/08/2015,108.6999,"255,160"
MUB,09/09/2015,108.72,"298,397"
MUB,09/10/2015,108.6,"169,083"
MUB,09/11/2015,108.64,"247,108"
MUB,09/14/2015,108.6,"187,498"
MUB,09/15/2015,108.18,"264,702"
MUB,09/16/2015,108.19,"231,955"
MUB,09/17/2015,108.7,"280,045"
MUB,09/18/2015,108.95,"216,265"
MUB,09/21/2015,108.83,"206,822"
MUB,09/22/2015,109.13,"327,687"
MUB,09/23/2015,109.11,"128,111"
MUB,09/24/2015,109.15,"571,561"
MUB,09/25/2015,109.1,"240,235"
MUB,09/28/2015,109.39,"273,715"
MUB,09/29/2015,109.58,"361,782"
MUB,09/30/2015,109.55,"367,468"
MUB,10/01/2015,109.3,"1,520,553"
MUB,10/02/2015,109.66,"425,702"
MUB,10/05/2015,109.49,"262,789"
MUB,10/06/2015,109.56,"363,078"
MUB,10/07/2015,109.42,"300,688"
MUB,10/08/2015,109.31,"226,352"
MUB,10/09/2015,109.32,"238,146"
MUB,10/12/2015,109.52,"149,447"
MUB,10/13/2015,109.45,"269,761"
MUB,10/14/2015,109.6,"313,422"
MUB,10/15/2015,109.43,"208,203"
MUB,10/16/2015,109.46,"144,316"
MUB,10/19/2015,109.55,"311,464"
MUB,10/20/2015,109.52,"243,357"
MUB,10/21/2015,109.65,"210,378"
MUB,10/22/2015,109.68,"230,146"
MUB,10/23/2015,109.52,"171,597"
MUB,10/26/2015,109.63,"213,544"
MUB,10/27/2015,109.72,"181,566"
MUB,10/28/2015,109.59,"185,563"
MUB,10/29/2015,109.51,"216,925"
MUB,10/30/2015,109.71,"191,995"
MUB,11/02/2015,109.42,"373,206"
MUB,11/03/2015,109.25,"291,201"
MUB,11/04/2015,109.29,"234,548"
MUB,11/05/2015,109.28,"317,285"
MUB,11/06/2015,108.91,"267,367"
MUB,11/09/2015,108.84,"387,209"
MUB,11/10/2015,108.9,"211,316"
MUB,11/11/2015,108.95,"174,663"
MUB,11/12/2015,109.04,"463,288"
MUB,11/13/2015,109.15,"293,007"
MUB,11/16/2015,109.09,"234,985"
MUB,11/17/2015,109.29,"317,529"
MUB,11/18/2015,109.49,"262,395"
MUB,11/19/2015,109.68,"261,972"
MUB,11/20/2015,109.7,"224,175"
MUB,11/23/2015,109.8,"290,656"
MUB,11/24/2015,109.88,"225,195"
MUB,11/25/2015,109.94,"257,610"
MUB,11/27/2015,109.955,"118,416"
MUB,11/30/2015,110.03,"212,708"
MUB,12/01/2015,109.95,"760,882"
MUB,12/02/2015,110,"376,007"
MUB,12/03/2015,109.65,"330,150"
MUB,12/04/2015,109.83,"450,886"
MUB,12/07/2015,109.94,"310,998"
MUB,12/08/2015,110.01,"220,242"
MUB,12/09/2015,110.13,"472,242"
MUB,12/10/2015,110.18,"413,322"
MUB,12/11/2015,110.38,"1,575,014"
MUB,12/14/2015,110.12,"500,324"
MUB,12/15/2015,110.01,"285,658"
MUB,12/16/2015,110.02,"373,983"
MUB,12/17/2015,110.35,"468,784"
MUB,12/18/2015,110.55,"458,998"
MUB,12/21/2015,110.6,"380,457"
MUB,12/22/2015,110.57,"568,326"
MUB,12/23/2015,110.62,"321,391"
MUB,12/24/2015,110.39,"201,849"
MUB,12/28/2015,110.44,"435,809"
MUB,12/29/2015,110.47,"345,846"
MUB,12/30/2015,110.54,"657,044"
MUB,12/31/2015,110.71,"519,450"
MUB,01/04/2016,110.47,"1,653,713"
MUB,01/05/2016,110.6,"389,196"
MUB,01/06/2016,111.09,"351,155"
MUB,01/07/2016,111.25,"1,011,923"
MUB,01/08/2016,111.3,"638,253"
MUB,01/11/2016,111.12,"498,091"
MUB,01/12/2016,111.16,"745,099"
MUB,01/13/2016,111.21,"490,528"
MUB,01/14/2016,111.01,"473,024"
MUB,01/15/2016,111.35,"549,287"
MUB,01/19/2016,111.34,"858,329"
MUB,01/20/2016,111.51,"513,031"
MUB,01/21/2016,111.44,"706,346"
MUB,01/22/2016,111.3,"504,842"
MUB,01/25/2016,111.36,"329,426"
MUB,01/26/2016,111.33,"317,187"
MUB,01/27/2016,111.39,"294,249"
MUB,01/28/2016,111.41,"260,964"
MUB,01/29/2016,111.56,"431,746"
MUB,02/01/2016,111.08,"788,081"
MUB,02/02/2016,111.37,"723,649"
MUB,02/03/2016,111.47,"356,081"
MUB,02/04/2016,111.56,"464,608"
MUB,02/05/2016,111.65,"363,897"
MUB,02/08/2016,111.94,"402,766"
MUB,02/09/2016,111.95,"259,142"
MUB,02/10/2016,111.98,"365,426"
MUB,02/11/2016,112.15,"408,011"
MUB,02/12/2016,111.87,"458,570"
MUB,02/16/2016,111.93,"325,695"
MUB,02/17/2016,111.78,"455,167"
MUB,02/18/2016,111.77,"551,008"
MUB,02/19/2016,111.69,"824,822"
MUB,02/22/2016,111.58,"368,522"
MUB,02/23/2016,111.62,"509,532"
MUB,02/24/2016,111.47,"383,970"
MUB,02/25/2016,111.55,"408,834"
MUB,02/26/2016,111.37,"427,851"
MUB,02/29/2016,111.36,"456,955"
MUB,03/01/2016,110.95,"439,281"
MUB,03/02/2016,110.83,"323,911"
MUB,03/03/2016,110.9,"353,507"
MUB,03/04/2016,110.7,"367,471"
MUB,03/07/2016,110.73,"332,916"
MUB,03/08/2016,110.83,"408,365"
MUB,03/09/2016,110.8,"340,632"
MUB,03/10/2016,110.87,"384,569"
MUB,03/11/2016,110.78,"263,494"
MUB,03/14/2016,110.86,"323,134"
MUB,03/15/2016,110.84,"209,478"
MUB,03/16/2016,110.88,"271,346"
MUB,03/17/2016,111.02,"303,012"
MUB,03/18/2016,111.06,"345,993"
MUB,03/21/2016,111.08,"355,170"
MUB,03/22/2016,111.1,"291,921"
MUB,03/23/2016,111.21,"735,463"
MUB,03/24/2016,111.07,"340,976"
MUB,03/28/2016,111.2,"515,585"
MUB,03/29/2016,111.35,"313,715"
MUB,03/30/2016,111.47,"295,301"
MUB,03/31/2016,111.65,"410,980"
MUB,04/01/2016,111.39,"461,520"
MUB,04/04/2016,111.58,"847,394"
MUB,04/05/2016,111.71,"425,297"
MUB,04/06/2016,111.77,"304,509"
MUB,04/07/2016,112.15,"393,711"
MUB,04/08/2016,112.17,"409,043"
MUB,04/11/2016,112.15,"276,173"
MUB,04/12/2016,112.1,"301,995"
MUB,04/13/2016,112.17,"334,220"
MUB,04/14/2016,112.15,"324,194"
MUB,04/15/2016,112.26,"366,188"
MUB,04/18/2016,112.31,"1,008,877"
MUB,04/19/2016,112.23,"910,568"
MUB,04/20/2016,112.11,"325,982"
MUB,04/21/2016,112.14,"378,399"
MUB,04/22/2016,112.05,"427,746"
MUB,04/25/2016,112.01,"286,028"
MUB,04/26/2016,112,"237,292"
MUB,04/27/2016,112.04,"217,540"
MUB,04/28/2016,112.17,"535,722"
MUB,04/29/2016,112.21,"319,256"
MUB,05/02/2016,111.97,"429,526"
MUB,05/03/2016,112.29,"459,086"
MUB,05/04/2016,112.31,"309,968"
MUB,05/05/2016,112.38,"430,492"
MUB,05/06/2016,112.35,"691,120"
MUB,05/09/2016,112.46,"325,107"
MUB,05/10/2016,112.48,"464,389"
MUB,05/11/2016,112.57,"546,063"
MUB,05/12/2016,112.67,"367,905"
MUB,05/13/2016,112.78,"364,904"
MUB,05/16/2016,112.61,"280,705"
MUB,05/17/2016,112.83,"280,469"
MUB,05/18/2016,112.53,"581,566"
MUB,05/19/2016,112.51,"354,377"
MUB,05/20/2016,112.42,"292,363"
MUB,05/23/2016,112.47,"278,257"
MUB,05/24/2016,112.34,"333,118"
MUB,05/25/2016,112.32,"283,530"
MUB,05/26/2016,112.37,"304,550"
MUB,05/27/2016,112.23,"244,388"
MUB,05/31/2016,112.32,"337,284"
MUB,06/01/2016,112.12,"307,630"
MUB,06/02/2016,112.26,"329,988"
MUB,06/03/2016,112.4,"309,008"
MUB,06/06/2016,112.4,"330,671"
MUB,06/07/2016,112.47,"287,608"
MUB,06/08/2016,112.59,"270,968"
MUB,06/09/2016,112.78,"525,906"
MUB,06/10/2016,112.97,"263,596"
MUB,06/13/2016,113.04,"281,861"
MUB,06/14/2016,113.23,"393,134"
MUB,06/15/2016,113.29,"313,588"
MUB,06/16/2016,113.46,"290,718"
MUB,06/17/2016,113.48,"256,363"
MUB,06/20/2016,113.25,"372,252"
MUB,06/21/2016,113.21,"238,773"
MUB,06/22/2016,113.17,"430,087"
MUB,06/23/2016,112.9,"729,537"
MUB,06/24/2016,113.74,"518,968"
MUB,06/27/2016,114.1,"517,241"
MUB,06/28/2016,114.1,"279,369"
MUB,06/29/2016,113.81,"351,634"
MUB,06/30/2016,113.924,"728,896"
MUB,07/01/2016,113.83,"456,813"
MUB,07/05/2016,114.02,"321,820"
MUB,07/06/2016,114.08,"423,770"
MUB,07/07/2016,115.19,"272,535"
MUB,07/08/2016,113.98,"373,678"
MUB,07/11/2016,113.81,"371,421"
MUB,07/12/2016,113.68,"427,291"
MUB,07/13/2016,113.66,"338,555"
MUB,07/14/2016,113.53,"365,946"
MUB,07/15/2016,113.41,"414,584"
MUB,07/18/2016,113.38,"366,421"
MUB,07/19/2016,113.4,"278,413"
MUB,07/20/2016,113.32,"367,229"
MUB,07/21/2016,113.34,"537,450"
MUB,07/22/2016,113.3,"259,156"
MUB,07/25/2016,113.24,"485,975"
MUB,07/26/2016,113.31,"412,420"
MUB,07/27/2016,113.45,"542,022"
MUB,07/28/2016,113.5,"328,679"
MUB,07/29/2016,113.66,"305,969"
MUB,08/01/2016,113.23,"396,625"
MUB,08/02/2016,113.16,"350,732"
MUB,08/03/2016,113.19,"383,080"
MUB,08/04/2016,113.34,"394,657"
MUB,08/05/2016,113.12,"270,846"
MUB,08/08/2016,113.16,"389,707"
MUB,08/09/2016,113.25,"548,996"
MUB,08/10/2016,113.31,"415,916"
MUB,08/11/2016,113.23,"726,051"
MUB,08/12/2016,113.46,"335,085"
MUB,08/15/2016,113.33,"343,253"
MUB,08/16/2016,113.41,"457,897"
MUB,08/17/2016,113.45,"300,446"
MUB,08/18/2016,113.62,"372,563"
MUB,08/19/2016,113.52,"458,208"
MUB,08/22/2016,113.69,"243,111"
MUB,08/23/2016,113.65,"294,458"
MUB,08/24/2016,113.62,"233,507"
MUB,08/25/2016,113.62,"230,114"
MUB,08/26/2016,113.53,"411,672"
MUB,08/29/2016,113.68,"275,572"
MUB,08/30/2016,113.63,"337,338"
MUB,08/31/2016,113.6,"313,466"
MUB,09/01/2016,113.34,"454,816"
MUB,09/02/2016,113.2,"304,428"
MUB,09/06/2016,113.3,"359,666"
MUB,09/07/2016,113.3,"370,493"
MUB,09/08/2016,113.15,"313,628"
MUB,09/09/2016,112.95,"538,485"
MUB,09/12/2016,112.86,"346,162"
MUB,09/13/2016,112.63,"420,286"
MUB,09/14/2016,112.58,"376,363"
MUB,09/15/2016,112.58,"419,090"
MUB,09/16/2016,112.61,"528,175"
MUB,09/19/2016,112.5,"348,230"
MUB,09/20/2016,112.59,"217,909"
MUB,09/21/2016,112.56,"490,935"
MUB,09/22/2016,112.71,"369,958"
MUB,09/23/2016,112.69,"403,766"
MUB,09/26/2016,112.73,"307,023"
MUB,09/27/2016,112.87,"315,075"
MUB,09/28/2016,112.89,"301,911"
MUB,09/29/2016,112.88,"561,513"
MUB,09/30/2016,112.75,"508,535"
MUB,10/03/2016,112.49,"579,628"
MUB,10/04/2016,112.26,"449,843"
MUB,10/05/2016,112.06,"599,132"
MUB,10/06/2016,111.96,"473,864"
MUB,10/07/2016,111.98,"422,595"
MUB,10/10/2016,111.86,"216,562"
MUB,10/11/2016,111.74,"402,131"
MUB,10/12/2016,111.61,"284,275"
MUB,10/13/2016,111.56,"419,271"
MUB,10/14/2016,111.41,"319,843"
MUB,10/17/2016,111.45,"373,910"
MUB,10/18/2016,111.43,"359,431"
MUB,10/19/2016,111.4,"351,242"
MUB,10/20/2016,111.55,"402,795"
MUB,10/21/2016,111.56,"524,308"
MUB,10/24/2016,111.36,"361,120"
MUB,10/25/2016,111.53,"437,717"
MUB,10/26/2016,111.45,"249,714"
MUB,10/27/2016,111.26,"472,391"
MUB,10/28/2016,111.38,"327,223"
MUB,10/31/2016,111.46,"452,946"
MUB,11/01/2016,111.15,"352,244"
MUB,11/02/2016,111.38,"539,393"
MUB,11/03/2016,111.42,"420,353"
MUB,11/04/2016,111.47,"486,349"
MUB,11/07/2016,111.38,"380,409"
MUB,11/08/2016,111.33,"286,838"
MUB,11/09/2016,110.41,"900,258"
MUB,11/10/2016,109.83,"1,483,478"
MUB,11/11/2016,109.62,"422,160"
MUB,11/14/2016,108.41,"2,206,339"
MUB,11/15/2016,108.81,"942,658"
MUB,11/16/2016,108.56,"795,664"
MUB,11/17/2016,108.41,"584,230"
MUB,11/18/2016,108.41,"675,506"
MUB,11/21/2016,108.34,"693,827"
MUB,11/22/2016,108.1,"952,942"
MUB,11/23/2016,107.72,"1,127,938"
MUB,11/25/2016,107.78,"306,339"
MUB,11/28/2016,107.65,"893,820"
MUB,11/29/2016,107.07,"1,435,669"
MUB,11/30/2016,106.7,"1,213,923"
MUB,12/01/2016,106.51,"1,349,606"
MUB,12/02/2016,106.78,"1,279,332"
MUB,12/05/2016,106.72,"1,228,835"
MUB,12/06/2016,107.35,"2,292,913"
MUB,12/07/2016,108.16,"2,364,396"
MUB,12/08/2016,108.05,"1,899,926"
MUB,12/09/2016,107.91,"1,437,928"
MUB,12/12/2016,107.7,"1,280,813"
MUB,12/13/2016,107.78,"1,491,607"
MUB,12/14/2016,107.6,"1,488,381"
MUB,12/15/2016,107.24,"2,051,297"
MUB,12/16/2016,107.31,"1,431,662"
MUB,12/19/2016,107.55,"1,901,751"
MUB,12/20/2016,107.59,"2,594,331"
MUB,12/21/2016,107.71,"1,389,677"
MUB,12/22/2016,107.72,"1,950,248"
MUB,12/23/2016,107.83,"1,136,650"
MUB,12/27/2016,107.8,"1,774,274"
MUB,12/28/2016,108.07,"2,711,009"
MUB,12/29/2016,108.25,"2,324,878"
MUB,12/30/2016,108.18,"1,382,192"
MUB,01/03/2017,108.08,"1,113,914"
MUB,01/04/2017,108.3,"765,650"
MUB,01/05/2017,108.51,"655,805"
MUB,01/06/2017,108.35,"720,790"
MUB,01/09/2017,108.62,"2,183,740"
MUB,01/10/2017,108.59,"921,642"
MUB,01/11/2017,108.92,"1,329,305"
MUB,01/12/2017,109.26,"1,164,053"
MUB,01/13/2017,109.16,"859,705"
MUB,01/17/2017,109.23,"1,626,372"
MUB,01/18/2017,108.99,"754,713"
MUB,01/19/2017,108.54,"1,285,018"
MUB,01/20/2017,108.33,"1,096,762"
MUB,01/23/2017,108.45,"1,443,647"
MUB,01/24/2017,108.31,"931,039"
MUB,01/25/2017,108.14,"862,024"
MUB,01/26/2017,108.15,"1,266,488"
MUB,01/27/2017,108.31,"579,427"
MUB,01/30/2017,108.31,"1,129,698"
MUB,01/31/2017,108.46,"901,658"
MUB,02/01/2017,108.09,"1,536,399"
MUB,02/02/2017,108.25,"680,436"
MUB,02/03/2017,108.21,"1,627,865"
MUB,02/06/2017,108.39,"1,471,172"
MUB,02/07/2017,108.47,"751,603"
MUB,02/08/2017,108.69,"727,005"
MUB,02/09/2017,108.43,"502,658"
MUB,02/10/2017,108.45,"458,341"
MUB,02/13/2017,108.37,"613,729"
MUB,02/14/2017,108.08,"492,348"
MUB,02/15/2017,107.89,"788,032"
MUB,02/16/2017,108.16,"570,178"
MUB,02/17/2017,108.3,"405,450"
MUB,02/21/2017,108.3,"508,254"
MUB,02/22/2017,108.45,"473,407"
MUB,02/23/2017,108.54,"473,113"
MUB,02/24/2017,108.86,"669,755"
MUB,02/27/2017,108.72,"1,103,026"
MUB,02/28/2017,108.82,"556,220"
MUB,03/01/2017,108.24,"896,992"
MUB,03/02/2017,108.19,"445,167"
MUB,03/03/2017,108.06,"477,767"
MUB,03/06/2017,108.03,"513,448"
MUB,03/07/2017,108.01,"423,118"
MUB,03/08/2017,107.83,"837,738"
MUB,03/09/2017,107.63,"527,646"
MUB,03/10/2017,107.74,"554,886"
MUB,03/13/2017,107.74,"467,162"
MUB,03/14/2017,107.78,"530,707"
MUB,03/15/2017,108.12,"705,211"
MUB,03/16/2017,108.05,"354,473"
MUB,03/17/2017,108.11,"388,580"
MUB,03/20/2017,108.2172,"341,931"
MUB,03/21/2017,108.5,"537,378"
MUB,03/22/2017,108.63,"408,529"
MUB,03/23/2017,108.71,"1,096,631"
MUB,03/24/2017,108.78,"612,202"
MUB,03/27/2017,108.95,"439,626"
MUB,03/28/2017,108.88,"467,875"
MUB,03/29/2017,109.1,"402,373"
MUB,03/30/2017,108.91,"550,147"
MUB,03/31/2017,108.95,"347,458"
MUB,04/03/2017,108.81,"1,884,541"
MUB,04/04/2017,108.87,"559,776"
MUB,04/05/2017,108.97,"528,431"
MUB,04/06/2017,109.05,"595,847"
MUB,04/07/2017,109.12,"686,399"
MUB,04/10/2017,109.22,"514,524"
MUB,04/11/2017,109.38,"541,300"
MUB,04/12/2017,109.56,"554,174"
MUB,04/13/2017,109.64,"338,831"
MUB,04/17/2017,109.62,"449,215"
MUB,04/18/2017,109.95,"927,397"
MUB,04/19/2017,109.87,"462,859"
MUB,04/20/2017,109.74,"950,120"
MUB,04/21/2017,109.76,"538,969"
MUB,04/24/2017,109.5,"638,061"
MUB,04/25/2017,109.23,"446,512"
MUB,04/26/2017,109.31,"473,719"
MUB,04/27/2017,109.37,"352,649"
MUB,04/28/2017,109.33,"519,533"
MUB,05/01/2017,108.92,"546,642"
MUB,05/02/2017,109.08,"420,798"
MUB,05/03/2017,109.17,"397,336"
MUB,05/04/2017,109.14,"450,384"
MUB,05/05/2017,109.21,"293,553"
MUB,05/08/2017,109.18,"428,579"
MUB,05/09/2017,109.13,"463,070"
MUB,05/10/2017,109.24,"511,064"
MUB,05/11/2017,109.34,"410,968"
MUB,05/12/2017,109.52,"320,256"
MUB,05/15/2017,109.53,"448,582"
MUB,05/16/2017,109.67,"438,502"
MUB,05/17/2017,110.02,"813,762"
MUB,05/18/2017,110.14,"326,153"
MUB,05/19/2017,110.16,"340,487"
MUB,05/22/2017,110.19,"377,128"
MUB,05/23/2017,110.3,"614,580"
MUB,05/24/2017,110.34,"281,509"
MUB,05/25/2017,110.36,"339,758"
MUB,05/26/2017,110.46,"258,803"
MUB,05/30/2017,110.58,"432,850"
MUB,05/31/2017,110.79,"418,526"
MUB,06/01/2017,110.49,"344,112"
MUB,06/02/2017,110.77,"353,870"
MUB,06/05/2017,110.68,"411,117"
MUB,06/06/2017,110.89,"410,117"
MUB,06/07/2017,110.88,"448,707"
MUB,06/08/2017,110.75,"451,205"
MUB,06/09/2017,110.65,"323,440"
MUB,06/12/2017,110.63,"389,510"
MUB,06/13/2017,110.6,"468,513"
MUB,06/14/2017,110.76,"540,963"
MUB,06/15/2017,110.63,"394,566"
MUB,06/16/2017,110.7,"327,560"
MUB,06/19/2017,110.63,"372,438"
MUB,06/20/2017,110.72,"636,984"
MUB,06/21/2017,110.71,"395,508"
MUB,06/22/2017,110.75,"292,574"
MUB,06/23/2017,110.81,"322,521"
MUB,06/26/2017,110.85,"512,117"
MUB,06/27/2017,110.71,"657,232"
MUB,06/28/2017,110.57,"494,701"
MUB,06/29/2017,110.2,"660,650"
MUB,06/30/2017,110.12,"442,550"
MUB,07/03/2017,109.86,"387,980"
MUB,07/05/2017,109.99,"437,899"
MUB,07/06/2017,109.92,"379,454"
MUB,07/07/2017,109.85,"306,633"
MUB,07/10/2017,109.89,"406,180"
MUB,07/11/2017,109.93,"248,641"
MUB,07/12/2017,110.09,"310,578"
MUB,07/13/2017,110.08,"281,607"
MUB,07/14/2017,110.36,"347,126"
MUB,07/17/2017,110.37,"258,653"
MUB,07/18/2017,110.57,"296,828"
MUB,07/19/2017,110.72,"365,735"
MUB,07/20/2017,110.85,"606,203"
MUB,07/21/2017,110.93,"814,552"
MUB,07/24/2017,110.94,"379,941"
MUB,07/25/2017,110.78,"328,194"
MUB,07/26/2017,110.9,"452,133"
MUB,07/27/2017,110.8,"493,623"
MUB,07/28/2017,110.82,"393,867"
MUB,07/31/2017,110.87,"344,705"
MUB,08/01/2017,110.72,"403,902"
MUB,08/02/2017,110.77,"740,440"
MUB,08/03/2017,111,"452,174"
MUB,08/04/2017,110.88,"370,286"
MUB,08/07/2017,110.96,"365,341"
MUB,08/08/2017,110.89,"336,791"
MUB,08/09/2017,111,"348,265"
MUB,08/10/2017,111.18,"330,073"
MUB,08/11/2017,111.26,"298,420"
MUB,08/14/2017,111.19,"331,787"
MUB,08/15/2017,111.05,"321,637"
MUB,08/16/2017,111.07,"357,451"
MUB,08/17/2017,111.11,"347,396"
MUB,08/18/2017,111.13,"284,895"
MUB,08/21/2017,111.18,"246,970"
MUB,08/22/2017,111.15,"249,521"
MUB,08/23/2017,111.31,"366,485"
MUB,08/24/2017,111.28,"348,193"
MUB,08/25/2017,111.31,"261,419"
MUB,08/28/2017,111.33,"275,069"
MUB,08/29/2017,111.48,"249,789"
MUB,08/30/2017,111.47,"283,746"
MUB,08/31/2017,111.55,"204,941"
MUB,09/01/2017,111.24,"231,996"
MUB,09/05/2017,111.49,"411,582"
MUB,09/06/2017,111.46,"359,640"
MUB,09/07/2017,111.63,"403,556"
MUB,09/08/2017,111.66,"274,355"
MUB,09/11/2017,111.46,"368,616"
MUB,09/12/2017,111.39,"398,093"
MUB,09/13/2017,111.26,"381,122"
MUB,09/14/2017,111.26,"413,369"
MUB,09/15/2017,111.23,"374,471"
MUB,09/18/2017,111.2,"508,232"
MUB,09/19/2017,111.2,"421,647"
MUB,09/20/2017,110.98,"554,691"
MUB,09/21/2017,111.06,"456,014"
MUB,09/22/2017,111.19,"424,502"
MUB,09/25/2017,111.25,"535,530"
MUB,09/26/2017,111.22,"374,029"
MUB,09/27/2017,110.92,"607,195"
MUB,09/28/2017,110.88,"432,427"
MUB,09/29/2017,110.87,"406,322"
MUB,10/02/2017,110.66,"702,306"
MUB,10/03/2017,110.69,"447,694"
MUB,10/04/2017,110.75,"465,332"
MUB,10/05/2017,110.75,"342,076"
MUB,10/06/2017,110.7,"401,409"
MUB,10/09/2017,110.79,"295,584"
MUB,10/10/2017,110.78,"416,763"
MUB,10/11/2017,110.86,"355,398"
MUB,10/12/2017,110.94,"225,203"
MUB,10/13/2017,111.04,"301,511"
MUB,10/16/2017,111.14,"265,900"
MUB,10/17/2017,111.28,"1,023,411"
MUB,10/18/2017,111.22,"356,551"
MUB,10/19/2017,111.25,"513,695"
MUB,10/20/2017,111.09,"379,321"
MUB,10/23/2017,111.13,"316,304"
MUB,10/24/2017,111.02,"582,498"
MUB,10/25/2017,110.75,"1,363,651"
MUB,10/26/2017,110.64,"493,082"
MUB,10/27/2017,110.66,"524,569"
MUB,10/30/2017,110.79,"351,565"
MUB,10/31/2017,110.76,"319,684"
MUB,11/01/2017,110.52,"536,082"
MUB,11/02/2017,110.58,"359,033"
MUB,11/03/2017,110.74,"363,446"
MUB,11/06/2017,110.85,"292,074"
MUB,11/07/2017,111.13,"454,344"
MUB,11/08/2017,111.16,"339,747"
MUB,11/09/2017,111.06,"412,454"
MUB,11/10/2017,110.74,"490,674"
MUB,11/13/2017,110.74,"410,869"
MUB,11/14/2017,110.68,"518,381"
MUB,11/15/2017,110.83,"501,148"
MUB,11/16/2017,110.72,"397,821"
MUB,11/17/2017,110.66,"367,665"
MUB,11/20/2017,110.55,"318,981"
MUB,11/21/2017,110.52,"502,814"
MUB,11/22/2017,110.34,"403,726"
MUB,11/24/2017,110.15,"259,178"
MUB,11/27/2017,110.11,"437,172"
MUB,11/28/2017,109.95,"452,895"
MUB,11/29/2017,109.75,"598,426"
MUB,11/30/2017,110.04,"1,157,958"
MUB,12/01/2017,110.14,"1,043,345"
MUB,12/04/2017,110.18,"701,052"
MUB,12/05/2017,110.6,"621,047"
MUB,12/06/2017,111.24,"805,186"
MUB,12/07/2017,111.14,"788,250"
MUB,12/08/2017,110.56,"640,285"
MUB,12/11/2017,110.43,"715,489"
MUB,12/12/2017,110.4,"852,603"
MUB,12/13/2017,110.79,"1,032,642"
MUB,12/14/2017,110.87,"899,767"
MUB,12/15/2017,110.76,"682,444"
MUB,12/18/2017,110.57,"870,311"
MUB,12/19/2017,110.23,"903,491"
MUB,12/20/2017,109.99,"878,318"
MUB,12/21/2017,109.97,"1,043,664"
MUB,12/22/2017,110.01,"763,588"
MUB,12/26/2017,110.18,"893,594"
MUB,12/27/2017,110.71,"880,055"
MUB,12/28/2017,110.68,"1,033,681"
MUB,12/29/2017,110.74,"554,084"
MUB,01/02/2018,110.59,"966,919"
MUB,01/03/2018,110.72,"584,956"
MUB,01/04/2018,110.49,"944,526"
MUB,01/05/2018,110.48,"772,103"
MUB,01/08/2018,110.49,"730,924"
MUB,01/09/2018,110.38,"671,533"
MUB,01/10/2018,110.17,"737,944"
MUB,01/11/2018,110.21,"703,522"
MUB,01/12/2018,110.05,"532,903"
MUB,01/16/2018,110.08,"1,208,021"
MUB,01/17/2018,110.15,"742,837"
MUB,01/18/2018,110.11,"660,482"
MUB,01/19/2018,110.04,"553,527"
MUB,01/22/2018,110.02,"675,126"
MUB,01/23/2018,110,"663,017"
MUB,01/24/2018,109.89,"852,379"
MUB,01/25/2018,110,"508,666"
MUB,01/26/2018,109.75,"650,221"
MUB,01/29/2018,109.42,"843,620"
MUB,01/30/2018,109.37,"1,161,683"
MUB,01/31/2018,109.47,"833,086"
MUB,02/01/2018,108.82,"941,807"
MUB,02/02/2018,108.69,"835,054"
MUB,02/05/2018,108.58,"836,446"
MUB,02/06/2018,108.84,"1,413,228"
MUB,02/07/2018,108.65,"1,182,446"
MUB,02/08/2018,108.66,"730,622"
MUB,02/09/2018,108.62,"869,643"
MUB,02/12/2018,108.65,"887,943"
MUB,02/13/2018,108.68,"888,962"
MUB,02/14/2018,108.38,"492,853"
MUB,02/15/2018,108.52,"630,673"
MUB,02/16/2018,108.63,"460,701"
MUB,02/20/2018,108.53,"517,081"
MUB,02/21/2018,108.3,"603,001"
MUB,02/22/2018,108.38,"507,047"
MUB,02/23/2018,108.62,"438,833"
MUB,02/26/2018,108.52,"490,416"
MUB,02/27/2018,108.5,"665,031"
MUB,02/28/2018,108.61,"298,459"
MUB,03/01/2018,108.7,"456,493"
MUB,03/02/2018,108.38,"519,995"
MUB,03/05/2018,108.41,"389,849"
MUB,03/06/2018,108.33,"417,702"
MUB,03/07/2018,108.49,"414,513"
MUB,03/08/2018,108.56,"265,014"
MUB,03/09/2018,108.33,"347,361"
MUB,03/12/2018,108.23,"417,495"
MUB,03/13/2018,108.38,"462,558"
MUB,03/14/2018,108.44,"466,092"
MUB,03/15/2018,108.42,"426,567"
MUB,03/16/2018,108.51,"493,447"
MUB,03/19/2018,108.48,"696,521"
MUB,03/20/2018,108.38,"426,742"
MUB,03/21/2018,108.38,"376,879"
MUB,03/22/2018,108.68,"485,538"
MUB,03/23/2018,108.58,"427,910"
MUB,03/26/2018,108.5,"520,922"
MUB,03/27/2018,108.75,"428,680"
MUB,03/28/2018,108.91,"534,253"
MUB,03/29/2018,108.93,"428,788"
MUB,04/02/2018,108.65,"528,476"
MUB,04/03/2018,108.49,"563,612"
MUB,04/04/2018,108.5,"706,521"
MUB,04/05/2018,108.32,"369,738"
MUB,04/06/2018,108.54,"438,283"
MUB,04/09/2018,108.5,"459,395"
MUB,04/10/2018,108.49,"696,330"
MUB,04/11/2018,108.54,"444,890"
MUB,04/12/2018,108.39,"372,673"
MUB,04/13/2018,108.47,"438,306"
MUB,04/16/2018,108.4,"529,927"
MUB,04/17/2018,108.54,"999,008"
MUB,04/18/2018,108.44,"455,479"
MUB,04/19/2018,108.23,"878,463"
MUB,04/20/2018,108.17,"627,457"
MUB,04/23/2018,108.07,"891,486"
MUB,04/24/2018,107.94,"1,216,236"
MUB,04/25/2018,107.59,"955,978"
MUB,04/26/2018,107.8,"950,339"
MUB,04/27/2018,107.91,"449,786"
MUB,04/30/2018,107.97,"675,207"
MUB,05/01/2018,107.79,"541,219"
MUB,05/02/2018,107.95,"742,582"
MUB,05/03/2018,108.19,"567,047"
MUB,05/04/2018,108.25,"363,968"
MUB,05/07/2018,108.27,"447,826"
MUB,05/08/2018,108.3,"402,675"
MUB,05/09/2018,108.3,"428,889"
MUB,05/10/2018,108.39,"336,641"
MUB,05/11/2018,108.53,"337,923"
MUB,05/14/2018,108.5,"395,272"
MUB,05/15/2018,108.2,"463,645"
MUB,05/16/2018,108.17,"235,535"
MUB,05/17/2018,108.13,"870,732"
MUB,05/18/2018,108.29,"1,562,748"
MUB,05/21/2018,108.29,"339,558"
MUB,05/22/2018,108.33,"291,019"
MUB,05/23/2018,108.57,"469,227"
MUB,05/24/2018,108.77,"316,158"
MUB,05/25/2018,108.85,"1,542,127"
MUB,05/29/2018,109.29,"813,425"
MUB,05/30/2018,109.03,"1,158,391"
MUB,05/31/2018,109.11,"630,189"
MUB,06/01/2018,108.7,"308,333"
MUB,06/04/2018,108.65,"693,890"
MUB,06/05/2018,108.86,"728,378"
MUB,06/06/2018,108.69,"340,725"
MUB,06/07/2018,108.86,"600,985"
MUB,06/08/2018,108.83,"580,954"
MUB,06/11/2018,108.76,"480,907"
MUB,06/12/2018,108.75,"1,318,951"
MUB,06/13/2018,108.66,"2,808,296"
MUB,06/14/2018,108.81,"1,083,636"
MUB,06/15/2018,108.8,"779,477"
MUB,06/18/2018,108.82,"430,071"
MUB,06/19/2018,108.93,"550,926"
MUB,06/20/2018,108.88,"435,616"
MUB,06/21/2018,109.02,"596,646"
MUB,06/22/2018,108.91,"847,411"
MUB,06/25/2018,108.95,"478,871"
MUB,06/26/2018,108.93,"343,382"
MUB,06/27/2018,109.09,"699,959"
MUB,06/28/2018,108.99,"419,896"
MUB,06/29/2018,109.04,"434,838"
MUB,07/02/2018,108.77,"434,174"
MUB,07/03/2018,109,"246,649"
MUB,07/05/2018,108.93,"650,002"
MUB,07/06/2018,109,"522,593"
MUB,07/09/2018,108.93,"367,686"
MUB,07/10/2018,108.98,"340,590"
MUB,07/11/2018,109.14,"490,978"
MUB,07/12/2018,109.16,"332,760"
MUB,07/13/2018,109.26,"342,442"
MUB,07/16/2018,109.19,"494,373"
MUB,07/17/2018,109.21,"625,957"
MUB,07/18/2018,109.27,"391,004"
MUB,07/19/2018,109.4,"385,602"
MUB,07/20/2018,109.23,"428,798"
MUB,07/23/2018,109.04,"322,515"
MUB,07/24/2018,108.98,"366,065"
MUB,07/25/2018,109.01,"326,793"
MUB,07/26/2018,109.02,"276,631"
MUB,07/27/2018,108.99,"405,919"
MUB,07/30/2018,108.91,"2,853,212"
MUB,07/31/2018,108.97,"342,411"
MUB,08/01/2018,108.57,"763,180"
MUB,08/02/2018,108.68,"669,549"
MUB,08/03/2018,108.73,"297,774"
MUB,08/06/2018,108.76,"550,672"
MUB,08/07/2018,108.61,"405,529"
MUB,08/08/2018,108.67,"508,423"
MUB,08/09/2018,108.7,"672,547"
MUB,08/10/2018,108.85,"625,914"
MUB,08/13/2018,108.84,"374,207"
MUB,08/14/2018,108.83,"384,010"
MUB,08/15/2018,108.98,"512,866"
MUB,08/16/2018,108.98,"358,363"
MUB,08/17/2018,108.97,"353,197"
MUB,08/20/2018,109.04,"537,629"
MUB,08/21/2018,108.94,"403,129"
MUB,08/22/2018,109.06,"295,822"
MUB,08/23/2018,109,"318,756"
MUB,08/24/2018,109.02,"339,009"
MUB,08/27/2018,108.98,"360,566"
MUB,08/28/2018,108.9,"878,231"
MUB,08/29/2018,108.93,"374,015"
MUB,08/30/2018,108.93,"416,325"
MUB,08/31/2018,108.91,"380,374"
MUB,09/04/2018,108.51,"612,552"
MUB,09/05/2018,108.54,"560,971"
MUB,09/06/2018,108.55,"705,161"
MUB,09/07/2018,108.22,"683,003"
MUB,09/10/2018,108.24,"665,693"
MUB,09/11/2018,108.13,"1,026,836"
MUB,09/12/2018,108.18,"725,564"
MUB,09/13/2018,108.2,"1,037,812"
MUB,09/14/2018,108.06,"595,057"
MUB,09/17/2018,108.03,"493,630"
MUB,09/18/2018,107.89,"1,143,907"
MUB,09/19/2018,107.76,"2,083,821"
MUB,09/20/2018,107.82,"1,245,166"
MUB,09/21/2018,107.84,"664,528"
MUB,09/24/2018,107.77,"673,737"
MUB,09/25/2018,107.7,"856,117"
MUB,09/26/2018,107.86,"776,574"
MUB,09/27/2018,108.01,"974,838"
MUB,09/28/2018,107.94,"439,464"
MUB,10/01/2018,107.67,"556,072"
MUB,10/02/2018,107.78,"610,025"
MUB,10/03/2018,107.33,"2,832,321"
MUB,10/04/2018,107.18,"986,947"
MUB,10/05/2018,107.11,"1,268,074"
MUB,10/08/2018,107.05,"539,623"
MUB,10/09/2018,106.94,"827,840"
MUB,10/10/2018,106.9,"924,428"
MUB,10/11/2018,107.01,"1,653,163"
MUB,10/12/2018,106.89,"869,809"
MUB,10/15/2018,106.95,"805,496"
MUB,10/16/2018,107,"1,502,240"
MUB,10/17/2018,106.83,"627,261"
MUB,10/18/2018,107.04,"1,174,551"
MUB,10/19/2018,106.98,"645,897"
MUB,10/22/2018,106.99,"455,216"
MUB,10/23/2018,108.15,"1,131,979"
MUB,10/24/2018,107.32,"1,381,821"
MUB,10/25/2018,107.28,"1,484,162"
MUB,10/26/2018,107.33,"1,059,589"
MUB,10/29/2018,107.4,"902,778"
MUB,10/30/2018,107.28,"927,670"
MUB,10/31/2018,107.1,"1,358,136"
MUB,11/01/2018,106.82,"1,286,754"
MUB,11/02/2018,106.6,"1,569,761"
MUB,11/05/2018,106.57,"1,208,183"
MUB,11/06/2018,106.42,"1,349,356"
MUB,11/07/2018,106.73,"1,159,604"
MUB,11/08/2018,106.71,"1,701,382"
MUB,11/09/2018,106.9,"2,087,007"
MUB,11/12/2018,107.01,"674,933"
MUB,11/13/2018,107.02,"772,469"
MUB,11/14/2018,107.16,"1,220,011"
MUB,11/15/2018,107.23,"1,723,269"
MUB,11/16/2018,107.36,"739,055"
MUB,11/19/2018,107.37,"1,345,448"
MUB,11/20/2018,107.5,"1,282,607"
MUB,11/21/2018,107.48,"784,525"
MUB,11/23/2018,107.58,"651,556"
MUB,11/26/2018,107.54,"1,061,605"
MUB,11/27/2018,107.59,"1,155,256"
MUB,11/28/2018,107.71,"2,915,707"
MUB,11/29/2018,107.81,"1,360,487"
MUB,11/30/2018,108.04,"1,550,386"
MUB,12/03/2018,107.86,"1,962,652"
MUB,12/04/2018,108.24,"2,176,379"
MUB,12/06/2018,108.44,"2,314,009"
MUB,12/07/2018,108.61,"2,353,795"
MUB,12/10/2018,108.57,"1,552,424"
MUB,12/11/2018,108.46,"1,642,770"
MUB,12/12/2018,108.39,"1,797,076"
MUB,12/13/2018,108.4,"2,787,469"
MUB,12/14/2018,108.37,"1,832,550"
MUB,12/17/2018,108.42,"2,532,079"
MUB,12/18/2018,108.39,"1,714,120"
MUB,12/19/2018,108.63,"3,013,710"
MUB,12/20/2018,108.66,"2,903,473"
MUB,12/21/2018,108.7,"2,262,604"
MUB,12/24/2018,108.88,"929,227"
MUB,12/26/2018,108.63,"2,119,463"
MUB,12/27/2018,108.86,"1,610,985"
MUB,12/28/2018,108.94,"1,938,423"
MUB,12/31/2018,109.04,"1,917,719"
MUB,01/02/2019,109.01,"3,337,795"
MUB,01/03/2019,109.32,"1,065,543"
MUB,01/04/2019,109.03,"1,894,537"
MUB,01/07/2019,109.02,"1,661,933"
MUB,01/08/2019,108.94,"922,029"
MUB,01/09/2019,108.82,"1,140,185"
MUB,01/10/2019,108.92,"1,022,330"
MUB,01/11/2019,108.93,"1,854,857"
MUB,01/14/2019,109.01,"2,117,864"
MUB,01/15/2019,109.02,"1,295,426"
MUB,01/16/2019,109.1,"1,181,656"
MUB,01/17/2019,109.1,"1,418,207"
MUB,01/18/2019,108.97,"1,573,892"
MUB,01/22/2019,108.97,"2,568,500"
MUB,01/23/2019,108.98,"2,611,772"
MUB,01/24/2019,108.98,"993,036"
MUB,01/25/2019,108.98,"1,262,162"
MUB,01/28/2019,108.97,"1,554,186"
MUB,01/29/2019,109.12,"666,873"
MUB,01/30/2019,109.21,"677,763"
MUB,01/31/2019,109.45,"1,158,329"
MUB,02/01/2019,109.08,"2,092,931"
MUB,02/04/2019,109.1,"1,325,171"
MUB,02/05/2019,109.11,"945,304"
MUB,02/06/2019,109.18,"977,981"
MUB,02/07/2019,109.38,"897,702"
MUB,02/08/2019,109.5,"531,623"
MUB,02/11/2019,109.51,"1,094,054"
MUB,02/12/2019,109.61,"909,267"
MUB,02/13/2019,109.48,"633,152"
MUB,02/14/2019,109.7,"391,542"
MUB,02/15/2019,109.62,"511,121"
MUB,02/19/2019,109.75,"503,818"
MUB,02/20/2019,109.81,"362,583"
MUB,02/21/2019,109.69,"531,565"
MUB,02/22/2019,109.85,"748,538"
MUB,02/25/2019,109.77,"609,293"
MUB,02/26/2019,110.02,"607,442"
MUB,02/27/2019,109.83,"1,708,817"
MUB,02/28/2019,109.81,"472,548"
MUB,03/01/2019,109.58,"1,747,838"
MUB,03/04/2019,109.66,"596,290"
MUB,03/05/2019,109.69,"534,726"
MUB,03/06/2019,109.8,"2,469,981"
MUB,03/07/2019,110.02,"1,531,344"
MUB,03/08/2019,110.05,"722,172"
MUB,03/11/2019,110.01,"598,660"
MUB,03/12/2019,110.14,"477,691"
MUB,03/13/2019,110.12,"415,482"
MUB,03/14/2019,110.03,"418,867"
MUB,03/15/2019,110.17,"431,332"
MUB,03/18/2019,110.17,"1,054,471"
MUB,03/19/2019,110.23,"408,948"
MUB,03/20/2019,110.39,"648,194"
MUB,03/21/2019,110.54,"571,364"
MUB,03/22/2019,111,"1,416,816"
MUB,03/25/2019,111.08,"695,484"
MUB,03/26/2019,111.16,"454,905"
MUB,03/27/2019,111.29,"630,055"
MUB,03/28/2019,111.36,"382,825"
MUB,03/29/2019,111.19,"384,606"
MUB,04/01/2019,110.75,"1,760,101"
MUB,04/02/2019,110.84,"477,450"
MUB,04/03/2019,110.69,"546,462"
MUB,04/04/2019,110.68,"544,082"
MUB,04/05/2019,110.74,"705,282"
MUB,04/08/2019,110.67,"547,872"
MUB,04/09/2019,110.82,"436,075"
MUB,04/10/2019,110.9,"579,607"
MUB,04/11/2019,110.87,"361,835"
MUB,04/12/2019,110.67,"409,295"
MUB,04/15/2019,110.82,"495,739"
MUB,04/16/2019,110.76,"517,678"
MUB,04/17/2019,110.8,"402,286"
MUB,04/18/2019,110.87,"597,158"
MUB,04/22/2019,110.9,"1,828,525"
MUB,04/23/2019,111.05,"1,000,397"
MUB,04/24/2019,111.3,"1,303,070"
MUB,04/25/2019,111.33,"493,113"
MUB,04/26/2019,111.49,"620,618"
MUB,04/29/2019,111.45,"491,284"
MUB,04/30/2019,111.54,"432,008"
MUB,05/01/2019,111.38,"629,876"
MUB,05/02/2019,111.34,"416,129"
MUB,05/03/2019,111.46,"456,907"
MUB,05/06/2019,111.6,"2,342,991"
MUB,05/07/2019,111.78,"1,185,701"
MUB,05/08/2019,111.67,"1,042,292"
MUB,05/09/2019,111.88,"1,136,847"
MUB,05/10/2019,111.89,"1,497,153"
MUB,05/13/2019,112.15,"932,607"
MUB,05/14/2019,112.2,"618,456"
MUB,05/15/2019,112.41,"466,785"
MUB,05/16/2019,112.38,"430,273"
MUB,05/17/2019,112.43,"578,049"
MUB,05/20/2019,112.39,"347,160"
MUB,05/21/2019,112.26,"457,938"
MUB,05/22/2019,112.36,"319,521"
MUB,05/23/2019,112.42,"625,819"
MUB,05/24/2019,112.5,"431,423"
MUB,05/28/2019,112.55,"725,803"
MUB,05/29/2019,112.6,"582,369"
MUB,05/30/2019,112.67,"439,194"
MUB,05/31/2019,112.87,"423,268"
MUB,06/03/2019,112.85,"534,034"
MUB,06/04/2019,112.73,"505,493"
MUB,06/05/2019,112.67,"505,040"
MUB,06/06/2019,112.56,"2,178,737"
MUB,06/07/2019,112.88,"1,730,894"
MUB,06/10/2019,112.73,"987,143"
MUB,06/11/2019,112.68,"425,854"
MUB,06/12/2019,112.71,"438,385"
MUB,06/13/2019,112.75,"484,987"
MUB,06/14/2019,112.78,"460,129"
MUB,06/17/2019,112.73,"371,077"
MUB,06/18/2019,112.86,"983,658"
MUB,06/19/2019,112.87,"1,074,921"
MUB,06/20/2019,112.97,"662,885"
MUB,06/21/2019,112.85,"510,447"
MUB,06/24/2019,112.98,"553,711"
MUB,06/25/2019,113,"877,316"
MUB,06/26/2019,112.9,"469,960"
MUB,06/27/2019,113.08,"646,138"
MUB,06/28/2019,113.09,"556,200"
MUB,07/01/2019,112.74,"909,433"
MUB,07/02/2019,113,"418,348"
MUB,07/03/2019,113.07,"257,752"
MUB,07/05/2019,112.94,"441,590"
MUB,07/08/2019,113.01,"1,144,932"
MUB,07/09/2019,113.23,"1,436,438"
MUB,07/10/2019,113.29,"605,011"
MUB,07/11/2019,113.14,"474,150"
MUB,07/12/2019,113.32,"560,280"
MUB,07/15/2019,113.29,"698,141"
MUB,07/16/2019,113.21,"1,231,100"
MUB,07/17/2019,113.41,"565,527"
MUB,07/18/2019,113.49,"425,162"
MUB,07/19/2019,113.44,"858,787"
MUB,07/22/2019,113.44,"393,925"
MUB,07/23/2019,113.38,"379,320"
MUB,07/24/2019,113.49,"582,830"
MUB,07/25/2019,113.55,"469,457"
MUB,07/26/2019,113.54,"326,287"
MUB,07/29/2019,113.53,"543,856"
MUB,07/30/2019,113.69,"2,100,268"
MUB,07/31/2019,113.69,"612,099"
MUB,08/01/2019,113.77,"2,350,199"
MUB,08/02/2019,113.89,"504,893"
MUB,08/05/2019,114.2,"1,389,825"
MUB,08/06/2019,114.27,"616,382"
MUB,08/07/2019,114.56,"1,013,903"
MUB,08/08/2019,114.62,"669,487"
MUB,08/09/2019,114.57,"385,543"
MUB,08/12/2019,114.94,"680,045"
MUB,08/13/2019,114.78,"722,378"
MUB,08/14/2019,115.15,"801,574"
MUB,08/15/2019,115.35,"436,817"
MUB,08/16/2019,115.3,"486,948"
MUB,08/19/2019,115.13,"567,596"
MUB,08/20/2019,115.24,"486,253"
MUB,08/21/2019,115.09,"1,156,507"
MUB,08/22/2019,115,"465,888"
MUB,08/23/2019,115.15,"2,193,496"
MUB,08/26/2019,115.07,"1,346,560"
MUB,08/27/2019,115.22,"597,890"
MUB,08/28/2019,115.33,"531,607"
MUB,08/29/2019,115.21,"637,969"
MUB,08/30/2019,115.2,"324,886"
MUB,09/03/2019,115.02,"1,288,127"
MUB,09/04/2019,115.02,"398,323"
MUB,09/05/2019,114.73,"1,144,675"
MUB,09/06/2019,114.73,"413,729"
MUB,09/09/2019,114.41,"456,142"
MUB,09/10/2019,114.18,"1,462,942"
MUB,09/11/2019,113.85,"1,135,188"
MUB,09/12/2019,113.79,"1,177,492"
MUB,09/13/2019,113.37,"1,247,037"
MUB,09/16/2019,113.19,"877,089"
MUB,09/17/2019,113.32,"897,242"
MUB,09/18/2019,113.51,"1,885,673"
MUB,09/19/2019,113.79,"727,105"
MUB,09/20/2019,113.99,"604,930"
MUB,09/23/2019,114.1,"1,419,388"
MUB,09/24/2019,114.31,"1,001,352"
MUB,09/25/2019,114.06,"495,236"
MUB,09/26/2019,114.05,"587,833"
MUB,09/27/2019,114.1,"473,951"
MUB,09/30/2019,114.1,"1,217,524"
MUB,10/01/2019,113.93,"804,444"
MUB,10/02/2019,114.13,"558,212"
MUB,10/03/2019,114.37,"767,519"
MUB,10/04/2019,114.37,"749,834"
MUB,10/07/2019,114.28,"567,041"
MUB,10/08/2019,114.61,"1,698,064"
MUB,10/09/2019,114.58,"630,071"
MUB,10/10/2019,114.38,"654,591"
MUB,10/11/2019,114.06,"1,206,589"
MUB,10/14/2019,114.26,"335,417"
MUB,10/15/2019,114.18,"388,189"
MUB,10/16/2019,114.18,"584,562"
MUB,10/17/2019,113.95,"561,997"
MUB,10/18/2019,113.99,"370,864"
MUB,10/21/2019,113.71,"378,107"
MUB,10/22/2019,113.78,"668,785"
MUB,10/23/2019,113.73,"483,122"
MUB,10/24/2019,113.8,"530,786"
MUB,10/25/2019,113.79,"507,344"
MUB,10/28/2019,113.73,"766,982"
MUB,10/29/2019,113.68,"711,507"
MUB,10/30/2019,113.86,"871,454"
MUB,10/31/2019,114.21,"684,785"
MUB,11/01/2019,113.94,"962,492"
MUB,11/04/2019,113.83,"691,822"
MUB,11/05/2019,113.65,"770,242"
MUB,11/06/2019,113.68,"716,573"
MUB,11/07/2019,113.2,"822,785"
MUB,11/08/2019,113.18,"565,838"
MUB,11/11/2019,113.25,"387,675"
MUB,11/12/2019,113.28,"529,784"
MUB,11/13/2019,113.45,"639,805"
MUB,11/14/2019,113.6,"653,193"
MUB,11/15/2019,113.58,"691,325"
MUB,11/18/2019,113.62,"797,295"
MUB,11/19/2019,113.64,"737,884"
MUB,11/20/2019,113.88,"563,814"
MUB,11/21/2019,113.9,"1,166,242"
MUB,11/22/2019,113.88,"640,026"
MUB,11/25/2019,113.94,"740,803"
MUB,11/26/2019,114.05,"522,146"
MUB,11/27/2019,114.05,"410,853"
MUB,11/29/2019,114.05,"203,914"
MUB,12/02/2019,113.64,"803,862"
MUB,12/03/2019,113.98,"574,291"
MUB,12/04/2019,113.91,"646,211"
MUB,12/05/2019,113.95,"538,533"
MUB,12/06/2019,113.89,"717,886"
MUB,12/09/2019,113.97,"1,027,427"
MUB,12/10/2019,113.99,"376,898"
MUB,12/11/2019,114.19,"618,079"
MUB,12/12/2019,114,"916,171"
MUB,12/13/2019,114.15,"893,804"
MUB,12/16/2019,114.01,"898,667"
MUB,12/17/2019,114.09,"1,065,112"
MUB,12/18/2019,114.05,"747,608"
MUB,12/19/2019,113.87,"843,446"
MUB,12/20/2019,113.78,"771,952"
MUB,12/23/2019,113.79,"804,628"
MUB,12/24/2019,113.93,"371,495"
MUB,12/26/2019,113.97,"670,793"
MUB,12/27/2019,113.98,"596,760"
MUB,12/30/2019,114,"748,007"
MUB,12/31/2019,113.91,"674,699"
MUB,01/02/2020,114.01,"2,286,137"
MUB,01/03/2020,114.42,"1,757,359"
MUB,01/06/2020,114.53,"2,040,635"
MUB,01/07/2020,114.59,"1,762,097"
MUB,01/08/2020,114.61,"986,931"
MUB,01/09/2020,114.75,"832,082"
MUB,01/10/2020,114.76,"750,354"
MUB,01/13/2020,114.72,"870,180"
MUB,01/14/2020,114.86,"633,114"
MUB,01/15/2020,114.98,"1,331,987"
MUB,01/16/2020,115.05,"1,844,000"
MUB,01/17/2020,114.92,"1,247,688"
MUB,01/21/2020,115.08,"2,010,193"
MUB,01/22/2020,115.13,"1,006,229"
MUB,01/23/2020,115.29,"2,658,622"
MUB,01/24/2020,115.42,"1,059,099"
MUB,01/27/2020,115.59,"622,806"
MUB,01/28/2020,115.52,"906,630"
MUB,01/29/2020,115.77,"622,980"
MUB,01/30/2020,115.69,"1,552,301"
MUB,01/31/2020,115.8,"995,338"
MUB,02/03/2020,115.62,"675,367"
MUB,02/04/2020,115.42,"743,116"
MUB,02/05/2020,115.32,"655,372"
MUB,02/06/2020,115.27,"836,494"
MUB,02/07/2020,115.49,"550,236"
MUB,02/10/2020,115.56,"671,665"
MUB,02/11/2020,115.6,"619,285"
MUB,02/12/2020,115.52,"1,110,577"
MUB,02/13/2020,115.52,"685,273"
MUB,02/14/2020,115.67,"883,453"
MUB,02/18/2020,115.78,"795,232"
MUB,02/19/2020,115.87,"751,414"
MUB,02/20/2020,116.02,"671,892"
MUB,02/21/2020,116.33,"2,148,454"
MUB,02/24/2020,116.83,"969,439"
MUB,02/25/2020,116.94,"1,245,918"
MUB,02/26/2020,116.89,"777,027"
MUB,02/27/2020,116.94,"1,230,142"
MUB,02/28/2020,116.71,"2,819,280"
MUB,03/02/2020,116.65,"1,423,283"
MUB,03/03/2020,116.78,"2,641,088"
MUB,03/04/2020,116.65,"1,440,704"
MUB,03/05/2020,116.78,"1,301,432"
MUB,03/06/2020,116.8,"3,133,894"
MUB,03/09/2020,117.61,"9,894,369"
MUB,03/10/2020,116.34,"2,384,720"
MUB,03/11/2020,114.6,"2,713,507"
MUB,03/12/2020,109.05,"5,585,823"
MUB,03/13/2020,111.51,"6,374,062"
MUB,03/16/2020,110,"2,403,352"
MUB,03/17/2020,110.72,"2,436,581"
MUB,03/18/2020,103.91,"4,731,273"
MUB,03/19/2020,101.52,"5,028,469"
MUB,03/20/2020,102.3,"5,300,639"
MUB,03/23/2020,104.24,"4,528,399"
MUB,03/24/2020,106.52,"3,934,864"
MUB,03/25/2020,111.19,"4,505,860"
MUB,03/26/2020,115,"4,672,470"
MUB,03/27/2020,113.5,"4,354,351"
MUB,03/30/2020,113.82,"1,805,977"
MUB,03/31/2020,113.01,"1,688,570"
MUB,04/01/2020,110.06,"4,262,461"
MUB,04/02/2020,110.07,"1,972,301"
MUB,04/03/2020,109.93,"2,344,897"
MUB,04/06/2020,111.2,"1,371,069"
MUB,04/07/2020,111.93,"1,398,949"
MUB,04/08/2020,112.33,"1,455,580"
MUB,04/09/2020,113.12,"2,559,781"
MUB,04/13/2020,113,"1,367,145"
MUB,04/14/2020,113.24,"1,237,173"
MUB,04/15/2020,113.87,"1,650,792"
MUB,04/16/2020,113.6,"1,318,021"
MUB,04/17/2020,113.51,"905,155"
MUB,04/20/2020,113.09,"1,379,932"
MUB,04/21/2020,112.53,"1,337,419"
MUB,04/22/2020,112.42,"958,581"
MUB,04/23/2020,111.88,"1,494,371"
MUB,04/24/2020,111.84,"1,813,442"
MUB,04/27/2020,111.8,"1,765,244"
MUB,04/28/2020,111.31,"1,382,990"
MUB,04/29/2020,111.29,"1,273,288"
MUB,04/30/2020,111.23,"1,821,788"
MUB,05/01/2020,111.57,"1,556,616"
MUB,05/04/2020,111.87,"1,310,097"
MUB,05/05/2020,112.13,"1,439,511"
MUB,05/06/2020,112.23,"1,889,649"
MUB,05/07/2020,112.62,"1,450,102"
MUB,05/08/2020,112.61,"1,110,178"
MUB,05/11/2020,112.63,"823,493"
MUB,05/12/2020,112.84,"1,127,331"
MUB,05/13/2020,112.93,"1,469,030"
MUB,05/14/2020,113.17,"1,322,968"
MUB,05/15/2020,113.49,"789,379"
MUB,05/18/2020,113.46,"1,138,846"
MUB,05/19/2020,113.84,"857,453"
MUB,05/20/2020,113.96,"712,325"
MUB,05/21/2020,114.2,"1,236,562"
MUB,05/22/2020,114.55,"741,580"
MUB,05/26/2020,114.61,"785,992"
MUB,05/27/2020,114.83,"987,133"
MUB,05/28/2020,114.72,"1,047,804"
MUB,05/29/2020,115.19,"1,364,494"
MUB,06/01/2020,114.95,"1,010,483"
MUB,06/02/2020,114.84,"1,296,384"
MUB,06/03/2020,114.65,"1,762,531"
MUB,06/04/2020,114.55,"1,762,719"
MUB,06/05/2020,114.43,"1,916,008"
MUB,06/08/2020,114.51,"1,363,244"
MUB,06/09/2020,114.86,"3,125,846"
MUB,06/10/2020,114.91,"1,458,747"
MUB,06/11/2020,115.08,"951,151"
MUB,06/12/2020,114.91,"812,802"
MUB,06/15/2020,115.11,"753,033"
MUB,06/16/2020,114.92,"968,375"
MUB,06/17/2020,115.13,"963,307"
MUB,06/18/2020,115.14,"616,056"
MUB,06/19/2020,115.18,"993,790"
MUB,06/22/2020,115.38,"1,021,943"
MUB,06/23/2020,115.34,"967,811"
MUB,06/24/2020,115.23,"885,251"
MUB,06/25/2020,115.36,"1,007,639"
MUB,06/26/2020,115.44,"816,890"
MUB,06/29/2020,115.44,"1,186,957"
MUB,06/30/2020,115.4,"819,885"
MUB,07/01/2020,115.26,"895,788"
MUB,07/02/2020,115.46,"968,943"
MUB,07/06/2020,115.41,"824,337"
MUB,07/07/2020,115.45,"1,028,605"
MUB,07/08/2020,115.43,"1,052,875"
MUB,07/09/2020,115.53,"795,701"
MUB,07/10/2020,115.61,"860,116"
MUB,07/13/2020,115.6,"706,760"
MUB,07/14/2020,115.82,"812,203"
MUB,07/15/2020,115.89,"649,940"
MUB,07/16/2020,116.04,"652,219"
MUB,07/17/2020,116.06,"1,014,418"
MUB,07/20/2020,116.31,"914,046"
MUB,07/21/2020,116.31,"764,370"
MUB,07/22/2020,116.47,"1,463,727"
MUB,07/23/2020,116.58,"761,997"
MUB,07/24/2020,116.62,"664,742"
MUB,07/27/2020,116.58,"753,165"
MUB,07/28/2020,116.58,"889,811"
MUB,07/29/2020,116.68,"740,786"
MUB,07/30/2020,116.75,"1,209,176"
MUB,07/31/2020,116.86,"724,077"
MUB,08/03/2020,116.74,"880,631"
MUB,08/04/2020,116.83,"684,596"
MUB,08/05/2020,116.96,"795,261"
MUB,08/06/2020,117.17,"681,732"
MUB,08/07/2020,117.17,"652,733"
MUB,08/10/2020,117.22,"736,385"
MUB,08/11/2020,117.11,"1,562,265"
MUB,08/12/2020,117.02,"2,300,701"
MUB,08/13/2020,116.9,"916,264"
MUB,08/14/2020,116.82,"836,783"
MUB,08/17/2020,116.8,"790,358"
MUB,08/18/2020,116.77,"1,565,412"
MUB,08/19/2020,116.52,"1,391,651"
MUB,08/20/2020,116.22,"1,358,010"
MUB,08/21/2020,116.23,"1,531,591"
MUB,08/24/2020,116.42,"780,738"
MUB,08/25/2020,116.24,"1,914,805"
MUB,08/26/2020,116.11,"1,812,615"
MUB,08/27/2020,115.71,"1,735,517"
MUB,08/28/2020,115.86,"848,343"
MUB,08/31/2020,115.98,"887,710"
MUB,09/01/2020,115.86,"938,206"
MUB,09/02/2020,115.85,"1,250,747"
MUB,09/03/2020,116.03,"1,911,257"
MUB,09/04/2020,115.85,"1,185,189"
MUB,09/08/2020,115.84,"735,663"
MUB,09/09/2020,115.92,"789,328"
MUB,09/10/2020,115.81,"964,906"
MUB,09/11/2020,115.94,"1,063,211"
MUB,09/14/2020,115.85,"1,665,114"
MUB,09/15/2020,115.98,"926,034"
MUB,09/16/2020,115.92,"968,885"
MUB,09/17/2020,115.95,"570,619"
MUB,09/18/2020,115.96,"680,325"
MUB,09/21/2020,115.91,"1,097,986"
MUB,09/22/2020,115.98,"1,034,012"
MUB,09/23/2020,115.68,"2,117,668"
MUB,09/24/2020,115.75,"1,931,535"
MUB,09/25/2020,115.95,"1,189,078"
MUB,09/28/2020,116.08,"1,098,064"
MUB,09/29/2020,116.11,"1,468,039"
MUB,09/30/2020,115.93,"1,153,833"
MUB,10/01/2020,115.71,"1,264,033"
MUB,10/02/2020,115.69,"966,781"
MUB,10/05/2020,115.54,"1,057,910"
MUB,10/06/2020,115.48,"1,347,654"
MUB,10/07/2020,115.29,"850,377"
MUB,10/08/2020,115.2,"914,762"
MUB,10/09/2020,115.26,"845,428"
MUB,10/12/2020,115.26,"732,086"
MUB,10/13/2020,115.31,"2,619,957"
MUB,10/14/2020,115.33,"1,261,503"
MUB,10/15/2020,115.27,"1,283,670"
MUB,10/16/2020,115.31,"729,980"
MUB,10/19/2020,115.31,"663,279"
MUB,10/20/2020,115.28,"738,806"
MUB,10/21/2020,115.16,"1,227,387"
MUB,10/22/2020,115.26,"1,150,316"
MUB,10/23/2020,115.25,"759,259"
MUB,10/26/2020,115.26,"687,589"
MUB,10/27/2020,115.42,"1,566,051"
MUB,10/28/2020,115.27,"1,482,338"
MUB,10/29/2020,115.17,"1,022,286"
MUB,10/30/2020,115.12,"1,302,237"
MUB,11/02/2020,115.09,"1,028,027"
MUB,11/03/2020,115.08,"641,489"
MUB,11/04/2020,115.76,"1,854,291"
MUB,11/05/2020,115.87,"2,064,446"
MUB,11/06/2020,116,"3,066,834"
MUB,11/09/2020,115.92,"1,747,052"
MUB,11/10/2020,115.87,"1,010,906"
MUB,11/11/2020,115.95,"864,328"
MUB,11/12/2020,115.95,"1,901,052"
MUB,11/13/2020,116.09,"1,001,754"
MUB,11/16/2020,116.07,"2,544,923"
MUB,11/17/2020,116.25,"1,508,728"
MUB,11/18/2020,116.4,"1,255,099"
MUB,11/19/2020,116.7,"1,286,821"
MUB,11/20/2020,116.82,"876,263"
MUB,11/23/2020,116.88,"922,965"
MUB,11/24/2020,116.79,"1,516,106"
MUB,11/25/2020,116.81,"775,158"
MUB,11/27/2020,116.89,"628,981"
MUB,11/30/2020,116.79,"724,777"
MUB,12/01/2020,116.54,"1,382,362"
MUB,12/02/2020,116.54,"1,122,327"
MUB,12/03/2020,116.7,"1,099,067"
MUB,12/04/2020,116.74,"981,709"
MUB,12/07/2020,116.8,"719,545"
MUB,12/08/2020,116.95,"1,745,418"
MUB,12/09/2020,116.96,"1,105,201"
MUB,12/10/2020,117.09,"810,881"
MUB,12/11/2020,117.13,"754,336"
MUB,12/14/2020,117.09,"737,163"
MUB,12/15/2020,117.09,"869,991"
MUB,12/16/2020,117.12,"943,557"
MUB,12/17/2020,116.95,"1,166,158"
MUB,12/18/2020,116.92,"1,738,925"
MUB,12/21/2020,117.06,"972,789"
MUB,12/22/2020,117.12,"1,504,080"
MUB,12/23/2020,117.03,"1,204,280"
MUB,12/24/2020,117.18,"548,566"
MUB,12/28/2020,117.14,"1,023,283"
MUB,12/29/2020,117.16,"917,582"
MUB,12/30/2020,117.14,"780,201"
MUB,12/31/2020,117.2,"836,371"
MUB,01/04/2021,117.13,"1,412,659"
MUB,01/05/2021,117.23,"1,183,399"
MUB,01/06/2021,117.11,"1,736,052"
MUB,01/07/2021,117.11,"1,382,585"
MUB,01/08/2021,116.91,"1,522,871"
MUB,01/11/2021,116.8,"2,148,335"
MUB,01/12/2021,117.04,"1,701,643"
MUB,01/13/2021,117.08,"1,781,885"
MUB,01/14/2021,117.05,"1,854,055"
MUB,01/15/2021,117.1,"872,505"
MUB,01/19/2021,117.1,"2,638,178"
MUB,01/20/2021,117.17,"861,176"
MUB,01/21/2021,117.14,"1,263,704"
MUB,01/22/2021,117.09,"1,067,035"
MUB,01/25/2021,117.34,"1,295,018"
MUB,01/26/2021,117.54,"1,049,271"
MUB,01/27/2021,117.64,"1,236,960"
MUB,01/28/2021,117.63,"1,244,209"
MUB,01/29/2021,117.6,"1,393,344"
MUB,02/01/2021,117.52,"2,005,125"
MUB,02/02/2021,117.48,"976,651"
MUB,02/03/2021,117.43,"1,023,684"
MUB,02/04/2021,117.44,"970,866"
MUB,02/05/2021,117.55,"946,651"
MUB,02/08/2021,117.63,"893,784"
MUB,02/09/2021,117.72,"1,131,898"
MUB,02/10/2021,117.85,"1,343,321"
MUB,02/11/2021,117.87,"835,684"
MUB,02/12/2021,117.82,"1,870,350"
MUB,02/16/2021,117.54,"1,981,506"
MUB,02/17/2021,117.19,"1,012,260"
MUB,02/18/2021,116.93,"1,915,126"
MUB,02/19/2021,116.77,"1,527,502"
MUB,02/22/2021,116.18,"1,383,098"
MUB,02/23/2021,116.08,"2,293,330"
MUB,02/24/2021,115.8,"1,876,780"
MUB,02/25/2021,115.3,"2,631,855"
MUB,02/26/2021,115.59,"1,845,477"
MUB,03/01/2021,115.38,"1,284,102"
MUB,03/02/2021,115.57,"1,230,745"
MUB,03/03/2021,115.45,"1,111,170"
MUB,03/04/2021,115.47,"1,058,185"
MUB,03/05/2021,115.5,"867,063"
MUB,03/08/2021,115.62,"745,243"
MUB,03/09/2021,115.93,"1,288,773"
MUB,03/10/2021,116.13,"1,006,056"
MUB,03/11/2021,116.29,"2,100,107"
MUB,03/12/2021,115.82,"2,117,374"
MUB,03/15/2021,116.16,"1,189,234"
MUB,03/16/2021,116.23,"1,117,635"
MUB,03/17/2021,116,"1,977,883"
MUB,03/18/2021,115.56,"1,417,098"
MUB,03/19/2021,115.63,"702,053"
MUB,03/22/2021,115.72,"1,204,649"
MUB,03/23/2021,115.8,"1,383,814"
MUB,03/24/2021,115.97,"1,538,032"
MUB,03/25/2021,115.95,"921,260"
MUB,03/26/2021,115.97,"584,812"
MUB,03/29/2021,115.91,"1,009,252"
MUB,03/30/2021,116.07,"1,383,366"
MUB,03/31/2021,116.05,"1,365,879"
MUB,04/01/2021,116,"3,012,668"
MUB,04/05/2021,115.91,"1,037,983"
MUB,04/06/2021,116.11,"1,573,272"
MUB,04/07/2021,116.16,"1,275,893"
MUB,04/08/2021,116.31,"1,431,241"
MUB,04/09/2021,116.32,"929,681"
MUB,04/12/2021,116.41,"882,255"
MUB,04/13/2021,116.49,"917,722"
MUB,04/14/2021,116.63,"841,876"
MUB,04/15/2021,117.03,"1,190,416"
MUB,04/16/2021,116.96,"926,292"
MUB,04/19/2021,116.94,"875,998"
MUB,04/20/2021,116.97,"1,025,306"
MUB,04/21/2021,117,"934,650"
MUB,04/22/2021,117.08,"845,384"
MUB,04/23/2021,117.08,"1,245,814"
MUB,04/26/2021,117.09,"950,276"
MUB,04/27/2021,117.01,"1,093,413"
MUB,04/28/2021,116.98,"6,900,502"
MUB,04/29/2021,116.76,"1,690,475"
MUB,04/30/2021,116.75,"1,166,591"
MUB,05/03/2021,116.46,"1,516,324"
MUB,05/04/2021,116.45,"1,388,861"
MUB,05/05/2021,116.56,"1,456,414"
MUB,05/06/2021,116.66,"885,916"
MUB,05/07/2021,116.85,"1,066,788"
MUB,05/10/2021,116.74,"1,670,195"
MUB,05/11/2021,116.62,"781,697"
MUB,05/12/2021,116.41,"2,325,535"
MUB,05/13/2021,116.4,"1,296,122"
MUB,05/14/2021,116.67,"1,190,386"
MUB,05/17/2021,116.67,"1,175,835"
MUB,05/18/2021,116.7,"843,387"
MUB,05/19/2021,116.54,"661,309"
MUB,05/20/2021,116.66,"1,655,374"
MUB,05/21/2021,116.69,"889,494"
MUB,05/24/2021,116.74,"791,975"
MUB,05/25/2021,116.9,"689,635"
MUB,05/26/2021,117,"1,394,684"
MUB,05/27/2021,117,"773,482"
MUB,05/28/2021,116.97,"921,189"
MUB,06/01/2021,116.82,"808,581"
MUB,06/02/2021,116.94,"995,647"
MUB,06/03/2021,116.92,"933,749"
MUB,06/04/2021,117.12,"879,570"
MUB,06/07/2021,117.12,"972,235"
MUB,06/08/2021,117.24,"771,412"
MUB,06/09/2021,117.56,"921,221"
MUB,06/10/2021,117.6,"902,006"
MUB,06/11/2021,117.53,"724,474"
MUB,06/14/2021,117.59,"1,710,694"
MUB,06/15/2021,117.51,"1,162,554"
MUB,06/16/2021,117.2,"960,940"
MUB,06/17/2021,117.34,"1,389,520"
MUB,06/18/2021,117.33,"1,064,183"
MUB,06/21/2021,117.17,"1,068,502"
MUB,06/22/2021,117.18,"1,141,426"
MUB,06/23/2021,116.9,"1,047,954"
MUB,06/24/2021,116.97,"708,776"
MUB,06/25/2021,116.95,"665,755"
MUB,06/28/2021,117.1,"737,528"
MUB,06/29/2021,117.11,"593,968"
MUB,06/30/2021,117.2,"1,068,897"
MUB,07/01/2021,117.07,"916,768"
MUB,07/02/2021,117.18,"757,757"
MUB,07/06/2021,117.32,"1,119,103"
MUB,07/07/2021,117.49,"952,160"
MUB,07/08/2021,117.7,"1,730,003"
MUB,07/09/2021,117.61,"1,077,202"
MUB,07/12/2021,117.59,"630,049"
MUB,07/13/2021,117.52,"1,121,488"
MUB,07/14/2021,117.61,"1,079,322"
MUB,07/15/2021,117.73,"823,879"
MUB,07/16/2021,117.75,"1,311,105"
MUB,07/19/2021,117.94,"1,141,597"
MUB,07/20/2021,117.89,"715,837"
MUB,07/21/2021,117.71,"1,145,231"
MUB,07/22/2021,117.81,"1,374,463"
MUB,07/23/2021,117.72,"2,538,876"
MUB,07/26/2021,117.83,"1,568,353"
MUB,07/27/2021,117.8,"958,046"
MUB,07/28/2021,117.73,"1,166,759"
MUB,07/29/2021,117.68,"882,423"
MUB,07/30/2021,117.56,"2,757,903"
MUB,08/02/2021,117.51,"1,572,616"
MUB,08/03/2021,117.61,"974,147"
MUB,08/04/2021,117.63,"999,094"
MUB,08/05/2021,117.62,"649,554"
MUB,08/06/2021,117.41,"1,074,409"
MUB,08/09/2021,117.34,"824,653"
MUB,08/10/2021,117.37,"1,154,193"
MUB,08/11/2021,117.27,"957,339"
MUB,08/12/2021,117.14,"938,590"
MUB,08/13/2021,117.21,"890,984"
MUB,08/16/2021,117.2,"1,036,278"
MUB,08/17/2021,117.22,"639,869"
MUB,08/18/2021,117.22,"749,129"
MUB,08/19/2021,117.16,"748,989"
MUB,08/20/2021,117.12,"821,411"
MUB,08/23/2021,117.25,"1,124,649"
MUB,08/24/2021,117.16,"1,835,163"
MUB,08/25/2021,117.09,"1,322,152"
MUB,08/26/2021,117.11,"1,103,817"
MUB,08/27/2021,117.21,"642,087"
MUB,08/30/2021,117.17,"678,810"
MUB,08/31/2021,117.16,"605,392"
MUB,09/01/2021,117,"1,559,422"
MUB,09/02/2021,116.97,"682,455"
MUB,09/03/2021,116.89,"616,208"
MUB,09/07/2021,116.63,"925,432"
MUB,09/08/2021,116.93,"1,472,633"
MUB,09/09/2021,116.93,"1,104,009"
MUB,09/10/2021,116.86,"736,789"
MUB,09/13/2021,116.92,"904,837"
MUB,09/14/2021,116.94,"1,537,690"
MUB,09/15/2021,116.92,"807,101"
MUB,09/16/2021,116.85,"1,646,039"
MUB,09/17/2021,116.86,"1,086,667"
MUB,09/20/2021,117.03,"2,218,279"
MUB,09/21/2021,117.02,"808,523"
MUB,09/22/2021,116.98,"782,531"
MUB,09/23/2021,116.7,"720,678"
MUB,09/24/2021,116.69,"945,295"
MUB,09/27/2021,116.56,"1,498,570"
MUB,09/28/2021,116.25,"2,459,070"
MUB,09/29/2021,116.12,"1,851,853"
MUB,09/30/2021,116.17,"1,798,260"
MUB,10/01/2021,116.04,"1,519,175"
MUB,10/04/2021,115.96,"1,046,001"
MUB,10/05/2021,115.99,"1,144,901"
MUB,10/06/2021,115.94,"1,132,635"
MUB,10/07/2021,115.83,"984,862"
MUB,10/08/2021,115.77,"585,790"
MUB,10/11/2021,115.65,"502,624"
MUB,10/12/2021,115.92,"2,226,874"
MUB,10/13/2021,115.92,"1,490,599"
MUB,10/14/2021,115.94,"1,409,976"
MUB,10/15/2021,115.89,"872,409"
MUB,10/18/2021,115.9,"1,347,949"
MUB,10/19/2021,115.83,"926,713"
MUB,10/20/2021,115.79,"1,057,010"
MUB,10/21/2021,115.39,"1,956,256"
MUB,10/22/2021,115.53,"1,060,118"
MUB,10/25/2021,115.6,"808,007"
MUB,10/26/2021,115.58,"950,622"
MUB,10/27/2021,115.82,"1,866,856"
MUB,10/28/2021,115.86,"1,344,623"
MUB,10/29/2021,115.94,"1,322,173"
MUB,11/01/2021,115.69,"1,015,387"
MUB,11/02/2021,115.77,"2,073,535"
MUB,11/03/2021,115.83,"2,286,446"
MUB,11/04/2021,116,"1,684,879"
MUB,11/05/2021,116.27,"1,422,088"
MUB,11/08/2021,116.15,"857,139"
MUB,11/09/2021,116.38,"1,868,140"
MUB,11/10/2021,116.26,"1,682,186"
MUB,11/11/2021,116.17,"1,058,657"
MUB,11/12/2021,116.11,"1,452,545"
MUB,11/15/2021,116.02,"1,255,972"
MUB,11/16/2021,115.88,"1,462,289"
MUB,11/17/2021,115.91,"2,204,710"
MUB,11/18/2021,116.1,"2,136,416"
MUB,11/19/2021,116.25,"1,782,523"
MUB,11/22/2021,116.15,"1,162,105"
MUB,11/23/2021,116.1,"1,651,905"
MUB,11/24/2021,116.18,"1,110,946"
MUB,11/26/2021,116.38,"877,982"
MUB,11/29/2021,116.37,"867,822"
MUB,11/30/2021,116.62,"2,539,462"
MUB,12/01/2021,116.45,"1,321,052"
MUB,12/02/2021,116.29,"1,380,032"
MUB,12/03/2021,116.43,"1,953,783"
MUB,12/06/2021,116.28,"1,537,969"
MUB,12/07/2021,116.25,"990,626"
MUB,12/08/2021,116.19,"1,701,595"
MUB,12/09/2021,116.23,"1,531,948"
MUB,12/10/2021,116.39,"1,211,767"
MUB,12/13/2021,116.55,"1,772,763"
MUB,12/14/2021,116.53,"1,614,689"
MUB,12/15/2021,116.5,"1,110,678"
MUB,12/16/2021,116.39,"1,598,763"
MUB,12/17/2021,116.4,"1,582,898"
MUB,12/20/2021,116.4,"1,372,231"
MUB,12/21/2021,116.32,"2,789,990"
MUB,12/22/2021,116.5,"1,639,836"
MUB,12/23/2021,116.44,"1,308,087"
MUB,12/27/2021,116.43,"1,339,155"
MUB,12/28/2021,116.46,"1,143,076"
MUB,12/29/2021,116.32,"1,389,397"
MUB,12/30/2021,116.37,"1,330,625"
MUB,12/31/2021,116.28,"1,035,131"
MUB,01/03/2022,116.17,"1,537,725"
MUB,01/04/2022,116.18,"1,760,565"
MUB,01/05/2022,115.97,"3,854,647"
MUB,01/06/2022,115.94,"1,552,635"
MUB,01/07/2022,115.78,"1,980,466"
MUB,01/10/2022,115.56,"2,334,374"
MUB,01/11/2022,115.5,"2,716,606"
MUB,01/12/2022,115.47,"2,250,250"
MUB,01/13/2022,115.42,"1,712,453"
MUB,01/14/2022,115.22,"1,133,203"
MUB,01/18/2022,114.82,"1,810,092"
MUB,01/19/2022,114.93,"1,790,193"
MUB,01/20/2022,114.87,"2,258,019"
MUB,01/21/2022,114.69,"3,287,889"
MUB,01/24/2022,114.49,"2,346,358"
MUB,01/25/2022,114.18,"3,285,131"
MUB,01/26/2022,113.9,"3,903,987"
MUB,01/27/2022,113.83,"6,331,688"
MUB,01/28/2022,113.62,"6,459,015"
MUB,01/31/2022,113.48,"4,598,843"
MUB,02/01/2022,113.58,"3,949,954"
MUB,02/02/2022,113.84,"2,750,189"
MUB,02/03/2022,113.9,"2,965,472"
MUB,02/04/2022,113.52,"3,525,378"
MUB,02/07/2022,113.7,"2,256,540"
MUB,02/08/2022,113.35,"2,566,809"
MUB,02/09/2022,113.38,"1,702,221"
MUB,02/10/2022,112.79,"2,933,255"
MUB,02/11/2022,112.62,"3,397,173"
MUB,02/14/2022,112.3,"2,271,251"
MUB,02/15/2022,112.29,"2,037,844"
MUB,02/16/2022,112.3,"4,001,423"
MUB,02/17/2022,112.68,"2,725,562"
MUB,02/18/2022,112.67,"2,364,538"
MUB,02/22/2022,112.72,"2,062,544"
MUB,02/23/2022,112.67,"2,242,029"
MUB,02/24/2022,112.62,"2,902,423"
MUB,02/25/2022,112.49,"2,092,818"
MUB,02/28/2022,112.72,"3,006,710"
MUB,03/01/2022,113,"4,730,640"
MUB,03/02/2022,112.72,"3,952,618"
MUB,03/03/2022,112.59,"3,249,040"
MUB,03/04/2022,112.56,"2,744,602"
MUB,03/07/2022,112.31,"3,111,491"
MUB,03/08/2022,111.8,"4,005,730"
MUB,03/09/2022,111.88,"2,189,978"
MUB,03/10/2022,111.75,"4,419,055"
MUB,03/11/2022,111.46,"3,429,281"
MUB,03/14/2022,110.59,"4,166,066"
MUB,03/15/2022,110.36,"4,413,305"
MUB,03/16/2022,110.68,"4,560,020"
MUB,03/17/2022,110.93,"3,682,825"
MUB,03/18/2022,110.88,"4,723,164"
MUB,03/21/2022,110.32,"3,844,335"
MUB,03/22/2022,110.03,"6,514,639"
MUB,03/23/2022,110.12,"4,965,419"
MUB,03/24/2022,109.83,"3,956,799"
MUB,03/25/2022,109.35,"5,151,241"
MUB,03/28/2022,109.35,"2,678,322"
MUB,03/29/2022,109.33,"4,259,492"
MUB,03/30/2022,109.53,"4,110,498"
MUB,03/31/2022,109.64,"5,932,266"
MUB,04/01/2022,109.41,"2,860,642"
MUB,04/04/2022,109.51,"3,905,332"
MUB,04/05/2022,109.19,"10,146,097"
MUB,04/06/2022,109,"4,098,605"
MUB,04/07/2022,108.75,"4,023,792"
MUB,04/08/2022,108.59,"4,548,859"
MUB,04/11/2022,108.23,"5,172,937"
MUB,04/12/2022,108.15,"4,110,697"
MUB,04/13/2022,108.2,"5,048,921"
MUB,04/14/2022,107.81,"3,718,535"
MUB,04/18/2022,107.57,"4,873,899"
MUB,04/19/2022,106.96,"6,139,244"
MUB,04/20/2022,107.22,"3,815,569"
MUB,04/21/2022,106.89,"4,957,486"
MUB,04/22/2022,106.78,"4,276,700"
MUB,04/25/2022,106.79,"11,318,982"
MUB,04/26/2022,106.88,"7,183,737"
MUB,04/27/2022,106.84,"5,502,747"
MUB,04/28/2022,106.74,"5,966,663"
MUB,04/29/2022,106.72,"5,919,843"
MUB,05/02/2022,106.38,"8,827,056"
MUB,05/03/2022,106.4,"6,565,977"
MUB,05/04/2022,106.38,"8,140,966"
MUB,05/05/2022,106.13,"9,666,620"
MUB,05/06/2022,105.8,"8,159,837"
MUB,05/09/2022,105.72,"9,095,954"
MUB,05/10/2022,105.54,"7,525,403"
MUB,05/11/2022,105.46,"7,361,704"
MUB,05/12/2022,105.32,"6,886,165"
MUB,05/13/2022,105.07,"6,909,948"
MUB,05/16/2022,105.21,"11,495,374"
MUB,05/17/2022,104.78,"6,499,661"
MUB,05/18/2022,104.73,"4,582,449"
MUB,05/19/2022,105.04,"8,969,460"
MUB,05/20/2022,105.59,"6,533,249"
MUB,05/23/2022,105.9,"7,764,625"
MUB,05/24/2022,106.56,"5,292,655"
MUB,05/25/2022,107.34,"6,389,871"
MUB,05/26/2022,107.88,"5,600,478"
MUB,05/27/2022,108.28,"3,409,737"
MUB,05/31/2022,108.1,"5,903,168"
MUB,06/01/2022,107.94,"5,404,134"
MUB,06/02/2022,107.95,"7,985,548"
MUB,06/03/2022,107.99,"5,257,379"
MUB,06/06/2022,107.72,"8,367,231"
MUB,06/07/2022,107.69,"3,798,852"
MUB,06/08/2022,107.36,"4,367,387"
MUB,06/09/2022,106.94,"8,053,909"
MUB,06/10/2022,106.56,"12,232,228"
MUB,06/13/2022,105.2,"15,053,317"
MUB,06/14/2022,105.06,"6,777,922"
MUB,06/15/2022,105.27,"14,262,388"
MUB,06/16/2022,105.16,"7,212,964"
MUB,06/17/2022,105.42,"5,438,019"
MUB,06/21/2022,105.23,"10,005,690"
MUB,06/22/2022,105.56,"6,906,922"
MUB,06/23/2022,105.83,"5,968,837"
MUB,06/24/2022,105.93,"5,000,158"
MUB,06/27/2022,105.71,"8,468,245"
MUB,06/28/2022,105.56,"5,446,908"
MUB,06/29/2022,105.94,"3,663,778"
MUB,06/30/2022,106.36,"3,970,806"
MUB,07/01/2022,106.59,"3,269,603"
MUB,07/05/2022,106.85,"6,620,513"
MUB,07/06/2022,107.04,"4,241,517"
MUB,07/07/2022,106.85,"3,430,241"
MUB,07/08/2022,106.65,"3,452,288"
MUB,07/11/2022,106.85,"5,913,862"
MUB,07/12/2022,107.11,"3,778,581"
MUB,07/13/2022,107.23,"3,868,749"
MUB,07/14/2022,107.29,"4,919,268"
MUB,07/15/2022,107.45,"3,924,183"
MUB,07/18/2022,107.25,"4,610,146"
MUB,07/19/2022,107.19,"2,780,617"
MUB,07/20/2022,107.37,"1,985,172"
MUB,07/21/2022,107.47,"3,835,599"
MUB,07/22/2022,107.97,"2,946,894"
MUB,07/25/2022,107.6,"7,595,903"
MUB,07/26/2022,107.82,"4,735,592"
MUB,07/27/2022,107.85,"4,597,474"
MUB,07/28/2022,108.48,"7,791,378"
MUB,07/29/2022,108.57,"3,076,767"
MUB,08/01/2022,108.5,"5,302,037"
MUB,08/02/2022,108.35,"3,441,668"
MUB,08/03/2022,108.57,"3,471,247"
MUB,08/04/2022,108.59,"3,151,799"
MUB,08/05/2022,107.84,"2,547,240"
MUB,08/08/2022,107.91,"4,548,535"
MUB,08/09/2022,107.9,"3,509,621"
MUB,08/10/2022,108.12,"3,039,600"
MUB,08/11/2022,107.79,"2,211,532"
MUB,08/12/2022,108.05,"1,815,216"
MUB,08/15/2022,108.03,"4,313,874"
MUB,08/16/2022,107.82,"4,196,023"
MUB,08/17/2022,107.31,"5,201,797"
MUB,08/18/2022,107.19,"11,431,825"
MUB,08/19/2022,106.88,"3,626,745"
MUB,08/22/2022,106.63,"3,201,233"
MUB,08/23/2022,106.5,"3,306,275"
MUB,08/24/2022,106.3,"2,909,795"
MUB,08/25/2022,106.42,"9,310,965"
MUB,08/26/2022,106.16,"2,901,272"
MUB,08/29/2022,105.79,"3,081,576"
MUB,08/30/2022,105.65,"3,916,292"
MUB,08/31/2022,105.74,"2,345,174"
MUB,09/01/2022,105.05,"5,225,052"
MUB,09/02/2022,105.5,"2,975,644"
MUB,09/06/2022,104.94,"5,273,467"
MUB,09/07/2022,105.25,"3,914,655"
MUB,09/08/2022,105.09,"3,540,658"
MUB,09/09/2022,105.34,"2,741,064"
MUB,09/12/2022,105.44,"4,094,656"
MUB,09/13/2022,105.1,"3,719,951"
MUB,09/14/2022,104.91,"4,569,028"
MUB,09/15/2022,104.65,"4,746,107"
MUB,09/16/2022,104.63,"5,079,722"
MUB,09/19/2022,104.53,"4,947,517"
MUB,09/20/2022,103.92,"8,351,250"
MUB,09/21/2022,104.15,"4,882,087"
MUB,09/22/2022,103.64,"8,342,645"
MUB,09/23/2022,103.36,"10,795,528"
MUB,09/26/2022,102.55,"13,896,452"
MUB,09/27/2022,102.59,"6,681,847"
MUB,09/28/2022,102.71,"6,659,889"
MUB,09/29/2022,102.58,"11,008,897"
MUB,09/30/2022,102.58,"6,246,739"
MUB,10/03/2022,102.85,"9,858,635"
MUB,10/04/2022,103.57,"5,530,250"
MUB,10/05/2022,103.36,"7,411,819"
MUB,10/06/2022,103.38,"6,864,127"
MUB,10/07/2022,103.51,"8,336,138"
MUB,10/10/2022,103.29,"3,958,577"
MUB,10/11/2022,103.52,"9,251,406"
MUB,10/12/2022,103.55,"5,660,844"
MUB,10/13/2022,103.2,"4,665,065"
MUB,10/14/2022,103.22,"6,324,518"
MUB,10/17/2022,103.26,"6,397,400"
MUB,10/18/2022,103.41,"4,148,760"
MUB,10/19/2022,102.97,"4,113,685"
MUB,10/20/2022,102.43,"7,382,044"
MUB,10/21/2022,102.12,"10,196,224"
MUB,10/24/2022,101.54,"9,649,555"
MUB,10/25/2022,101.62,"7,329,845"
MUB,10/26/2022,101.74,"8,429,299"
MUB,10/27/2022,101.71,"6,179,741"
MUB,10/28/2022,101.82,"6,790,422"
MUB,10/31/2022,101.51,"8,574,872"
MUB,11/01/2022,101.71,"8,690,122"
MUB,11/02/2022,101.86,"10,237,705"
MUB,11/03/2022,101.65,"13,241,535"
MUB,11/04/2022,101.89,"6,109,378"
MUB,11/07/2022,101.76,"9,605,143"
MUB,11/08/2022,101.97,"7,578,907"
MUB,11/09/2022,102.27,"8,437,233"
MUB,11/10/2022,103.74,"6,895,076"
MUB,11/11/2022,103.84,"4,828,254"
MUB,11/14/2022,103.3,"15,417,454"
MUB,11/15/2022,104.09,"7,737,625"
MUB,11/16/2022,104.67,"8,657,025"
MUB,11/17/2022,104.79,"6,776,595"
MUB,11/18/2022,104.87,"6,490,407"
MUB,11/21/2022,104.97,"6,519,100"
MUB,11/22/2022,105.22,"4,678,501"
MUB,11/23/2022,105.59,"4,697,155"
MUB,11/25/2022,105.45,"2,927,757"
MUB,11/28/2022,105.53,"5,629,174"
MUB,11/29/2022,105.77,"4,826,655"
MUB,11/30/2022,106.22,"6,682,420"
MUB,12/01/2022,106.4,"7,084,808"
MUB,12/02/2022,106.24,"4,877,832"
MUB,12/05/2022,106.17,"8,360,506"
MUB,12/06/2022,106.25,"6,779,358"
MUB,12/07/2022,106.72,"6,047,049"
MUB,12/08/2022,106.45,"5,804,456"
MUB,12/09/2022,106.23,"4,723,152"
MUB,12/12/2022,106.1,"7,944,951"
MUB,12/13/2022,106.69,"5,685,829"
MUB,12/14/2022,106.68,"5,401,397"
MUB,12/15/2022,106.38,"6,266,263"
MUB,12/16/2022,106.26,"5,491,969"
MUB,12/19/2022,105.89,"7,913,864"
MUB,12/20/2022,105.56,"6,944,722"
MUB,12/21/2022,105.71,"9,244,798"
MUB,12/22/2022,105.8,"5,181,888"
MUB,12/23/2022,105.74,"3,963,851"
MUB,12/27/2022,105.38,"5,855,558"
MUB,12/28/2022,105.4,"5,865,670"
MUB,12/29/2022,105.64,"5,137,144"
MUB,12/30/2022,105.52,"5,843,624"
MUB,01/03/2023,105.91,"8,494,663"
MUB,01/04/2023,106.25,"5,487,150"
MUB,01/05/2023,106.21,"3,358,180"
MUB,01/06/2023,106.62,"3,947,427"
MUB,01/09/2023,106.87,"5,382,793"
MUB,01/10/2023,106.94,"3,519,435"
MUB,01/11/2023,107.29,"4,451,026"
MUB,01/12/2023,107.7,"3,929,582"
MUB,01/13/2023,107.55,"3,588,309"
MUB,01/17/2023,107.56,"5,194,016"
MUB,01/18/2023,108.21,"2,737,377"
MUB,01/19/2023,108.21,"2,751,976"
MUB,01/20/2023,107.97,"3,994,202"
MUB,01/23/2023,107.73,"4,655,162"
MUB,01/24/2023,107.94,"2,615,430"
MUB,01/25/2023,108.1,"1,723,958"
MUB,01/26/2023,108.2,"2,297,055"
MUB,01/27/2023,107.97,"3,492,592"
MUB,01/30/2023,107.89,"4,306,169"
MUB,01/31/2023,108.12,"2,891,507"
MUB,02/01/2023,108.39,"3,190,279"
MUB,02/02/2023,108.49,"3,496,774"
MUB,02/03/2023,107.88,"3,763,636"
MUB,02/06/2023,107.5,"3,284,503"
MUB,02/07/2023,107.41,"2,801,287"
MUB,02/08/2023,107.4,"1,722,181"
MUB,02/09/2023,107.37,"2,940,474"
MUB,02/10/2023,107.15,"1,289,384"
MUB,02/13/2023,107.35,"2,177,126"
MUB,02/14/2023,107.16,"2,332,056"
MUB,02/15/2023,106.8,"2,623,424"
MUB,02/16/2023,106.24,"2,665,446"
MUB,02/17/2023,105.89,"3,602,256"
MUB,02/21/2023,105.2,"4,613,568"
MUB,02/22/2023,105.35,"2,156,032"
MUB,02/23/2023,105.6,"1,860,662"
MUB,02/24/2023,105.22,"1,545,700"
MUB,02/27/2023,105.42,"1,773,395"
MUB,02/28/2023,105.45,"1,977,971"
MUB,03/01/2023,104.99,"2,646,496"
MUB,03/02/2023,105.1,"2,941,011"
MUB,03/03/2023,105.44,"2,964,382"
MUB,03/06/2023,105.29,"1,939,865"
MUB,03/07/2023,105.37,"2,035,810"
MUB,03/08/2023,105.3,"1,623,343"
MUB,03/09/2023,105.6,"1,901,785"
MUB,03/10/2023,106.15,"3,200,673"
MUB,03/13/2023,106.47,"4,435,923"
MUB,03/14/2023,106.25,"3,588,187"
MUB,03/15/2023,106.88,"3,266,807"
MUB,03/16/2023,106.81,"2,029,904"
MUB,03/17/2023,107.14,"1,628,617"
MUB,03/20/2023,106.83,"2,251,015"
MUB,03/21/2023,106.48,"1,621,894"
MUB,03/22/2023,107.09,"2,073,250"
MUB,03/23/2023,107.14,"2,004,785"
MUB,03/24/2023,107.37,"1,532,055"
MUB,03/27/2023,107.06,"3,191,351"
MUB,03/28/2023,107.18,"1,996,272"
MUB,03/29/2023,107.28,"1,590,761"
MUB,03/30/2023,107.59,"1,339,439"
MUB,03/31/2023,107.74,"1,849,241"
MUB,04/03/2023,107.61,"1,505,703"
MUB,04/04/2023,107.91,"1,510,287"
MUB,04/05/2023,108.24,"1,438,699"
MUB,04/06/2023,108.33,"1,284,684"
MUB,04/10/2023,108.01,"2,281,866"
MUB,04/11/2023,108.31,"1,681,043"
MUB,04/12/2023,108.58,"1,624,221"
MUB,04/13/2023,108.35,"1,208,381"
MUB,04/14/2023,107.94,"2,983,105"
MUB,04/17/2023,107.75,"3,004,557"
MUB,04/18/2023,106.97,"2,596,743"
MUB,04/19/2023,106.83,"3,030,961"
MUB,04/20/2023,107.02,"3,580,346"
MUB,04/21/2023,106.9,"3,786,142"
MUB,04/24/2023,107.34,"1,457,304"
MUB,04/25/2023,107.57,"2,851,435"
MUB,04/26/2023,107.05,"2,072,118"
MUB,04/27/2023,106.81,"2,019,275"
MUB,04/28/2023,107.29,"1,909,203"
MUB,05/01/2023,106.52,"2,413,636"
MUB,05/02/2023,107.14,"1,831,346"
MUB,05/03/2023,107.35,"1,663,496"
MUB,05/04/2023,107.37,"1,890,075"
MUB,05/05/2023,107.46,"1,527,012"
MUB,05/08/2023,107.18,"2,953,011"
MUB,05/09/2023,107.08,"1,454,917"
MUB,05/10/2023,107.38,"2,233,076"
MUB,05/11/2023,107.46,"1,600,287"
MUB,05/12/2023,107,"1,774,545"
MUB,05/15/2023,106.97,"2,749,068"
MUB,05/16/2023,107.04,"2,708,619"
MUB,05/17/2023,106.66,"2,159,927"
MUB,05/18/2023,106.08,"3,047,073"
MUB,05/19/2023,105.75,"3,271,102"
MUB,05/22/2023,105.57,"3,051,081"
MUB,05/23/2023,105.35,"2,433,136"
MUB,05/24/2023,105.16,"3,152,592"
MUB,05/25/2023,105.46,"2,859,514"
MUB,05/26/2023,105.73,"2,495,109"
MUB,05/30/2023,106.23,"1,946,316"
MUB,05/31/2023,106.37,"2,486,133"
MUB,06/01/2023,106.24,"2,517,194"
MUB,06/02/2023,105.96,"2,331,913"
MUB,06/05/2023,106.18,"2,654,030"
MUB,06/06/2023,106.35,"1,300,739"
MUB,06/07/2023,106.01,"1,986,162"
MUB,06/08/2023,106.42,"1,512,355"
MUB,06/09/2023,106.32,"1,348,111"
MUB,06/12/2023,106.34,"1,221,958"
MUB,06/13/2023,106.24,"1,971,842"
MUB,06/14/2023,106.5,"1,628,616"
MUB,06/15/2023,106.81,"2,450,631"
MUB,06/16/2023,106.74,"1,401,565"
MUB,06/20/2023,106.87,"2,261,640"
MUB,06/21/2023,106.97,"1,587,780"
MUB,06/22/2023,106.64,"1,750,952"
MUB,06/23/2023,106.95,"1,316,687"
MUB,06/26/2023,106.96,"1,508,323"
MUB,06/27/2023,106.95,"1,292,241"
MUB,06/28/2023,107.11,"1,192,754"
MUB,06/29/2023,106.53,"2,640,247"
MUB,06/30/2023,106.73,"1,295,479"
MUB,07/03/2023,106.53,"1,199,318"
MUB,07/05/2023,106.29,"2,017,914"
MUB,07/06/2023,106.04,"4,039,727"
MUB,07/07/2023,106.01,"1,192,552"
MUB,07/10/2023,106.11,"1,933,685"
MUB,07/11/2023,106.22,"1,415,951"
MUB,07/12/2023,106.57,"1,875,093"
MUB,07/13/2023,107.01,"2,656,616"
MUB,07/14/2023,106.71,"2,229,913"
MUB,07/17/2023,106.83,"1,496,843"
MUB,07/18/2023,107.1,"2,776,011"
MUB,07/19/2023,107.39,"2,958,344"
MUB,07/20/2023,107.07,"2,269,833"
MUB,07/21/2023,107.29,"1,810,629"
MUB,07/24/2023,107.22,"1,441,924"
MUB,07/25/2023,107.09,"1,772,646"
MUB,07/26/2023,107.22,"1,679,090"
MUB,07/27/2023,106.72,"2,891,305"
MUB,07/28/2023,106.66,"2,022,263"
MUB,07/31/2023,106.52,"2,867,089"
MUB,08/01/2023,106.14,"2,038,174"
MUB,08/02/2023,105.84,"2,467,634"
MUB,08/03/2023,105.28,"1,979,494"
MUB,08/04/2023,105.74,"2,413,941"
MUB,08/07/2023,105.48,"2,092,098"
MUB,08/08/2023,105.87,"3,894,048"
MUB,08/09/2023,105.94,"3,144,870"
MUB,08/10/2023,105.77,"1,712,728"
MUB,08/11/2023,105.68,"2,868,302"
MUB,08/14/2023,105.68,"2,695,123"
MUB,08/15/2023,105.78,"1,784,655"
MUB,08/16/2023,105.55,"1,287,498"
MUB,08/17/2023,105.26,"3,589,114"
MUB,08/18/2023,105.18,"1,755,689"
MUB,08/21/2023,104.85,"3,770,200"
MUB,08/22/2023,104.75,"2,573,756"
MUB,08/23/2023,105.19,"2,550,418"
MUB,08/24/2023,105.14,"2,545,367"
MUB,08/25/2023,105.01,"2,394,608"
MUB,08/28/2023,105.16,"2,961,005"
MUB,08/29/2023,105.36,"4,387,683"
MUB,08/30/2023,105.34,"2,682,432"
MUB,08/31/2023,105.46,"2,213,480"
MUB,09/01/2023,105.11,"2,352,600"
MUB,09/05/2023,104.84,"3,394,581"
MUB,09/06/2023,104.99,"5,661,170"
MUB,09/07/2023,104.79,"6,335,246"
MUB,09/08/2023,104.92,"5,785,896"
MUB,09/11/2023,104.92,"5,415,266"
MUB,09/12/2023,104.94,"2,956,149"
MUB,09/13/2023,104.99,"2,625,716"
MUB,09/14/2023,104.77,"3,783,806"
MUB,09/15/2023,104.71,"2,096,136"
MUB,09/18/2023,104.82,"2,829,082"
MUB,09/19/2023,104.63,"3,634,389"
MUB,09/20/2023,104.56,"3,331,279"
MUB,09/21/2023,103.89,"6,985,335"
MUB,09/22/2023,103.96,"4,370,628"
MUB,09/25/2023,103.2,"6,017,462"
MUB,09/26/2023,103.09,"10,918,271"
MUB,09/27/2023,102.82,"5,939,407"
MUB,09/28/2023,102.58,"8,228,075"
MUB,09/29/2023,102.54,"10,869,409"
MUB,10/02/2023,101.94,"11,671,714"
MUB,10/03/2023,101.55,"7,549,299"
MUB,10/04/2023,101.85,"7,179,530"
MUB,10/05/2023,101.98,"3,833,206"
MUB,10/06/2023,101.56,"6,933,091"
MUB,10/09/2023,102.21,"4,540,885"
MUB,10/10/2023,102.47,"9,482,454"
MUB,10/11/2023,102.96,"10,301,074"
MUB,10/12/2023,102.47,"9,230,467"
MUB,10/13/2023,102.65,"4,507,390"
MUB,10/16/2023,102.25,"6,751,226"
MUB,10/17/2023,101.75,"5,731,870"
MUB,10/18/2023,101.56,"6,517,693"
MUB,10/19/2023,101.1,"10,430,815"
MUB,10/20/2023,101.38,"5,693,537"
MUB,10/23/2023,101.33,"8,571,297"
MUB,10/24/2023,101.41,"10,028,002"
MUB,10/25/2023,100.97,"6,798,817"
MUB,10/26/2023,101.34,"9,402,292"
MUB,10/27/2023,101.22,"7,191,382"
MUB,10/30/2023,100.98,"10,539,496"
MUB,10/31/2023,101.02,"7,848,202"
MUB,11/01/2023,101.2,"9,128,064"
MUB,11/02/2023,102.06,"6,713,684"
MUB,11/03/2023,102.76,"6,762,837"
MUB,11/06/2023,102.54,"6,967,027"
MUB,11/07/2023,103.21,"5,971,729"
MUB,11/08/2023,103.68,"6,869,176"
MUB,11/09/2023,103.24,"5,598,486"
MUB,11/10/2023,103.59,"5,170,869"
MUB,11/13/2023,103.72,"8,406,273"
MUB,11/14/2023,104.59,"6,012,903"
MUB,11/15/2023,104.36,"6,882,344"
MUB,11/16/2023,104.74,"5,385,271"
MUB,11/17/2023,104.81,"4,655,902"
MUB,11/20/2023,105.18,"4,864,563"
MUB,11/21/2023,105.4,"4,055,984"
MUB,11/22/2023,105.61,"3,997,217"
MUB,11/24/2023,105.38,"1,709,260"
MUB,11/27/2023,105.71,"4,764,036"
MUB,11/28/2023,105.99,"4,826,397"
MUB,11/29/2023,106.65,"5,127,726"
MUB,11/30/2023,106.52,"5,524,329"
MUB,12/01/2023,106.86,"4,029,624"
MUB,12/04/2023,106.7,"4,100,306"
MUB,12/05/2023,107.01,"4,823,304"
MUB,12/06/2023,107.19,"2,913,043"
MUB,12/07/2023,107.18,"3,918,018"
MUB,12/08/2023,107.11,"4,640,064"
MUB,12/11/2023,107.03,"5,658,841"
MUB,12/12/2023,107.13,"3,246,835"
MUB,12/13/2023,107.76,"5,074,750"
MUB,12/14/2023,108.04,"5,277,020"
MUB,12/15/2023,108.06,"2,886,393"
MUB,12/18/2023,107.93,"6,253,852"
MUB,12/19/2023,108.04,"5,097,170"
MUB,12/20/2023,108.2,"4,227,507"
MUB,12/21/2023,108.2,"3,111,714"
MUB,12/22/2023,108.29,"3,033,608"
MUB,12/26/2023,108.33,"2,567,035"
MUB,12/27/2023,108.77,"3,407,338"
MUB,12/28/2023,108.49,"3,381,628"
MUB,12/29/2023,108.41,"3,543,436"
MUB,01/02/2024,108.26,"6,226,435"
MUB,01/03/2024,108.31,"5,199,227"
MUB,01/04/2024,108.21,"6,194,489"
MUB,01/05/2024,108.07,"7,720,632"
MUB,01/08/2024,108.45,"5,396,170"
MUB,01/09/2024,108.43,"3,086,020"
MUB,01/10/2024,108.3,"3,878,051"
MUB,01/11/2024,108.58,"5,794,794"
MUB,01/12/2024,108.6,"4,006,761"
MUB,01/16/2024,108.32,"4,790,968"
MUB,01/17/2024,107.98,"4,817,048"
MUB,01/18/2024,107.59,"5,181,329"
MUB,01/19/2024,107.49,"3,331,361"
MUB,01/22/2024,107.51,"4,377,487"
MUB,01/23/2024,107.44,"3,939,579"
MUB,01/24/2024,107.51,"3,462,815"
MUB,01/25/2024,107.84,"5,196,599"
MUB,01/26/2024,107.66,"2,185,562"
MUB,01/29/2024,108.08,"5,943,117"
MUB,01/30/2024,108.16,"3,610,189"
MUB,01/31/2024,108.46,"4,884,060"
MUB,02/01/2024,108.76,"4,759,145"
MUB,02/02/2024,107.95,"4,729,753"
MUB,02/05/2024,107.41,"7,851,417"
MUB,02/06/2024,107.83,"3,189,855"
MUB,02/07/2024,107.71,"2,599,143"
MUB,02/08/2024,107.62,"3,635,954"
MUB,02/09/2024,107.71,"3,561,290"
MUB,02/12/2024,107.86,"2,077,132"
MUB,02/13/2024,107.43,"4,082,758"
MUB,02/14/2024,107.64,"2,792,566"
MUB,02/15/2024,107.99,"3,899,508"
MUB,02/16/2024,107.89,"3,859,373"
MUB,02/20/2024,107.86,"2,569,039"
MUB,02/21/2024,107.86,"2,670,911"
MUB,02/22/2024,107.64,"3,120,223"
MUB,02/23/2024,107.97,"3,146,367"
MUB,02/26/2024,107.76,"2,840,652"
MUB,02/27/2024,107.73,"2,196,638"
MUB,02/28/2024,107.85,"2,981,239"
MUB,02/29/2024,107.97,"3,063,065"
MUB,03/01/2024,107.87,"2,287,181"
MUB,03/04/2024,107.63,"2,521,509"
MUB,03/05/2024,108.01,"3,300,625"
MUB,03/06/2024,107.98,"3,069,047"
MUB,03/07/2024,108.18,"2,262,609"
MUB,03/08/2024,108.17,"1,352,864"
MUB,03/11/2024,108.14,"1,656,898"
MUB,03/12/2024,108.08,"2,060,970"
MUB,03/13/2024,108.02,"1,946,094"
MUB,03/14/2024,107.71,"3,008,695"
MUB,03/15/2024,107.65,"3,195,180"
MUB,03/18/2024,107.66,"2,835,562"
MUB,03/19/2024,107.79,"1,505,917"
MUB,03/20/2024,107.81,"2,385,392"
MUB,03/21/2024,107.79,"3,315,567"
MUB,03/22/2024,107.94,"2,143,267"
MUB,03/25/2024,107.55,"2,457,104"
MUB,03/26/2024,107.53,"2,692,642"
MUB,03/27/2024,107.69,"3,166,520"
MUB,03/28/2024,107.6,"1,945,577"
MUB,04/01/2024,107.02,"4,200,643"
MUB,04/02/2024,106.79,"4,435,095"
MUB,04/03/2024,106.72,"4,550,308"
MUB,04/04/2024,106.85,"4,818,149"
MUB,04/05/2024,106.44,"2,484,817"
MUB,04/08/2024,106.62,"3,165,057"
MUB,04/09/2024,106.89,"3,633,092"
MUB,04/10/2024,106.16,"7,100,579"
MUB,04/11/2024,106.22,"6,154,605"
MUB,04/12/2024,106.58,"4,106,696"
MUB,04/15/2024,106.41,"6,234,611"
MUB,04/16/2024,106.21,"4,638,213"
MUB,04/17/2024,106.36,"3,440,797"
MUB,04/18/2024,106.39,"2,247,548"
MUB,04/19/2024,106.47,"1,696,826"
MUB,04/22/2024,106.57,"5,622,253"
MUB,04/23/2024,106.52,"2,935,582"
MUB,04/24/2024,106.44,"2,276,570"
MUB,04/25/2024,106.13,"3,228,196"
MUB,04/26/2024,106.12,"3,049,022"
MUB,04/29/2024,106.38,"2,373,063"
MUB,04/30/2024,106.33,"2,725,834"
MUB,05/01/2024,106.2,"4,388,170"
MUB,05/02/2024,106.36,"3,293,783"
MUB,05/03/2024,106.67,"7,096,558"
MUB,05/06/2024,106.8,"3,227,749"
MUB,05/07/2024,107.09,"3,164,071"
MUB,05/08/2024,107.02,"1,936,182"
MUB,05/09/2024,107.05,"3,324,890"
MUB,05/10/2024,106.8,"2,359,655"
MUB,05/13/2024,106.8,"2,530,503"
MUB,05/14/2024,106.86,"2,990,953"
MUB,05/15/2024,107.16,"3,896,332"
MUB,05/16/2024,107,"2,803,976"
MUB,05/17/2024,106.61,"4,720,524"
MUB,05/20/2024,106.47,"4,304,986"
MUB,05/21/2024,106.47,"3,139,664"
MUB,05/22/2024,106.23,"4,810,338"
MUB,05/23/2024,105.86,"2,421,451"
MUB,05/24/2024,105.76,"2,191,933"
MUB,05/28/2024,105.78,"6,506,498"
MUB,05/29/2024,105.37,"5,802,412"
MUB,05/30/2024,105.58,"3,481,873"
MUB,05/31/2024,105.74,"2,982,764"
MUB,06/03/2024,105.68,"4,491,983"
MUB,06/04/2024,106.07,"4,308,122"
MUB,06/05/2024,106.48,"4,517,596"
MUB,06/06/2024,106.69,"3,664,286"
MUB,06/07/2024,106.16,"4,536,828"
MUB,06/10/2024,106.06,"4,241,636"
MUB,06/11/2024,106.16,"4,237,430"
MUB,06/12/2024,106.66,"4,148,106"
MUB,06/13/2024,106.97,"4,073,782"
MUB,06/14/2024,107.11,"2,806,985"
MUB,06/17/2024,106.86,"2,605,684"
MUB,06/18/2024,107.12,"2,828,589"
MUB,06/20/2024,106.85,"2,493,147"
MUB,06/21/2024,106.81,"3,683,704"
MUB,06/24/2024,106.83,"2,792,824"
MUB,06/25/2024,106.9,"1,404,886"
MUB,06/26/2024,106.56,"2,629,845"
MUB,06/27/2024,106.82,"1,807,684"
MUB,06/28/2024,106.55,"2,603,487"
MUB,07/01/2024,106.13,"3,545,375"
MUB,07/02/2024,106.43,"3,064,741"
MUB,07/03/2024,106.71,"2,812,002"
MUB,07/05/2024,106.97,"2,700,325"
MUB,07/08/2024,107.03,"3,393,954"
MUB,07/09/2024,106.97,"2,446,453"
MUB,07/10/2024,106.86,"1,864,711"
MUB,07/11/2024,107.2,"3,011,157"
MUB,07/12/2024,107.34,"2,015,530"
MUB,07/15/2024,107.24,"2,382,351"
MUB,07/16/2024,107.41,"2,464,438"
MUB,07/17/2024,107.5,"1,613,628"
MUB,07/18/2024,107.36,"2,187,156"
MUB,07/19/2024,107.18,"3,339,827"
MUB,07/22/2024,107.23,"2,705,875"
MUB,07/23/2024,107.32,"2,430,783"
MUB,07/24/2024,107.02,"4,519,962"
MUB,07/25/2024,107.06,"3,287,089"
MUB,07/26/2024,107.29,"2,242,955"
MUB,07/29/2024,107.32,"1,620,882"
MUB,07/30/2024,107.41,"2,186,599"
MUB,07/31/2024,107.68,"3,619,862"
MUB,08/01/2024,107.58,"3,230,766"
MUB,08/02/2024,108.26,"4,648,798"
MUB,08/05/2024,108.2,"5,879,592"
MUB,08/06/2024,108.02,"6,026,257"
MUB,08/07/2024,107.64,"7,365,600"
MUB,08/08/2024,107.48,"3,130,009"
MUB,08/09/2024,107.69,"3,336,649"
MUB,08/12/2024,107.8,"1,678,529"
MUB,08/13/2024,107.92,"2,710,283"
MUB,08/14/2024,108.07,"1,867,536"
MUB,08/15/2024,107.72,"3,266,669"
MUB,08/16/2024,107.79,"2,370,633"
MUB,08/19/2024,107.85,"2,859,138"
MUB,08/20/2024,107.91,"2,899,996"
MUB,08/21/2024,108.02,"2,692,972"
MUB,08/22/2024,107.81,"2,650,411"
MUB,08/23/2024,108.12,"2,400,272"
MUB,08/26/2024,108.02,"1,559,950"
MUB,08/27/2024,107.98,"1,860,635"
MUB,08/28/2024,107.84,"1,728,643"
MUB,08/29/2024,107.84,"1,670,022"
MUB,08/30/2024,107.67,"3,349,511"
MUB,09/03/2024,107.7,"3,079,348"
MUB,09/04/2024,107.87,"3,844,680"
MUB,09/05/2024,108.14,"5,527,821"
MUB,09/06/2024,108.15,"5,341,505"
MUB,09/09/2024,108.18,"2,861,616"
MUB,09/10/2024,108.42,"2,862,352"
MUB,09/11/2024,108.37,"1,749,078"
MUB,09/12/2024,108.36,"2,789,971"
MUB,09/13/2024,108.44,"2,911,481"
MUB,09/16/2024,108.63,"1,475,877"
MUB,09/17/2024,108.58,"1,829,543"
MUB,09/18/2024,108.54,"2,085,833"
MUB,09/19/2024,108.4,"3,216,145"
MUB,09/20/2024,108.36,"2,162,334"
MUB,09/23/2024,108.42,"2,307,066"
MUB,09/24/2024,108.48,"2,093,611"
MUB,09/25/2024,108.36,"3,919,012"
MUB,09/26/2024,108.37,"4,372,613"
MUB,09/27/2024,108.7,"1,950,063"
MUB,09/30/2024,108.63,"2,416,920"
MUB,10/01/2024,108.7,"2,891,890"
MUB,10/02/2024,108.65,"2,593,582"
MUB,10/03/2024,108.48,"1,874,085"
MUB,10/04/2024,108.02,"2,997,884"
MUB,10/07/2024,107.86,"3,662,463"
MUB,10/08/2024,107.93,"2,744,689"
MUB,10/09/2024,107.7,"2,907,784"
MUB,10/10/2024,107.81,"5,657,497"
MUB,10/11/2024,107.79,"2,719,788"
MUB,10/14/2024,107.62,"1,457,451"
MUB,10/15/2024,108.03,"3,999,856"
MUB,10/16/2024,108.04,"2,441,379"
MUB,10/17/2024,107.86,"3,268,698"
MUB,10/18/2024,107.91,"1,333,057"
MUB,10/21/2024,107.53,"4,554,487"
MUB,10/22/2024,107.25,"4,075,997"
MUB,10/23/2024,106.64,"6,864,705"
MUB,10/24/2024,106.87,"6,502,742"
MUB,10/25/2024,106.99,"3,555,396"
MUB,10/28/2024,107.09,"3,382,977"
MUB,10/29/2024,106.95,"5,690,219"
MUB,10/30/2024,107.02,"5,045,407"
MUB,10/31/2024,107.03,"3,180,897"
MUB,11/01/2024,106.76,"4,461,707"
MUB,11/04/2024,107.16,"4,214,933"
MUB,11/05/2024,107.3,"4,330,229"
MUB,11/06/2024,105.93,"6,817,009"
MUB,11/07/2024,106.57,"8,638,261"
MUB,11/08/2024,107.45,"4,026,220"
MUB,11/11/2024,107.37,"1,611,202"
MUB,11/12/2024,107.07,"6,453,641"
MUB,11/13/2024,107.09,"5,306,370"
MUB,11/14/2024,107.14,"3,374,667"
MUB,11/15/2024,107.43,"3,714,077"
MUB,11/18/2024,107.49,"3,116,116"
MUB,11/19/2024,107.59,"2,444,092"
MUB,11/20/2024,107.59,"2,777,750"
MUB,11/21/2024,107.54,"2,441,344"
MUB,11/22/2024,107.61,"2,340,599"
MUB,11/25/2024,108.01,"3,648,301"
MUB,11/26/2024,108.09,"3,178,031"
MUB,11/27/2024,108.29,"2,035,764"
MUB,11/29/2024,108.54,"1,463,855"
MUB,12/02/2024,108.36,"2,829,555"
MUB,12/03/2024,108.34,"4,593,600"
MUB,12/04/2024,108.51,"2,739,800"
MUB,12/05/2024,108.41,"2,651,048"
MUB,12/06/2024,108.56,"2,709,271"
MUB,12/09/2024,108.39,"2,038,979"
MUB,12/10/2024,108.2,"2,322,894"
MUB,12/11/2024,107.89,"4,198,113"
MUB,12/12/2024,107.61,"5,241,731"
MUB,12/13/2024,107.26,"4,010,273"
MUB,12/16/2024,107.48,"4,643,324"
MUB,12/17/2024,107.18,"5,208,054"
MUB,12/18/2024,106.31,"4,637,358"
MUB,12/19/2024,105.78,"8,692,363"
MUB,12/20/2024,106.2,"8,870,627"
MUB,12/23/2024,106.11,"5,433,956"
MUB,12/24/2024,106.15,"2,302,351"
MUB,12/26/2024,106.15,"3,797,983"
MUB,12/27/2024,106.16,"4,560,384"
MUB,12/30/2024,106.58,"5,972,393"
MUB,12/31/2024,106.55,"4,595,799"
DBC,01/03/2011,27.67,"2,385,795"
DBC,01/04/2011,27.3,"3,117,743"
DBC,01/05/2011,27.59,"2,801,698"
DBC,01/06/2011,27.22,"2,709,664"
DBC,01/07/2011,27.12,"3,047,126"
DBC,01/10/2011,27.44,"1,532,446"
DBC,01/11/2011,27.745,"1,822,772"
DBC,01/12/2011,27.9275,"6,347,027"
DBC,01/13/2011,27.89,"3,014,364"
DBC,01/14/2011,28.0225,"3,428,003"
DBC,01/18/2011,27.99,"1,934,527"
DBC,01/19/2011,27.96,"2,346,313"
DBC,01/20/2011,27.68,"3,122,027"
DBC,01/21/2011,27.96,"2,637,901"
DBC,01/24/2011,27.72,"1,923,042"
DBC,01/25/2011,27.3675,"2,410,433"
DBC,01/26/2011,27.98,"3,200,793"
DBC,01/27/2011,27.74,"2,182,142"
DBC,01/28/2011,28.09,"2,040,009"
DBC,01/31/2011,28.53,"3,320,667"
DBC,02/01/2011,28.74,"3,191,485"
DBC,02/02/2011,29.02,"2,706,761"
DBC,02/03/2011,28.83,"1,995,269"
DBC,02/04/2011,28.67,"1,113,559"
DBC,02/07/2011,28.59,"1,358,776"
DBC,02/08/2011,28.78,"1,557,566"
DBC,02/09/2011,28.92,"2,109,213"
DBC,02/10/2011,28.75,"1,175,492"
DBC,02/11/2011,28.65,"1,730,427"
DBC,02/14/2011,28.79,"1,804,541"
DBC,02/15/2011,28.42,"3,146,486"
DBC,02/16/2011,28.63,"1,806,440"
DBC,02/17/2011,28.72,"1,762,663"
DBC,02/18/2011,28.69,"2,589,721"
DBC,02/22/2011,28.65,"2,474,811"
DBC,02/23/2011,29.29,"3,441,610"
DBC,02/24/2011,29.03,"3,552,636"
DBC,02/25/2011,29.67,"1,799,304"
DBC,02/28/2011,29.72,"2,586,198"
DBC,03/01/2011,30.1675,"3,760,806"
DBC,03/02/2011,30.29,"3,743,877"
DBC,03/03/2011,30.28,"2,067,102"
DBC,03/04/2011,30.43,"2,162,739"
DBC,03/07/2011,30.29,"2,119,995"
DBC,03/08/2011,30.03,"2,212,810"
DBC,03/09/2011,30.15,"1,597,194"
DBC,03/10/2011,29.66,"2,338,838"
DBC,03/11/2011,29.49,"1,958,196"
DBC,03/14/2011,29.57,"1,498,068"
DBC,03/15/2011,28.49,"3,253,245"
DBC,03/16/2011,28.66,"3,500,063"
DBC,03/17/2011,29.55,"3,160,080"
DBC,03/18/2011,29.72,"2,237,960"
DBC,03/21/2011,29.86,"2,375,163"
DBC,03/22/2011,30.08,"2,356,302"
DBC,03/23/2011,30.14,"2,180,230"
DBC,03/24/2011,30.24,"1,627,081"
DBC,03/25/2011,30.32,"1,887,490"
DBC,03/28/2011,29.91,"1,498,602"
DBC,03/29/2011,30.08,"1,674,491"
DBC,03/30/2011,30.04,"1,457,128"
DBC,03/31/2011,30.51,"1,834,187"
DBC,04/01/2011,30.72,"3,428,803"
DBC,04/04/2011,31,"2,009,701"
DBC,04/05/2011,31.03,"1,532,998"
DBC,04/06/2011,31.12,"1,310,085"
DBC,04/07/2011,31.18,"1,809,601"
DBC,04/08/2011,31.92,"3,221,719"
DBC,04/11/2011,31.33,"2,159,201"
DBC,04/12/2011,30.69,"2,988,397"
DBC,04/13/2011,30.93,"1,497,023"
DBC,04/14/2011,31.01,"2,180,907"
DBC,04/15/2011,31.17,"1,748,574"
DBC,04/18/2011,30.979,"1,981,787"
DBC,04/19/2011,30.99,"1,376,009"
DBC,04/20/2011,31.48,"1,919,786"
DBC,04/21/2011,31.71,"1,985,893"
DBC,04/25/2011,31.62,"2,158,040"
DBC,04/26/2011,31.61,"2,900,125"
DBC,04/27/2011,31.8,"1,804,264"
DBC,04/28/2011,31.57,"2,919,875"
DBC,04/29/2011,31.9,"2,054,801"
DBC,05/02/2011,31.58,"2,687,378"
DBC,05/03/2011,31.25,"2,573,851"
DBC,05/04/2011,30.75,"2,818,650"
DBC,05/05/2011,28.69,"8,139,785"
DBC,05/06/2011,28.6,"5,644,849"
DBC,05/09/2011,29.65,"4,174,264"
DBC,05/10/2011,29.92,"3,447,762"
DBC,05/11/2011,28.96,"4,203,653"
DBC,05/12/2011,28.99,"6,812,916"
DBC,05/13/2011,29.04,"3,035,088"
DBC,05/16/2011,28.66,"5,914,690"
DBC,05/17/2011,28.73,"3,874,637"
DBC,05/18/2011,29.31,"3,242,096"
DBC,05/19/2011,29.08,"2,504,465"
DBC,05/20/2011,29.35,"3,463,832"
DBC,05/23/2011,28.88,"2,122,919"
DBC,05/24/2011,29.27,"1,651,440"
DBC,05/25/2011,29.8,"1,955,731"
DBC,05/26/2011,29.91,"1,947,109"
DBC,05/27/2011,30.08,"1,603,538"
DBC,05/31/2011,30.25,"3,431,588"
DBC,06/01/2011,29.87,"3,316,767"
DBC,06/02/2011,30.13,"2,448,649"
DBC,06/03/2011,30.245,"1,972,106"
DBC,06/06/2011,29.9,"2,928,099"
DBC,06/07/2011,30.18,"3,418,187"
DBC,06/08/2011,30.43,"2,443,615"
DBC,06/09/2011,30.6,"1,746,893"
DBC,06/10/2011,30.28,"2,663,217"
DBC,06/13/2011,30.08,"1,793,898"
DBC,06/14/2011,30.29,"1,501,043"
DBC,06/15/2011,29.48,"2,780,149"
DBC,06/16/2011,29.36,"2,566,898"
DBC,06/17/2011,29.23,"3,296,901"
DBC,06/20/2011,29.07,"2,269,606"
DBC,06/21/2011,29.09,"2,384,893"
DBC,06/22/2011,29.22,"2,407,934"
DBC,06/23/2011,28.6,"3,469,366"
DBC,06/24/2011,28.26,"2,449,523"
DBC,06/27/2011,28.25,"2,262,856"
DBC,06/28/2011,28.75,"2,107,998"
DBC,06/29/2011,29.27,"3,084,895"
DBC,06/30/2011,28.96,"2,714,300"
DBC,07/01/2011,29,"3,497,933"
DBC,07/05/2011,29.39,"1,529,062"
DBC,07/06/2011,29.38,"1,631,675"
DBC,07/07/2011,30,"4,944,690"
DBC,07/08/2011,29.97,"1,808,276"
DBC,07/11/2011,29.74,"1,790,372"
DBC,07/12/2011,30,"1,452,495"
DBC,07/13/2011,30.41,"2,178,824"
DBC,07/14/2011,30.24,"1,572,713"
DBC,07/15/2011,30.51,"4,930,443"
DBC,07/18/2011,30.34,"1,398,327"
DBC,07/19/2011,30.55,"1,518,810"
DBC,07/20/2011,30.65,"1,288,839"
DBC,07/21/2011,30.5,"1,247,096"
DBC,07/22/2011,30.75,"1,437,426"
DBC,07/25/2011,30.6,"2,431,245"
DBC,07/26/2011,30.84,"1,289,310"
DBC,07/27/2011,30.63,"2,352,017"
DBC,07/28/2011,30.53,"1,545,608"
DBC,07/29/2011,30.28,"2,994,293"
DBC,08/01/2011,30.28,"3,674,322"
DBC,08/02/2011,30.28,"2,368,940"
DBC,08/03/2011,29.83,"3,764,271"
DBC,08/04/2011,28.7,"3,271,528"
DBC,08/05/2011,28.82,"6,356,365"
DBC,08/08/2011,27.75,"6,396,485"
DBC,08/09/2011,28.02,"7,987,735"
DBC,08/10/2011,28.14,"3,560,844"
DBC,08/11/2011,28.75,"4,045,018"
DBC,08/12/2011,28.71,"4,533,137"
DBC,08/15/2011,29.06,"1,285,826"
DBC,08/16/2011,29.06,"2,271,565"
DBC,08/17/2011,29.31,"2,382,719"
DBC,08/18/2011,28.59,"2,723,526"
DBC,08/19/2011,29.1,"3,525,445"
DBC,08/22/2011,29.15,"1,576,503"
DBC,08/23/2011,29.45,"1,825,443"
DBC,08/24/2011,29.15,"1,226,539"
DBC,08/25/2011,29.28,"1,326,245"
DBC,08/26/2011,29.605,"1,568,371"
DBC,08/29/2011,29.705,"1,316,756"
DBC,08/30/2011,30.11,"2,290,265"
DBC,08/31/2011,30.16,"2,556,263"
DBC,09/01/2011,29.95,"2,680,097"
DBC,09/02/2011,29.79,"1,547,746"
DBC,09/06/2011,29.69,"2,387,425"
DBC,09/07/2011,29.96,"4,563,794"
DBC,09/08/2011,29.76,"1,059,231"
DBC,09/09/2011,29.29,"2,150,257"
DBC,09/12/2011,29.22,"3,913,958"
DBC,09/13/2011,29.13,"1,228,962"
DBC,09/14/2011,28.99,"1,337,245"
DBC,09/15/2011,29.11,"1,135,749"
DBC,09/16/2011,28.98,"1,680,588"
DBC,09/19/2011,28.49,"3,830,202"
DBC,09/20/2011,28.44,"1,722,015"
DBC,09/21/2011,28.02,"1,769,360"
DBC,09/22/2011,27.03,"9,572,911"
DBC,09/23/2011,26.55,"6,197,739"
DBC,09/26/2011,26.64,"4,538,709"
DBC,09/27/2011,27.09,"3,735,540"
DBC,09/28/2011,26.36,"7,995,853"
DBC,09/29/2011,26.67,"2,909,397"
DBC,09/30/2011,25.75,"4,845,964"
DBC,10/03/2011,25.62,"10,603,278"
DBC,10/04/2011,25.57,"3,455,914"
DBC,10/05/2011,25.93,"3,202,270"
DBC,10/06/2011,26.47,"1,003,832"
DBC,10/07/2011,26.35,"2,768,093"
DBC,10/10/2011,26.94,"1,416,039"
DBC,10/11/2011,27.14,"1,250,647"
DBC,10/12/2011,27.19,"1,366,940"
DBC,10/13/2011,27.25,"1,679,434"
DBC,10/14/2011,27.87,"1,135,904"
DBC,10/17/2011,27.47,"1,249,112"
DBC,10/18/2011,27.62,"1,782,176"
DBC,10/19/2011,27.08,"1,673,057"
DBC,10/20/2011,27.04,"1,171,039"
DBC,10/21/2011,27.18,"1,327,480"
DBC,10/24/2011,27.61,"1,745,520"
DBC,10/25/2011,27.7,"2,603,015"
DBC,10/26/2011,27.54,"1,075,206"
DBC,10/27/2011,28.27,"3,792,346"
DBC,10/28/2011,28.15,"3,722,693"
DBC,10/31/2011,27.72,"3,209,341"
DBC,11/01/2011,27.39,"4,349,733"
DBC,11/02/2011,27.56,"1,600,338"
DBC,11/03/2011,27.897,"981,760"
DBC,11/04/2011,27.99,"1,267,567"
DBC,11/07/2011,28.4,"1,066,451"
DBC,11/08/2011,28.54,"1,335,691"
DBC,11/09/2011,27.91,"1,283,339"
DBC,11/10/2011,27.88,"1,880,177"
DBC,11/11/2011,28.15,"826,419"
DBC,11/14/2011,27.85,"700,323"
DBC,11/15/2011,28.05,"759,740"
DBC,11/16/2011,27.98,"1,248,276"
DBC,11/17/2011,27.33,"2,092,430"
DBC,11/18/2011,27.29,"6,225,318"
DBC,11/21/2011,27.09,"1,181,445"
DBC,11/22/2011,27.27,"2,228,215"
DBC,11/23/2011,26.86,"1,752,221"
DBC,11/25/2011,26.64,"514,625"
DBC,11/28/2011,26.97,"1,063,743"
DBC,11/29/2011,27.32,"1,410,292"
DBC,11/30/2011,27.64,"1,913,636"
DBC,12/01/2011,27.535,"1,844,006"
DBC,12/02/2011,27.78,"1,308,550"
DBC,12/05/2011,27.63,"1,503,768"
DBC,12/06/2011,27.78,"1,075,503"
DBC,12/07/2011,27.54,"1,494,133"
DBC,12/08/2011,27.19,"2,211,435"
DBC,12/09/2011,27.29,"1,114,236"
DBC,12/12/2011,26.94,"1,277,747"
DBC,12/13/2011,27.05,"1,615,264"
DBC,12/14/2011,26.09,"1,851,473"
DBC,12/15/2011,25.96,"1,639,492"
DBC,12/16/2011,26.17,"2,818,398"
DBC,12/19/2011,26.05,"1,679,734"
DBC,12/20/2011,26.65,"1,846,520"
DBC,12/21/2011,26.84,"1,802,017"
DBC,12/22/2011,26.87,"4,658,290"
DBC,12/23/2011,27,"2,872,683"
DBC,12/27/2011,27.12,"2,493,690"
DBC,12/28/2011,26.8,"1,930,153"
DBC,12/29/2011,26.88,"1,941,221"
DBC,12/30/2011,26.84,"2,047,455"
DBC,01/03/2012,27.64,"5,940,471"
DBC,01/04/2012,27.85,"2,438,923"
DBC,01/05/2012,27.47,"1,212,412"
DBC,01/06/2012,27.59,"17,707,174"
DBC,01/09/2012,27.62,"2,432,538"
DBC,01/10/2012,27.82,"2,119,924"
DBC,01/11/2012,27.74,"2,079,418"
DBC,01/12/2012,27.35,"1,740,638"
DBC,01/13/2012,27.29,"3,156,711"
DBC,01/17/2012,27.48,"1,910,418"
DBC,01/18/2012,27.49,"1,544,089"
DBC,01/19/2012,27.61,"2,834,326"
DBC,01/20/2012,27.41,"1,907,129"
DBC,01/23/2012,27.73,"1,767,845"
DBC,01/24/2012,27.78,"2,428,019"
DBC,01/25/2012,28.01,"1,913,174"
DBC,01/26/2012,28.09,"2,136,356"
DBC,01/27/2012,28.19,"1,828,698"
DBC,01/30/2012,27.9,"3,085,557"
DBC,01/31/2012,27.83,"1,912,586"
DBC,02/01/2012,27.92,"1,570,310"
DBC,02/02/2012,27.99,"2,079,166"
DBC,02/03/2012,28.32,"1,774,759"
DBC,02/06/2012,28.46,"1,680,023"
DBC,02/07/2012,28.44,"2,370,313"
DBC,02/08/2012,28.57,"1,152,742"
DBC,02/09/2012,28.72,"1,484,823"
DBC,02/10/2012,28.45,"1,870,040"
DBC,02/13/2012,28.52,"2,124,653"
DBC,02/14/2012,28.51,"1,376,322"
DBC,02/15/2012,28.61,"1,929,315"
DBC,02/16/2012,28.74,"1,657,602"
DBC,02/17/2012,28.69,"1,572,430"
DBC,02/21/2012,29.14,"2,446,857"
DBC,02/22/2012,29.41,"3,163,511"
DBC,02/23/2012,29.5,"1,543,940"
DBC,02/24/2012,29.68,"4,989,855"
DBC,02/27/2012,29.44,"4,821,860"
DBC,02/28/2012,29.43,"2,902,149"
DBC,02/29/2012,29.32,"4,067,820"
DBC,03/01/2012,29.78,"5,274,918"
DBC,03/02/2012,29.48,"2,213,695"
DBC,03/05/2012,29.34,"1,368,875"
DBC,03/06/2012,28.86,"2,083,383"
DBC,03/07/2012,28.99,"1,476,820"
DBC,03/08/2012,29.23,"2,202,245"
DBC,03/09/2012,29.31,"1,409,868"
DBC,03/12/2012,29.27,"717,034"
DBC,03/13/2012,29.4,"1,347,842"
DBC,03/14/2012,29.2,"1,200,746"
DBC,03/15/2012,29.22,"1,339,551"
DBC,03/16/2012,29.58,"1,433,389"
DBC,03/19/2012,29.53,"1,386,326"
DBC,03/20/2012,29.17,"1,577,147"
DBC,03/21/2012,29.1,"951,676"
DBC,03/22/2012,28.870001,"1,641,483"
DBC,03/23/2012,29.15,"1,664,149"
DBC,03/26/2012,29.28,"1,555,517"
DBC,03/27/2012,29.16,"1,251,323"
DBC,03/28/2012,28.88,"6,060,471"
DBC,03/29/2012,28.48,"4,891,153"
DBC,03/30/2012,28.8,"2,630,665"
DBC,04/02/2012,29.17,"1,752,636"
DBC,04/03/2012,29.04,"1,325,005"
DBC,04/04/2012,28.59,"2,054,892"
DBC,04/05/2012,28.7,"896,969"
DBC,04/09/2012,28.57,"1,578,098"
DBC,04/10/2012,28.19,"1,543,816"
DBC,04/11/2012,28.26,"2,472,544"
DBC,04/12/2012,28.63,"908,580"
DBC,04/13/2012,28.34,"2,228,022"
DBC,04/16/2012,28.06,"1,860,866"
DBC,04/17/2012,28.19,"1,754,228"
DBC,04/18/2012,27.92,"1,801,423"
DBC,04/19/2012,27.93,"1,837,761"
DBC,04/20/2012,28.04,"1,647,914"
DBC,04/23/2012,27.99,"1,026,871"
DBC,04/24/2012,27.99,"736,802"
DBC,04/25/2012,28.15,"886,193"
DBC,04/26/2012,28.21,"851,532"
DBC,04/27/2012,28.3,"750,422"
DBC,04/30/2012,28.41,"1,377,427"
DBC,05/01/2012,28.41,"1,495,425"
DBC,05/02/2012,28.04,"1,311,263"
DBC,05/03/2012,27.73,"1,623,924"
DBC,05/04/2012,27.24,"1,968,315"
DBC,05/07/2012,27.18,"5,352,346"
DBC,05/08/2012,27.077,"3,472,279"
DBC,05/09/2012,26.87,"3,238,718"
DBC,05/10/2012,26.88,"1,631,223"
DBC,05/11/2012,26.68,"1,518,823"
DBC,05/14/2012,26.33,"5,751,689"
DBC,05/15/2012,26.38,"8,431,770"
DBC,05/16/2012,26.35,"1,589,197"
DBC,05/17/2012,26.29,"1,222,017"
DBC,05/18/2012,26.27,"2,698,543"
DBC,05/21/2012,26.62,"851,876"
DBC,05/22/2012,26.24,"1,387,209"
DBC,05/23/2012,25.95,"2,929,004"
DBC,05/24/2012,25.96,"6,059,927"
DBC,05/25/2012,26.05,"1,126,154"
DBC,05/29/2012,25.94,"1,472,881"
DBC,05/30/2012,25.46,"1,629,876"
DBC,05/31/2012,25.24,"2,427,107"
DBC,06/01/2012,24.72,"3,989,636"
DBC,06/04/2012,24.86,"4,474,253"
DBC,06/05/2012,24.77,"2,128,922"
DBC,06/06/2012,25.23,"4,778,353"
DBC,06/07/2012,25.06,"2,158,243"
DBC,06/08/2012,25.14,"1,569,589"
DBC,06/11/2012,24.68,"4,247,624"
DBC,06/12/2012,24.8001,"2,263,778"
DBC,06/13/2012,24.61,"1,510,801"
DBC,06/14/2012,24.9,"2,601,115"
DBC,06/15/2012,24.86,"1,627,129"
DBC,06/18/2012,24.88,"1,065,753"
DBC,06/19/2012,25.09,"1,738,179"
DBC,06/20/2012,24.68,"6,226,280"
DBC,06/21/2012,24.15,"1,815,078"
DBC,06/22/2012,24.39,"2,906,258"
DBC,06/25/2012,24.64,"1,377,557"
DBC,06/26/2012,24.81,"1,480,334"
DBC,06/27/2012,24.95,"1,140,475"
DBC,06/28/2012,24.68,"997,696"
DBC,06/29/2012,25.75,"12,446,539"
DBC,07/02/2012,25.7,"3,837,423"
DBC,07/03/2012,26.42,"1,382,177"
DBC,07/05/2012,26.52,"3,286,301"
DBC,07/06/2012,25.91,"1,221,823"
DBC,07/09/2012,26.37,"1,016,291"
DBC,07/10/2012,26.03,"1,004,619"
DBC,07/11/2012,26.32,"1,200,662"
DBC,07/12/2012,26.38,"868,396"
DBC,07/13/2012,26.7,"970,417"
DBC,07/16/2012,27.03,"1,104,066"
DBC,07/17/2012,27.06,"3,381,955"
DBC,07/18/2012,27.3,"1,446,755"
DBC,07/19/2012,27.63,"2,532,089"
DBC,07/20/2012,27.63,"2,023,441"
DBC,07/23/2012,27.05,"1,538,093"
DBC,07/24/2012,26.89,"3,085,929"
DBC,07/25/2012,27.09,"1,176,548"
DBC,07/26/2012,27.14,"2,906,668"
DBC,07/27/2012,27.42,"925,609"
DBC,07/30/2012,27.58,"5,830,123"
DBC,07/31/2012,27.25,"2,325,381"
DBC,08/01/2012,27.29,"1,254,023"
DBC,08/02/2012,27.06,"1,708,160"
DBC,08/03/2012,27.52,"2,597,402"
DBC,08/06/2012,27.68,"2,365,868"
DBC,08/07/2012,27.89,"1,255,387"
DBC,08/08/2012,27.97,"2,025,106"
DBC,08/09/2012,28.2,"1,634,433"
DBC,08/10/2012,28.05,"2,352,162"
DBC,08/13/2012,27.83,"1,402,395"
DBC,08/14/2012,27.86,"1,152,168"
DBC,08/15/2012,28.1,"1,643,053"
DBC,08/16/2012,28.21,"1,953,667"
DBC,08/17/2012,28.25,"1,392,875"
DBC,08/20/2012,28.38,"1,535,572"
DBC,08/21/2012,28.64,"1,497,424"
DBC,08/22/2012,28.79,"1,709,644"
DBC,08/23/2012,28.65,"1,347,992"
DBC,08/24/2012,28.52,"3,640,304"
DBC,08/27/2012,28.39,"1,913,974"
DBC,08/28/2012,28.41,"1,247,764"
DBC,08/29/2012,28.46,"967,388"
DBC,08/30/2012,28.49,"1,634,286"
DBC,08/31/2012,28.79,"8,719,388"
DBC,09/04/2012,28.8,"7,801,769"
DBC,09/05/2012,28.66,"3,260,932"
DBC,09/06/2012,28.65,"3,166,485"
DBC,09/07/2012,28.97,"2,027,124"
DBC,09/10/2012,29.01,"2,223,693"
DBC,09/11/2012,29.07,"1,769,781"
DBC,09/12/2012,29.22,"1,264,722"
DBC,09/13/2012,29.42,"2,082,430"
DBC,09/14/2012,29.73,"3,026,787"
DBC,09/17/2012,28.91,"3,610,846"
DBC,09/18/2012,28.7,"3,701,414"
DBC,09/19/2012,28.28,"4,359,767"
DBC,09/20/2012,28.44,"1,676,456"
DBC,09/21/2012,28.63,"2,142,398"
DBC,09/24/2012,28.33,"1,786,643"
DBC,09/25/2012,28.36,"1,354,356"
DBC,09/26/2012,28.16,"1,892,342"
DBC,09/27/2012,28.51,"1,759,289"
DBC,09/28/2012,28.68,"5,470,512"
DBC,10/01/2012,28.72,"6,121,989"
DBC,10/02/2012,28.57,"1,393,119"
DBC,10/03/2012,28.08,"2,233,934"
DBC,10/04/2012,28.69,"1,253,635"
DBC,10/05/2012,28.54,"1,006,501"
DBC,10/08/2012,28.46,"1,075,719"
DBC,10/09/2012,28.67,"1,360,336"
DBC,10/10/2012,28.62,"2,340,935"
DBC,10/11/2012,28.95,"975,673"
DBC,10/12/2012,28.55,"1,238,321"
DBC,10/15/2012,28.41,"1,350,167"
DBC,10/16/2012,28.43,"1,157,624"
DBC,10/17/2012,28.44,"1,258,171"
DBC,10/18/2012,28.43,"1,930,478"
DBC,10/19/2012,28.0023,"1,623,432"
DBC,10/22/2012,27.87,"1,300,955"
DBC,10/23/2012,27.53,"1,933,389"
DBC,10/24/2012,27.45,"1,403,932"
DBC,10/25/2012,27.52,"1,268,643"
DBC,10/26/2012,27.58,"1,361,458"
DBC,10/31/2012,27.56,"6,853,860"
DBC,11/01/2012,27.61,"3,706,762"
DBC,11/02/2012,27.14,"1,252,150"
DBC,11/05/2012,27.37,"2,096,778"
DBC,11/06/2012,27.8618,"1,424,935"
DBC,11/07/2012,27.34,"1,465,445"
DBC,11/08/2012,27.38,"1,124,640"
DBC,11/09/2012,27.6,"2,791,154"
DBC,11/12/2012,27.47,"1,250,983"
DBC,11/13/2012,27.42,"1,524,436"
DBC,11/14/2012,27.5,"1,166,578"
DBC,11/15/2012,27.39,"1,680,864"
DBC,11/16/2012,27.51,"1,450,895"
DBC,11/19/2012,28.03,"2,080,381"
DBC,11/20/2012,27.84,"1,147,903"
DBC,11/21/2012,27.96,"1,259,337"
DBC,11/23/2012,28.06,"828,655"
DBC,11/26/2012,28.02,"2,169,333"
DBC,11/27/2012,27.98,"1,531,638"
DBC,11/28/2012,27.89,"1,738,551"
DBC,11/29/2012,28.08,"1,092,253"
DBC,11/30/2012,28.1,"2,625,908"
DBC,12/03/2012,28.17,"2,527,476"
DBC,12/04/2012,27.92,"1,844,836"
DBC,12/05/2012,27.89,"1,091,681"
DBC,12/06/2012,27.64,"1,621,901"
DBC,12/07/2012,27.61,"2,812,572"
DBC,12/10/2012,27.5497,"1,194,229"
DBC,12/11/2012,27.5,"1,943,510"
DBC,12/12/2012,27.63,"2,672,374"
DBC,12/13/2012,27.38,"1,420,833"
DBC,12/14/2012,27.55,"1,641,812"
DBC,12/17/2012,27.53,"1,235,641"
DBC,12/18/2012,27.6,"1,583,353"
DBC,12/19/2012,27.7,"1,644,520"
DBC,12/20/2012,27.57,"1,829,378"
DBC,12/21/2012,27.52,"1,932,656"
DBC,12/24/2012,27.43,"1,091,831"
DBC,12/26/2012,27.71,"1,077,810"
DBC,12/27/2012,27.71,"1,973,428"
DBC,12/28/2012,27.63,"1,542,300"
DBC,12/31/2012,27.78,"4,334,850"
DBC,01/02/2013,27.88,"3,008,888"
DBC,01/03/2013,27.65,"2,478,742"
DBC,01/04/2013,27.53,"3,216,934"
DBC,01/07/2013,27.58,"1,727,728"
DBC,01/08/2013,27.65,"1,681,846"
DBC,01/09/2013,27.61,"1,681,189"
DBC,01/10/2013,27.71,"1,740,571"
DBC,01/11/2013,27.59,"1,492,173"
DBC,01/14/2013,27.77,"1,996,536"
DBC,01/15/2013,27.65,"3,970,212"
DBC,01/16/2013,27.68,"3,361,254"
DBC,01/17/2013,27.8,"1,419,026"
DBC,01/18/2013,27.98,"1,631,592"
DBC,01/22/2013,28.06,"2,017,896"
DBC,01/23/2013,28.09,"1,704,042"
DBC,01/24/2013,28.07,"1,554,999"
DBC,01/25/2013,28.01,"1,470,210"
DBC,01/28/2013,28,"1,456,827"
DBC,01/29/2013,28.16,"1,536,431"
DBC,01/30/2013,28.48,"2,555,197"
DBC,01/31/2013,28.47,"2,636,071"
DBC,02/01/2013,28.58,"2,975,823"
DBC,02/04/2013,28.48,"1,753,695"
DBC,02/05/2013,28.59,"1,421,564"
DBC,02/06/2013,28.55,"2,511,345"
DBC,02/07/2013,28.44,"2,184,542"
DBC,02/08/2013,28.55,"1,562,406"
DBC,02/11/2013,28.45,"1,981,371"
DBC,02/12/2013,28.5,"2,520,801"
DBC,02/13/2013,28.51,"1,531,904"
DBC,02/14/2013,28.47,"1,387,901"
DBC,02/15/2013,28.35,"2,420,924"
DBC,02/19/2013,28.24,"2,252,506"
DBC,02/20/2013,27.92,"3,037,475"
DBC,02/21/2013,27.6,"2,358,256"
DBC,02/22/2013,27.6,"1,897,848"
DBC,02/25/2013,27.47,"3,079,175"
DBC,02/26/2013,27.42,"2,745,013"
DBC,02/27/2013,27.25,"2,564,220"
DBC,02/28/2013,27.13,"5,327,643"
DBC,03/01/2013,26.94,"2,641,114"
DBC,03/04/2013,26.84,"2,030,972"
DBC,03/05/2013,27.09,"3,225,390"
DBC,03/06/2013,26.94,"1,621,801"
DBC,03/07/2013,27.12,"1,534,590"
DBC,03/08/2013,27.2,"2,572,177"
DBC,03/11/2013,27.22,"6,676,347"
DBC,03/12/2013,27.28,"3,456,152"
DBC,03/13/2013,27.14,"3,079,905"
DBC,03/14/2013,27.34,"1,860,450"
DBC,03/15/2013,27.4,"1,869,235"
DBC,03/18/2013,27.24,"1,485,420"
DBC,03/19/2013,27.04,"1,687,086"
DBC,03/20/2013,27.23,"2,177,152"
DBC,03/21/2013,27.11,"1,375,775"
DBC,03/22/2013,27.16,"1,133,892"
DBC,03/25/2013,27.18,"2,102,902"
DBC,03/26/2013,27.43,"1,416,682"
DBC,03/27/2013,27.57,"2,456,657"
DBC,03/28/2013,27.31,"1,560,126"
DBC,04/01/2013,27.31,"1,980,624"
DBC,04/02/2013,27.18,"3,237,634"
DBC,04/03/2013,26.72,"2,111,871"
DBC,04/04/2013,26.69,"1,327,022"
DBC,04/05/2013,26.67,"1,205,204"
DBC,04/08/2013,26.75,"1,179,225"
DBC,04/09/2013,26.92,"1,302,721"
DBC,04/10/2013,26.86,"1,260,757"
DBC,04/11/2013,26.75,"1,748,711"
DBC,04/12/2013,26.42,"2,923,838"
DBC,04/15/2013,25.63,"3,652,557"
DBC,04/16/2013,25.9,"4,928,816"
DBC,04/17/2013,25.52,"1,478,886"
DBC,04/18/2013,25.79,"2,616,508"
DBC,04/19/2013,25.73,"1,957,872"
DBC,04/22/2013,25.81,"1,996,498"
DBC,04/23/2013,25.65,"2,553,500"
DBC,04/24/2013,25.93,"1,714,354"
DBC,04/25/2013,26.27,"2,094,287"
DBC,04/26/2013,26.12,"2,222,825"
DBC,04/29/2013,26.47,"1,130,965"
DBC,04/30/2013,26.27,"1,900,539"
DBC,05/01/2013,25.8,"1,693,861"
DBC,05/02/2013,26.13,"1,538,784"
DBC,05/03/2013,26.42,"1,188,237"
DBC,05/06/2013,26.45,"7,015,066"
DBC,05/07/2013,26.36,"1,380,239"
DBC,05/08/2013,26.48,"1,423,336"
DBC,05/09/2013,26.47,"1,137,835"
DBC,05/10/2013,26.35,"1,402,363"
DBC,05/13/2013,26.23,"1,379,967"
DBC,05/14/2013,26.14,"2,765,741"
DBC,05/15/2013,26.08,"3,652,117"
DBC,05/16/2013,26.05,"1,531,965"
DBC,05/17/2013,26.18,"1,141,430"
DBC,05/20/2013,26.35,"1,530,303"
DBC,05/21/2013,26.2,"1,199,876"
DBC,05/22/2013,26.08,"1,302,639"
DBC,05/23/2013,26.2,"2,251,723"
DBC,05/24/2013,26.1,"1,968,060"
DBC,05/28/2013,26.34,"2,486,811"
DBC,05/29/2013,26.17,"1,150,307"
DBC,05/30/2013,26.17,"1,874,217"
DBC,05/31/2013,25.86,"5,156,036"
DBC,06/03/2013,26.18,"2,813,729"
DBC,06/04/2013,26.28,"1,526,033"
DBC,06/05/2013,26.16,"2,641,466"
DBC,06/06/2013,26.26,"3,320,870"
DBC,06/07/2013,26.32,"1,316,848"
DBC,06/10/2013,26.22,"1,086,373"
DBC,06/11/2013,25.99,"1,148,699"
DBC,06/12/2013,26.02,"3,855,195"
DBC,06/13/2013,26.19,"2,189,542"
DBC,06/14/2013,26.3,"1,542,799"
DBC,06/17/2013,26.36,"2,642,777"
DBC,06/18/2013,26.41,"2,653,124"
DBC,06/19/2013,26.45,"1,080,108"
DBC,06/20/2013,25.59,"3,419,458"
DBC,06/21/2013,25.43,"3,324,287"
DBC,06/24/2013,25.32,"2,212,709"
DBC,06/25/2013,25.34,"3,226,017"
DBC,06/26/2013,25.27,"3,087,085"
DBC,06/27/2013,25.26,"1,181,971"
DBC,06/28/2013,25.13,"2,842,383"
DBC,07/01/2013,25.29,"1,322,923"
DBC,07/02/2013,25.39,"1,615,796"
DBC,07/03/2013,25.62,"1,383,250"
DBC,07/05/2013,25.56,"2,626,960"
DBC,07/08/2013,25.69,"3,575,346"
DBC,07/09/2013,25.85,"1,077,535"
DBC,07/10/2013,25.93,"3,148,838"
DBC,07/11/2013,26.06,"1,427,148"
DBC,07/12/2013,26.16,"4,106,217"
DBC,07/15/2013,26.09,"1,477,534"
DBC,07/16/2013,26.12,"1,308,317"
DBC,07/17/2013,26.1,"944,189"
DBC,07/18/2013,26.21,"1,176,263"
DBC,07/19/2013,26.23,"1,327,368"
DBC,07/22/2013,26.21,"1,807,550"
DBC,07/23/2013,26.25,"1,237,665"
DBC,07/24/2013,26.04,"1,428,968"
DBC,07/25/2013,26.01,"1,215,067"
DBC,07/26/2013,25.85,"833,508"
DBC,07/29/2013,25.84,"882,227"
DBC,07/30/2013,25.75,"1,729,160"
DBC,07/31/2013,25.93,"1,257,708"
DBC,08/01/2013,25.99,"1,856,253"
DBC,08/02/2013,25.89,"1,218,184"
DBC,08/05/2013,25.76,"1,031,818"
DBC,08/06/2013,25.55,"1,781,352"
DBC,08/07/2013,25.38,"1,298,147"
DBC,08/08/2013,25.51,"1,150,175"
DBC,08/09/2013,25.69,"1,063,717"
DBC,08/12/2013,26,"887,778"
DBC,08/13/2013,25.99,"917,792"
DBC,08/14/2013,26.2,"1,693,218"
DBC,08/15/2013,26.45,"1,724,217"
DBC,08/16/2013,26.46,"1,708,413"
DBC,08/19/2013,26.43,"2,371,914"
DBC,08/20/2013,26.38,"1,334,773"
DBC,08/21/2013,26.35,"1,423,721"
DBC,08/22/2013,26.36,"1,673,050"
DBC,08/23/2013,26.57,"1,386,792"
DBC,08/26/2013,26.72,"1,190,999"
DBC,08/27/2013,26.98,"1,880,307"
DBC,08/28/2013,27.02,"2,376,747"
DBC,08/29/2013,26.74,"1,251,761"
DBC,08/30/2013,26.66,"5,229,612"
DBC,09/03/2013,26.8,"5,447,194"
DBC,09/04/2013,26.57,"12,295,709"
DBC,09/05/2013,26.51,"1,297,413"
DBC,09/06/2013,26.66,"2,600,510"
DBC,09/09/2013,26.49,"2,148,873"
DBC,09/10/2013,26.25,"1,288,828"
DBC,09/11/2013,26.29,"1,521,404"
DBC,09/12/2013,26.42,"2,274,340"
DBC,09/13/2013,26.34,"1,148,649"
DBC,09/16/2013,26.01,"1,446,448"
DBC,09/17/2013,25.74,"3,673,345"
DBC,09/18/2013,26.3,"1,473,745"
DBC,09/19/2013,26.2,"3,197,966"
DBC,09/20/2013,25.96,"1,424,621"
DBC,09/23/2013,25.77,"3,697,085"
DBC,09/24/2013,25.76,"3,354,782"
DBC,09/25/2013,25.8,"2,383,265"
DBC,09/26/2013,26,"1,226,019"
DBC,09/27/2013,25.87,"1,619,749"
DBC,09/30/2013,25.76,"17,407,352"
DBC,10/01/2013,25.59,"6,430,284"
DBC,10/02/2013,25.84,"2,193,111"
DBC,10/03/2013,25.8,"1,212,535"
DBC,10/04/2013,25.88,"1,224,467"
DBC,10/07/2013,26.06,"1,691,804"
DBC,10/08/2013,26.15,"1,774,354"
DBC,10/09/2013,25.96,"2,811,531"
DBC,10/10/2013,26.29,"1,180,628"
DBC,10/11/2013,26.15,"1,076,896"
DBC,10/14/2013,26.14,"1,560,924"
DBC,10/15/2013,26.05,"1,346,076"
DBC,10/16/2013,26.25,"2,097,674"
DBC,10/17/2013,26.11,"2,061,638"
DBC,10/18/2013,26.26,"1,289,630"
DBC,10/21/2013,26.2,"1,468,119"
DBC,10/22/2013,26.17,"1,276,049"
DBC,10/23/2013,25.77,"1,036,763"
DBC,10/24/2013,25.775,"1,128,061"
DBC,10/25/2013,25.86,"1,197,627"
DBC,10/28/2013,25.96,"1,137,862"
DBC,10/29/2013,25.89,"2,494,031"
DBC,10/30/2013,25.97,"1,106,111"
DBC,10/31/2013,25.75,"2,375,984"
DBC,11/01/2013,25.43,"2,624,026"
DBC,11/04/2013,25.32,"1,648,450"
DBC,11/05/2013,25.25,"1,522,889"
DBC,11/06/2013,25.27,"1,703,044"
DBC,11/07/2013,25.09,"2,842,877"
DBC,11/08/2013,25.23,"1,452,984"
DBC,11/11/2013,25.34,"1,045,411"
DBC,11/12/2013,25.17,"1,606,556"
DBC,11/13/2013,25.28,"1,313,669"
DBC,11/14/2013,25.39,"1,524,506"
DBC,11/15/2013,25.35,"1,369,440"
DBC,11/18/2013,25.18,"2,611,077"
DBC,11/19/2013,25.14,"1,426,854"
DBC,11/20/2013,25.16,"1,313,509"
DBC,11/21/2013,25.48,"2,304,542"
DBC,11/22/2013,25.56,"1,999,080"
DBC,11/25/2013,25.53,"1,378,242"
DBC,11/26/2013,25.52,"1,754,872"
DBC,11/27/2013,25.52,"1,040,105"
DBC,11/29/2013,25.51,"1,029,676"
DBC,12/02/2013,25.48,"5,001,002"
DBC,12/03/2013,25.63,"1,399,630"
DBC,12/04/2013,25.68,"2,137,793"
DBC,12/05/2013,25.65,"1,673,358"
DBC,12/06/2013,25.74,"1,050,031"
DBC,12/09/2013,25.65,"2,038,384"
DBC,12/10/2013,25.73,"1,973,664"
DBC,12/11/2013,25.73,"1,965,005"
DBC,12/12/2013,25.49,"1,840,162"
DBC,12/13/2013,25.39,"1,585,147"
DBC,12/16/2013,25.47,"3,035,164"
DBC,12/17/2013,25.35,"9,614,647"
DBC,12/18/2013,25.4,"6,495,644"
DBC,12/19/2013,25.46,"2,614,258"
DBC,12/20/2013,25.66,"2,716,741"
DBC,12/23/2013,25.66,"2,961,870"
DBC,12/24/2013,25.74,"1,252,592"
DBC,12/26/2013,25.78,"1,759,739"
DBC,12/27/2013,25.85,"1,865,852"
DBC,12/30/2013,25.7,"3,367,627"
DBC,12/31/2013,25.66,"2,268,156"
DBC,01/02/2014,25.29,"2,064,411"
DBC,01/03/2014,25.13,"1,797,224"
DBC,01/06/2014,25.16,"1,790,433"
DBC,01/07/2014,25.14,"1,257,211"
DBC,01/08/2014,24.9,"1,346,777"
DBC,01/09/2014,24.7,"1,185,308"
DBC,01/10/2014,24.86,"3,678,006"
DBC,01/13/2014,24.85,"2,131,142"
DBC,01/14/2014,24.85,"1,089,875"
DBC,01/15/2014,24.92,"1,487,004"
DBC,01/16/2014,24.88,"2,372,121"
DBC,01/17/2014,24.91,"1,446,602"
DBC,01/21/2014,24.97,"1,848,471"
DBC,01/22/2014,25.09,"1,557,603"
DBC,01/23/2014,25.07,"1,164,520"
DBC,01/24/2014,25.08,"3,067,448"
DBC,01/27/2014,24.91,"1,882,691"
DBC,01/28/2014,25.03,"1,338,026"
DBC,01/29/2014,25.01,"1,534,426"
DBC,01/30/2014,24.91,"1,712,220"
DBC,01/31/2014,24.88,"1,689,648"
DBC,02/03/2014,24.88,"2,313,983"
DBC,02/04/2014,25.07,"2,000,020"
DBC,02/05/2014,25.12,"1,184,542"
DBC,02/06/2014,25.22,"1,083,731"
DBC,02/07/2014,25.51,"1,358,385"
DBC,02/10/2014,25.37,"1,901,557"
DBC,02/11/2014,25.5,"1,429,562"
DBC,02/12/2014,25.55,"3,575,343"
DBC,02/13/2014,25.69,"3,652,865"
DBC,02/14/2014,25.78,"2,148,890"
DBC,02/18/2014,26.15,"1,895,350"
DBC,02/19/2014,26.22,"2,154,764"
DBC,02/20/2014,26.27,"4,146,542"
DBC,02/21/2014,26.2,"1,027,522"
DBC,02/24/2014,26.31,"2,531,457"
DBC,02/25/2014,26.19,"1,302,058"
DBC,02/26/2014,26.12,"1,208,865"
DBC,02/27/2014,26.04,"955,592"
DBC,02/28/2014,26.13,"1,861,128"
DBC,03/03/2014,26.49,"5,428,205"
DBC,03/04/2014,26.39,"1,283,124"
DBC,03/05/2014,26.17,"3,417,217"
DBC,03/06/2014,26.41,"956,859"
DBC,03/07/2014,26.29,"2,120,640"
DBC,03/10/2014,26.07,"1,710,335"
DBC,03/11/2014,26.08,"1,821,267"
DBC,03/12/2014,26.01,"1,026,842"
DBC,03/13/2014,25.89,"1,182,056"
DBC,03/14/2014,26.03,"827,484"
DBC,03/17/2014,25.74,"1,563,651"
DBC,03/18/2014,25.87,"1,091,951"
DBC,03/19/2014,25.86,"1,194,605"
DBC,03/20/2014,25.74,"1,393,262"
DBC,03/21/2014,25.76,"1,410,758"
DBC,03/24/2014,25.75,"1,573,952"
DBC,03/25/2014,25.92,"1,186,338"
DBC,03/26/2014,25.9,"1,156,548"
DBC,03/27/2014,26.13,"742,420"
DBC,03/28/2014,26.14,"1,789,906"
DBC,03/31/2014,26.12,"1,455,524"
DBC,04/01/2014,25.8,"1,986,363"
DBC,04/02/2014,25.74,"664,265"
DBC,04/03/2014,25.95,"1,289,189"
DBC,04/04/2014,26.07,"824,727"
DBC,04/07/2014,26.01,"738,930"
DBC,04/08/2014,26.31,"790,216"
DBC,04/09/2014,26.38,"1,411,090"
DBC,04/10/2014,26.39,"984,899"
DBC,04/11/2014,26.27,"1,679,088"
DBC,04/14/2014,26.51,"1,438,509"
DBC,04/15/2014,26.53,"1,059,665"
DBC,04/16/2014,26.58,"1,378,284"
DBC,04/17/2014,26.64,"1,295,807"
DBC,04/21/2014,26.55,"892,252"
DBC,04/22/2014,26.54,"2,401,809"
DBC,04/23/2014,26.52,"1,073,201"
DBC,04/24/2014,26.68,"901,370"
DBC,04/25/2014,26.57,"660,579"
DBC,04/28/2014,26.48,"609,330"
DBC,04/29/2014,26.55,"1,083,547"
DBC,04/30/2014,26.41,"4,399,280"
DBC,05/01/2014,26.21,"1,641,113"
DBC,05/02/2014,26.28,"1,171,344"
DBC,05/05/2014,26.22,"4,158,400"
DBC,05/06/2014,26.24,"1,001,683"
DBC,05/07/2014,26.31,"933,625"
DBC,05/08/2014,26.23,"3,118,996"
DBC,05/09/2014,26.1,"602,986"
DBC,05/12/2014,26.16,"1,328,945"
DBC,05/13/2014,26.28,"689,917"
DBC,05/14/2014,26.4,"1,297,107"
DBC,05/15/2014,26.24,"1,049,816"
DBC,05/16/2014,26.27,"847,489"
DBC,05/19/2014,26.25,"1,157,680"
DBC,05/20/2014,26.3,"536,329"
DBC,05/21/2014,26.35,"802,590"
DBC,05/22/2014,26.37,"1,131,721"
DBC,05/23/2014,26.43,"554,000"
DBC,05/27/2014,26.21,"1,093,324"
DBC,05/28/2014,26.22,"1,164,822"
DBC,05/29/2014,26.23,"706,997"
DBC,05/30/2014,26.03,"5,480,756"
DBC,06/02/2014,26,"2,445,923"
DBC,06/03/2014,25.98,"1,054,715"
DBC,06/04/2014,25.91,"1,605,326"
DBC,06/05/2014,25.94,"504,337"
DBC,06/06/2014,26.05,"625,674"
DBC,06/09/2014,26.16,"1,569,303"
DBC,06/10/2014,26.09,"764,428"
DBC,06/11/2014,26.02,"2,716,465"
DBC,06/12/2014,26.39,"3,854,466"
DBC,06/13/2014,26.39,"1,044,511"
DBC,06/16/2014,26.47,"971,960"
DBC,06/17/2014,26.5,"586,243"
DBC,06/18/2014,26.61,"960,320"
DBC,06/19/2014,26.87,"888,600"
DBC,06/20/2014,26.92,"2,099,521"
DBC,06/23/2014,26.82,"1,299,977"
DBC,06/24/2014,26.86,"934,741"
DBC,06/25/2014,26.9,"938,265"
DBC,06/26/2014,26.79,"1,082,211"
DBC,06/27/2014,26.74,"723,408"
DBC,06/30/2014,26.58,"15,876,250"
DBC,07/01/2014,26.5,"2,226,252"
DBC,07/02/2014,26.45,"5,938,455"
DBC,07/03/2014,26.4,"824,797"
DBC,07/07/2014,26.19,"7,393,701"
DBC,07/08/2014,26.12,"844,237"
DBC,07/09/2014,25.94,"8,581,393"
DBC,07/10/2014,25.98,"1,113,265"
DBC,07/11/2014,25.75,"983,978"
DBC,07/14/2014,25.85,"1,005,672"
DBC,07/15/2014,25.61,"1,269,821"
DBC,07/16/2014,25.65,"1,303,243"
DBC,07/17/2014,25.71,"650,268"
DBC,07/18/2014,25.54,"1,745,712"
DBC,07/21/2014,25.66,"1,493,625"
DBC,07/22/2014,25.55,"1,652,959"
DBC,07/23/2014,25.62,"581,218"
DBC,07/24/2014,25.59,"1,146,677"
DBC,07/25/2014,25.69,"857,156"
DBC,07/28/2014,25.64,"875,402"
DBC,07/29/2014,25.56,"1,403,499"
DBC,07/30/2014,25.45,"1,519,945"
DBC,07/31/2014,25.32,"1,678,930"
DBC,08/01/2014,25.12,"1,995,354"
DBC,08/04/2014,25.31,"2,100,732"
DBC,08/05/2014,25.19,"1,915,310"
DBC,08/06/2014,25.35,"1,700,242"
DBC,08/07/2014,25.4,"508,308"
DBC,08/08/2014,25.28,"631,506"
DBC,08/11/2014,25.32,"535,524"
DBC,08/12/2014,25.16,"1,048,781"
DBC,08/13/2014,25.14,"849,300"
DBC,08/14/2014,24.84,"949,939"
DBC,08/15/2014,24.94,"1,351,069"
DBC,08/18/2014,24.73,"2,842,244"
DBC,08/19/2014,24.78,"792,812"
DBC,08/20/2014,24.85,"677,213"
DBC,08/21/2014,24.91,"727,017"
DBC,08/22/2014,24.87,"2,264,963"
DBC,08/25/2014,24.91,"755,416"
DBC,08/26/2014,24.92,"1,029,094"
DBC,08/27/2014,24.96,"757,003"
DBC,08/28/2014,24.98,"544,198"
DBC,08/29/2014,25.03,"1,131,831"
DBC,09/02/2014,24.67,"3,917,884"
DBC,09/03/2014,24.77,"882,729"
DBC,09/04/2014,24.67,"773,966"
DBC,09/05/2014,24.63,"712,865"
DBC,09/08/2014,24.51,"578,903"
DBC,09/09/2014,24.31,"1,534,258"
DBC,09/10/2014,24.14,"1,476,590"
DBC,09/11/2014,24.02,"1,504,200"
DBC,09/12/2014,23.83,"1,537,653"
DBC,09/15/2014,23.86,"1,223,719"
DBC,09/16/2014,24.08,"1,033,760"
DBC,09/17/2014,23.98,"1,000,302"
DBC,09/18/2014,23.75,"738,960"
DBC,09/19/2014,23.68,"672,051"
DBC,09/22/2014,23.48,"1,027,713"
DBC,09/23/2014,23.48,"886,942"
DBC,09/24/2014,23.58,"1,301,092"
DBC,09/25/2014,23.53,"1,280,317"
DBC,09/26/2014,23.49,"761,494"
DBC,09/29/2014,23.63,"1,501,031"
DBC,09/30/2014,23.22,"1,576,473"
DBC,10/01/2014,23.14,"1,442,590"
DBC,10/02/2014,23.05,"2,061,885"
DBC,10/03/2014,22.83,"1,647,330"
DBC,10/06/2014,23.12,"1,849,083"
DBC,10/07/2014,23.03,"1,556,007"
DBC,10/08/2014,22.94,"2,886,304"
DBC,10/09/2014,22.67,"17,027,463"
DBC,10/10/2014,22.59,"2,911,592"
DBC,10/13/2014,22.59,"1,014,855"
DBC,10/14/2014,22.25,"1,909,960"
DBC,10/15/2014,21.97,"2,848,537"
DBC,10/16/2014,22.19,"2,205,386"
DBC,10/17/2014,22.27,"2,413,019"
DBC,10/20/2014,22.11,"1,068,874"
DBC,10/21/2014,22.29,"1,461,578"
DBC,10/22/2014,22.04,"1,798,949"
DBC,10/23/2014,22.3,"3,368,700"
DBC,10/24/2014,22.16,"1,545,079"
DBC,10/27/2014,22.1,"2,168,101"
DBC,10/28/2014,22.28,"1,374,744"
DBC,10/29/2014,22.54,"1,274,764"
DBC,10/30/2014,22.35,"1,232,234"
DBC,10/31/2014,22.32,"1,901,040"
DBC,11/03/2014,22.12,"1,322,725"
DBC,11/04/2014,21.8,"1,779,935"
DBC,11/05/2014,21.86,"1,581,225"
DBC,11/06/2014,21.88,"1,295,587"
DBC,11/07/2014,21.98,"1,201,318"
DBC,11/10/2014,21.77,"1,854,851"
DBC,11/11/2014,21.88,"1,082,775"
DBC,11/12/2014,21.81,"1,988,569"
DBC,11/13/2014,21.41,"1,345,245"
DBC,11/14/2014,21.64,"2,859,684"
DBC,11/17/2014,21.55,"1,517,744"
DBC,11/18/2014,21.44,"1,472,982"
DBC,11/19/2014,21.33,"1,161,893"
DBC,11/20/2014,21.51,"1,539,334"
DBC,11/21/2014,21.74,"8,061,486"
DBC,11/24/2014,21.55,"2,956,750"
DBC,11/25/2014,21.45,"2,468,327"
DBC,11/26/2014,21.4,"2,360,351"
DBC,11/28/2014,20.42,"903,146"
DBC,12/01/2014,20.84,"3,661,625"
DBC,12/02/2014,20.4,"3,058,419"
DBC,12/03/2014,20.28,"3,379,797"
DBC,12/04/2014,20.22,"2,101,889"
DBC,12/05/2014,20.17,"2,047,423"
DBC,12/08/2014,19.82,"3,357,216"
DBC,12/09/2014,19.96,"2,689,033"
DBC,12/10/2014,19.65,"5,415,943"
DBC,12/11/2014,19.47,"3,634,717"
DBC,12/12/2014,19.31,"3,346,054"
DBC,12/15/2014,19,"6,392,963"
DBC,12/16/2014,18.89,"4,297,594"
DBC,12/17/2014,19,"7,656,491"
DBC,12/18/2014,18.94,"4,960,151"
DBC,12/19/2014,19.22,"3,617,523"
DBC,12/22/2014,18.87,"5,826,748"
DBC,12/23/2014,19.06,"5,627,203"
DBC,12/24/2014,18.81,"2,069,586"
DBC,12/26/2014,18.79,"2,913,105"
DBC,12/29/2014,18.61,"4,566,265"
DBC,12/30/2014,18.59,"4,735,769"
DBC,12/31/2014,18.45,"21,526,492"
DBC,01/02/2015,18.23,"1,967,294"
DBC,01/05/2015,17.97,"1,827,461"
DBC,01/06/2015,17.8,"1,843,060"
DBC,01/07/2015,17.69,"1,868,404"
DBC,01/08/2015,17.76,"1,409,351"
DBC,01/09/2015,17.73,"3,463,555"
DBC,01/12/2015,17.34,"4,567,392"
DBC,01/13/2015,17.27,"2,898,573"
DBC,01/14/2015,17.46,"2,774,281"
DBC,01/15/2015,17.22,"1,827,752"
DBC,01/16/2015,17.55,"1,726,216"
DBC,01/20/2015,17.31,"2,409,030"
DBC,01/21/2015,17.42,"2,282,249"
DBC,01/22/2015,17.4,"3,736,663"
DBC,01/23/2015,17.29,"1,889,052"
DBC,01/26/2015,17.23,"1,718,333"
DBC,01/27/2015,17.32,"3,261,661"
DBC,01/28/2015,17.07,"3,647,794"
DBC,01/29/2015,16.99,"2,221,661"
DBC,01/30/2015,17.4,"3,535,320"
DBC,02/02/2015,17.64,"2,878,421"
DBC,02/03/2015,18.13,"5,713,105"
DBC,02/04/2015,17.73,"4,597,875"
DBC,02/05/2015,17.97,"2,395,461"
DBC,02/06/2015,18.02,"2,735,081"
DBC,02/09/2015,18.2,"2,060,712"
DBC,02/10/2015,17.97,"1,172,491"
DBC,02/11/2015,17.83,"3,233,401"
DBC,02/12/2015,18.1,"11,000,201"
DBC,02/13/2015,18.3,"2,173,808"
DBC,02/17/2015,18.31,"1,631,714"
DBC,02/18/2015,18.09,"2,454,494"
DBC,02/19/2015,18.03,"1,131,782"
DBC,02/20/2015,17.96,"1,674,645"
DBC,02/23/2015,17.84,"1,583,806"
DBC,02/24/2015,17.85,"1,183,066"
DBC,02/25/2015,18.12,"1,861,529"
DBC,02/26/2015,17.97,"952,427"
DBC,02/27/2015,18.17,"964,103"
DBC,03/02/2015,17.91,"1,449,380"
DBC,03/03/2015,18.02,"1,588,336"
DBC,03/04/2015,17.86,"1,476,945"
DBC,03/05/2015,17.79,"1,244,011"
DBC,03/06/2015,17.57,"7,454,737"
DBC,03/09/2015,17.52,"1,280,703"
DBC,03/10/2015,17.29,"1,580,756"
DBC,03/11/2015,17.38,"1,390,622"
DBC,03/12/2015,17.3,"1,146,164"
DBC,03/13/2015,16.95,"1,924,610"
DBC,03/16/2015,16.93,"1,888,401"
DBC,03/17/2015,16.81,"1,370,476"
DBC,03/18/2015,17.27,"2,163,162"
DBC,03/19/2015,16.98,"1,165,454"
DBC,03/20/2015,17.21,"1,457,355"
DBC,03/23/2015,17.41,"1,469,001"
DBC,03/24/2015,17.27,"1,512,725"
DBC,03/25/2015,17.32,"1,540,138"
DBC,03/26/2015,17.53,"1,678,651"
DBC,03/27/2015,17.18,"675,433"
DBC,03/30/2015,17.27,"993,245"
DBC,03/31/2015,17.07,"2,302,386"
DBC,04/01/2015,17.38,"1,893,159"
DBC,04/02/2015,17.29,"1,256,816"
DBC,04/06/2015,17.51,"1,377,799"
DBC,04/07/2015,17.6,"1,274,083"
DBC,04/08/2015,17.26,"904,022"
DBC,04/09/2015,17.26,"1,321,401"
DBC,04/10/2015,17.44,"804,217"
DBC,04/13/2015,17.36,"1,210,324"
DBC,04/14/2015,17.44,"1,302,477"
DBC,04/15/2015,17.79,"5,697,874"
DBC,04/16/2015,17.98,"1,718,200"
DBC,04/17/2015,17.94,"1,226,503"
DBC,04/20/2015,17.86,"1,002,802"
DBC,04/21/2015,17.73,"1,305,449"
DBC,04/22/2015,17.79,"762,762"
DBC,04/23/2015,18.01,"1,057,849"
DBC,04/24/2015,18,"700,567"
DBC,04/27/2015,18,"833,549"
DBC,04/28/2015,18.03,"815,535"
DBC,04/29/2015,18.15,"1,774,027"
DBC,04/30/2015,18.29,"1,166,456"
DBC,05/01/2015,18.27,"2,015,361"
DBC,05/04/2015,18.26,"2,095,204"
DBC,05/05/2015,18.41,"1,615,291"
DBC,05/06/2015,18.41,"2,812,448"
DBC,05/07/2015,18.12,"1,007,460"
DBC,05/08/2015,18.22,"1,711,561"
DBC,05/11/2015,18.14,"1,494,339"
DBC,05/12/2015,18.33,"1,241,232"
DBC,05/13/2015,18.35,"1,246,938"
DBC,05/14/2015,18.46,"2,321,908"
DBC,05/15/2015,18.45,"2,034,862"
DBC,05/18/2015,18.4,"1,773,477"
DBC,05/19/2015,18.01,"1,463,252"
DBC,05/20/2015,17.97,"2,551,101"
DBC,05/21/2015,18.19,"974,766"
DBC,05/22/2015,17.99,"1,452,212"
DBC,05/26/2015,17.64,"1,366,939"
DBC,05/27/2015,17.4,"1,392,367"
DBC,05/28/2015,17.49,"3,380,418"
DBC,05/29/2015,17.71,"1,347,675"
DBC,06/01/2015,17.67,"2,012,975"
DBC,06/02/2015,17.88,"1,085,513"
DBC,06/03/2015,17.65,"1,091,185"
DBC,06/04/2015,17.49,"1,296,652"
DBC,06/05/2015,17.57,"1,161,407"
DBC,06/08/2015,17.58,"1,448,986"
DBC,06/09/2015,17.86,"1,221,809"
DBC,06/10/2015,17.93,"1,223,425"
DBC,06/11/2015,17.77,"719,085"
DBC,06/12/2015,17.59,"3,527,765"
DBC,06/15/2015,17.51,"1,343,849"
DBC,06/16/2015,17.56,"577,092"
DBC,06/17/2015,17.61,"693,925"
DBC,06/18/2015,17.61,"1,668,471"
DBC,06/19/2015,17.45,"1,648,645"
DBC,06/22/2015,17.51,"1,015,161"
DBC,06/23/2015,17.72,"630,542"
DBC,06/24/2015,17.6,"2,268,051"
DBC,06/25/2015,17.62,"887,301"
DBC,06/26/2015,17.7,"550,667"
DBC,06/29/2015,17.62,"2,299,117"
DBC,06/30/2015,18,"1,582,618"
DBC,07/01/2015,17.78,"3,885,364"
DBC,07/02/2015,17.75,"1,855,030"
DBC,07/06/2015,17.17,"2,304,875"
DBC,07/07/2015,17.07,"4,409,526"
DBC,07/08/2015,16.99,"4,364,007"
DBC,07/09/2015,17.19,"2,278,443"
DBC,07/10/2015,17.27,"1,117,924"
DBC,07/13/2015,17.28,"2,425,456"
DBC,07/14/2015,17.22,"867,168"
DBC,07/15/2015,17.02,"914,516"
DBC,07/16/2015,16.94,"822,375"
DBC,07/17/2015,16.85,"938,200"
DBC,07/20/2015,16.58,"2,006,164"
DBC,07/21/2015,16.65,"1,044,558"
DBC,07/22/2015,16.41,"2,034,141"
DBC,07/23/2015,16.27,"6,627,699"
DBC,07/24/2015,16.14,"1,264,790"
DBC,07/27/2015,15.83,"2,407,206"
DBC,07/28/2015,15.96,"2,157,397"
DBC,07/29/2015,16.01,"1,239,665"
DBC,07/30/2015,15.95,"997,517"
DBC,07/31/2015,15.73,"1,807,464"
DBC,08/03/2015,15.47,"2,939,046"
DBC,08/04/2015,15.56,"2,741,323"
DBC,08/05/2015,15.5,"1,415,233"
DBC,08/06/2015,15.49,"1,767,144"
DBC,08/07/2015,15.43,"1,940,404"
DBC,08/10/2015,15.76,"2,061,632"
DBC,08/11/2015,15.55,"1,092,352"
DBC,08/12/2015,15.5,"1,831,901"
DBC,08/13/2015,15.43,"1,304,423"
DBC,08/14/2015,15.33,"876,075"
DBC,08/17/2015,15.27,"1,824,407"
DBC,08/18/2015,15.19,"1,641,335"
DBC,08/19/2015,15.02,"1,718,482"
DBC,08/20/2015,15.06,"4,386,192"
DBC,08/21/2015,14.81,"2,750,650"
DBC,08/24/2015,14.44,"3,776,878"
DBC,08/25/2015,14.5,"3,132,688"
DBC,08/26/2015,14.41,"2,180,666"
DBC,08/27/2015,14.93,"2,094,792"
DBC,08/28/2015,15.32,"6,212,793"
DBC,08/31/2015,15.69,"2,227,624"
DBC,09/01/2015,15.17,"2,494,205"
DBC,09/02/2015,15.3,"3,646,344"
DBC,09/03/2015,15.4,"1,687,834"
DBC,09/04/2015,15.21,"837,725"
DBC,09/08/2015,15.32,"1,278,573"
DBC,09/09/2015,15.12,"1,918,581"
DBC,09/10/2015,15.25,"2,398,227"
DBC,09/11/2015,15.23,"1,160,175"
DBC,09/14/2015,15.04,"803,955"
DBC,09/15/2015,15.09,"649,245"
DBC,09/16/2015,15.34,"1,767,008"
DBC,09/17/2015,15.24,"1,326,677"
DBC,09/18/2015,15.01,"1,213,718"
DBC,09/21/2015,15.18,"883,555"
DBC,09/22/2015,15.09,"1,021,441"
DBC,09/23/2015,14.97,"1,423,666"
DBC,09/24/2015,15.06,"1,711,256"
DBC,09/25/2015,15.15,"1,286,655"
DBC,09/28/2015,14.94,"1,424,195"
DBC,09/29/2015,15.04,"1,407,473"
DBC,09/30/2015,15.15,"1,466,331"
DBC,10/01/2015,15.05,"2,237,871"
DBC,10/02/2015,15.15,"4,613,605"
DBC,10/05/2015,15.35,"1,696,136"
DBC,10/06/2015,15.65,"1,805,724"
DBC,10/07/2015,15.62,"1,087,664"
DBC,10/08/2015,15.69,"1,294,136"
DBC,10/09/2015,15.76,"2,042,909"
DBC,10/12/2015,15.51,"1,072,758"
DBC,10/13/2015,15.41,"1,571,304"
DBC,10/14/2015,15.45,"1,495,321"
DBC,10/15/2015,15.41,"1,624,403"
DBC,10/16/2015,15.42,"1,383,386"
DBC,10/19/2015,15.14,"1,160,400"
DBC,10/20/2015,15.17,"1,591,223"
DBC,10/21/2015,15.04,"2,500,879"
DBC,10/22/2015,15.09,"1,326,864"
DBC,10/23/2015,15,"1,363,376"
DBC,10/26/2015,14.96,"1,226,475"
DBC,10/27/2015,14.89,"1,547,054"
DBC,10/28/2015,15.14,"1,690,708"
DBC,10/29/2015,15.05,"1,501,309"
DBC,10/30/2015,15.2,"1,446,457"
DBC,11/02/2015,15.12,"2,485,489"
DBC,11/03/2015,15.39,"1,988,739"
DBC,11/04/2015,15.13,"1,556,920"
DBC,11/05/2015,15.01,"2,661,723"
DBC,11/06/2015,14.92,"786,289"
DBC,11/09/2015,14.79,"2,315,496"
DBC,11/10/2015,14.76,"1,055,975"
DBC,11/11/2015,14.61,"1,133,860"
DBC,11/12/2015,14.4,"1,817,348"
DBC,11/13/2015,14.29,"1,517,353"
DBC,11/16/2015,14.36,"1,107,774"
DBC,11/17/2015,14.14,"1,094,820"
DBC,11/18/2015,14.2,"1,851,031"
DBC,11/19/2015,14.2,"2,045,773"
DBC,11/20/2015,14.18,"2,169,472"
DBC,11/23/2015,14.29,"3,993,559"
DBC,11/24/2015,14.52,"1,308,999"
DBC,11/25/2015,14.5,"1,427,294"
DBC,11/27/2015,14.28,"1,606,839"
DBC,11/30/2015,14.19,"2,975,400"
DBC,12/01/2015,14.35,"2,226,174"
DBC,12/02/2015,14.05,"2,108,818"
DBC,12/03/2015,14.21,"2,703,411"
DBC,12/04/2015,14.19,"2,145,027"
DBC,12/07/2015,13.78,"2,197,030"
DBC,12/08/2015,13.71,"3,011,136"
DBC,12/09/2015,13.72,"2,688,049"
DBC,12/10/2015,13.67,"2,076,633"
DBC,12/11/2015,13.53,"4,237,899"
DBC,12/14/2015,13.44,"2,631,700"
DBC,12/15/2015,13.41,"2,862,829"
DBC,12/16/2015,13.35,"3,436,926"
DBC,12/17/2015,13.21,"8,948,480"
DBC,12/18/2015,13.27,"2,764,153"
DBC,12/21/2015,13.21,"4,462,255"
DBC,12/22/2015,13.15,"3,484,305"
DBC,12/23/2015,13.39,"5,518,153"
DBC,12/24/2015,13.39,"1,391,689"
DBC,12/28/2015,13.2,"2,958,906"
DBC,12/29/2015,13.42,"5,314,700"
DBC,12/30/2015,13.29,"3,190,170"
DBC,12/31/2015,13.36,"2,373,178"
DBC,01/04/2016,13.26,"2,307,559"
DBC,01/05/2016,13.13,"1,210,003"
DBC,01/06/2016,12.92,"2,668,634"
DBC,01/07/2016,12.86,"10,692,460"
DBC,01/08/2016,12.8,"2,809,649"
DBC,01/11/2016,12.45,"2,629,099"
DBC,01/12/2016,12.37,"2,398,288"
DBC,01/13/2016,12.3,"2,554,217"
DBC,01/14/2016,12.33,"1,813,099"
DBC,01/15/2016,12.065,"1,963,468"
DBC,01/19/2016,11.97,"3,776,801"
DBC,01/20/2016,11.88,"2,239,187"
DBC,01/21/2016,12.04,"2,564,094"
DBC,01/22/2016,12.4,"1,994,486"
DBC,01/25/2016,12.13,"1,983,060"
DBC,01/26/2016,12.37,"2,018,593"
DBC,01/27/2016,12.52,"1,485,174"
DBC,01/28/2016,12.66,"1,943,231"
DBC,01/29/2016,12.78,"2,920,583"
DBC,02/01/2016,12.54,"1,724,621"
DBC,02/02/2016,12.32,"5,602,483"
DBC,02/03/2016,12.63,"3,106,627"
DBC,02/04/2016,12.61,"2,606,409"
DBC,02/05/2016,12.53,"1,709,196"
DBC,02/08/2016,12.47,"1,685,762"
DBC,02/09/2016,12.15,"2,762,879"
DBC,02/10/2016,12.17,"3,157,085"
DBC,02/11/2016,12.32,"1,966,679"
DBC,02/12/2016,12.5,"3,251,397"
DBC,02/16/2016,12.36,"3,558,856"
DBC,02/17/2016,12.62,"1,704,303"
DBC,02/18/2016,12.55,"2,005,534"
DBC,02/19/2016,12.44,"835,454"
DBC,02/22/2016,12.63,"719,034"
DBC,02/23/2016,12.46,"1,496,750"
DBC,02/24/2016,12.62,"2,438,942"
DBC,02/25/2016,12.61,"3,589,434"
DBC,02/26/2016,12.59,"1,686,545"
DBC,02/29/2016,12.75,"1,813,965"
DBC,03/01/2016,12.76,"2,144,553"
DBC,03/02/2016,12.83,"4,519,730"
DBC,03/03/2016,12.9,"1,597,034"
DBC,03/04/2016,13.15,"2,063,861"
DBC,03/07/2016,13.39,"2,785,536"
DBC,03/08/2016,13.21,"2,116,596"
DBC,03/09/2016,13.41,"2,552,678"
DBC,03/10/2016,13.39,"2,836,660"
DBC,03/11/2016,13.44,"1,010,876"
DBC,03/14/2016,13.32,"1,062,867"
DBC,03/15/2016,13.21,"1,619,163"
DBC,03/16/2016,13.44,"2,430,959"
DBC,03/17/2016,13.59,"1,000,439"
DBC,03/18/2016,13.58,"1,791,070"
DBC,03/21/2016,13.62,"9,810,500"
DBC,03/22/2016,13.72,"1,498,785"
DBC,03/23/2016,13.43,"3,167,112"
DBC,03/24/2016,13.35,"1,838,669"
DBC,03/28/2016,13.39,"1,000,269"
DBC,03/29/2016,13.36,"2,303,626"
DBC,03/30/2016,13.31,"1,336,090"
DBC,03/31/2016,13.29,"3,581,737"
DBC,04/01/2016,13.06,"1,170,772"
DBC,04/04/2016,12.88,"4,662,333"
DBC,04/05/2016,12.85,"1,832,986"
DBC,04/06/2016,12.99,"4,849,547"
DBC,04/07/2016,12.95,"1,046,189"
DBC,04/08/2016,13.26,"1,298,817"
DBC,04/11/2016,13.36,"1,763,810"
DBC,04/12/2016,13.65,"2,560,067"
DBC,04/13/2016,13.72,"1,907,918"
DBC,04/14/2016,13.61,"1,084,591"
DBC,04/15/2016,13.56,"879,415"
DBC,04/18/2016,13.62,"1,204,652"
DBC,04/19/2016,13.91,"2,226,968"
DBC,04/20/2016,14.18,"2,408,153"
DBC,04/21/2016,14.12,"2,701,963"
DBC,04/22/2016,14.06,"2,134,911"
DBC,04/25/2016,14.05,"1,574,188"
DBC,04/26/2016,14.23,"1,528,322"
DBC,04/27/2016,14.36,"1,682,622"
DBC,04/28/2016,14.44,"1,944,179"
DBC,04/29/2016,14.58,"8,719,280"
DBC,05/02/2016,14.38,"6,749,044"
DBC,05/03/2016,14.16,"2,723,550"
DBC,05/04/2016,14.17,"2,021,196"
DBC,05/05/2016,14.03,"1,184,157"
DBC,05/06/2016,14.12,"6,854,168"
DBC,05/09/2016,13.81,"2,163,340"
DBC,05/10/2016,14.15,"1,420,899"
DBC,05/11/2016,14.48,"1,851,090"
DBC,05/12/2016,14.5,"1,270,674"
DBC,05/13/2016,14.48,"1,550,842"
DBC,05/16/2016,14.64,"3,273,513"
DBC,05/17/2016,14.75,"1,425,240"
DBC,05/18/2016,14.64,"1,987,253"
DBC,05/19/2016,14.6,"5,004,334"
DBC,05/20/2016,14.66,"3,424,840"
DBC,05/23/2016,14.58,"1,290,225"
DBC,05/24/2016,14.58,"964,187"
DBC,05/25/2016,14.75,"1,638,538"
DBC,05/26/2016,14.74,"1,422,519"
DBC,05/27/2016,14.8,"1,472,520"
DBC,05/31/2016,14.71,"10,014,960"
DBC,06/01/2016,14.86,"3,179,177"
DBC,06/02/2016,14.89,"6,854,413"
DBC,06/03/2016,14.99,"2,211,324"
DBC,06/06/2016,15.17,"2,936,937"
DBC,06/07/2016,15.32,"1,394,192"
DBC,06/08/2016,15.58,"2,748,203"
DBC,06/09/2016,15.55,"3,062,151"
DBC,06/10/2016,15.36,"2,965,654"
DBC,06/13/2016,15.36,"1,594,553"
DBC,06/14/2016,15.26,"1,276,513"
DBC,06/15/2016,15.18,"1,829,775"
DBC,06/16/2016,14.92,"1,836,490"
DBC,06/17/2016,15.27,"2,476,254"
DBC,06/20/2016,15.41,"1,654,100"
DBC,06/21/2016,15.29,"1,550,514"
DBC,06/22/2016,15.2,"2,251,125"
DBC,06/23/2016,15.32,"1,561,522"
DBC,06/24/2016,15.01,"1,582,991"
DBC,06/27/2016,14.98,"2,276,948"
DBC,06/28/2016,15.22,"1,645,774"
DBC,06/29/2016,15.44,"1,671,011"
DBC,06/30/2016,15.35,"2,216,115"
DBC,07/01/2016,15.54,"3,913,561"
DBC,07/05/2016,15.1,"4,526,763"
DBC,07/06/2016,15.16,"2,535,348"
DBC,07/07/2016,14.73,"3,347,877"
DBC,07/08/2016,14.88,"1,516,755"
DBC,07/11/2016,14.82,"1,756,835"
DBC,07/12/2016,15.1,"1,414,892"
DBC,07/13/2016,14.91,"2,742,579"
DBC,07/14/2016,14.97,"1,644,964"
DBC,07/15/2016,14.93,"1,406,839"
DBC,07/18/2016,14.86,"1,465,052"
DBC,07/19/2016,14.77,"854,286"
DBC,07/20/2016,14.67,"1,813,094"
DBC,07/21/2016,14.59,"1,309,034"
DBC,07/22/2016,14.56,"1,728,287"
DBC,07/25/2016,14.4,"1,248,359"
DBC,07/26/2016,14.34,"1,451,602"
DBC,07/27/2016,14.2,"2,628,932"
DBC,07/28/2016,14.16,"1,234,980"
DBC,07/29/2016,14.28,"3,017,350"
DBC,08/01/2016,14.03,"4,540,620"
DBC,08/02/2016,14.01,"3,700,342"
DBC,08/03/2016,14.24,"2,559,565"
DBC,08/04/2016,14.3,"1,414,638"
DBC,08/05/2016,14.36,"2,201,449"
DBC,08/08/2016,14.44,"2,999,929"
DBC,08/09/2016,14.4,"1,660,337"
DBC,08/10/2016,14.23,"2,213,194"
DBC,08/11/2016,14.45,"1,959,253"
DBC,08/12/2016,14.56,"1,653,703"
DBC,08/15/2016,14.8,"1,281,782"
DBC,08/16/2016,14.92,"3,543,353"
DBC,08/17/2016,14.98,"2,806,820"
DBC,08/18/2016,15.17,"1,961,535"
DBC,08/19/2016,15.12,"1,215,368"
DBC,08/22/2016,14.98,"931,685"
DBC,08/23/2016,15.04,"934,033"
DBC,08/24/2016,14.86,"1,471,723"
DBC,08/25/2016,14.92,"694,634"
DBC,08/26/2016,14.87,"808,527"
DBC,08/29/2016,14.81,"841,680"
DBC,08/30/2016,14.67,"1,382,281"
DBC,08/31/2016,14.39,"13,259,509"
DBC,09/01/2016,14.23,"2,226,954"
DBC,09/02/2016,14.39,"3,184,424"
DBC,09/06/2016,14.49,"1,680,225"
DBC,09/07/2016,14.62,"1,148,473"
DBC,09/08/2016,14.88,"2,248,198"
DBC,09/09/2016,14.65,"2,073,164"
DBC,09/12/2016,14.65,"2,022,187"
DBC,09/13/2016,14.46,"1,215,538"
DBC,09/14/2016,14.35,"1,505,157"
DBC,09/15/2016,14.42,"1,056,152"
DBC,09/16/2016,14.44,"977,827"
DBC,09/19/2016,14.43,"2,235,422"
DBC,09/20/2016,14.48,"1,666,737"
DBC,09/21/2016,14.66,"1,457,681"
DBC,09/22/2016,14.74,"950,566"
DBC,09/23/2016,14.57,"1,551,808"
DBC,09/26/2016,14.67,"1,043,909"
DBC,09/27/2016,14.53,"1,133,976"
DBC,09/28/2016,14.87,"2,413,802"
DBC,09/29/2016,14.96,"1,276,937"
DBC,09/30/2016,15.01,"1,924,025"
DBC,10/03/2016,15.14,"4,734,534"
DBC,10/04/2016,15.1,"1,430,624"
DBC,10/05/2016,15.19,"4,075,497"
DBC,10/06/2016,15.22,"1,460,074"
DBC,10/07/2016,15.18,"1,358,428"
DBC,10/10/2016,15.35,"1,547,945"
DBC,10/11/2016,15.26,"2,989,772"
DBC,10/12/2016,15.15,"3,655,832"
DBC,10/13/2016,15.25,"1,197,727"
DBC,10/14/2016,15.26,"1,170,069"
DBC,10/17/2016,15.28,"2,010,522"
DBC,10/18/2016,15.31,"786,539"
DBC,10/19/2016,15.41,"2,279,542"
DBC,10/20/2016,15.27,"1,212,886"
DBC,10/21/2016,15.33,"1,034,084"
DBC,10/24/2016,15.34,"1,957,219"
DBC,10/25/2016,15.27,"1,372,440"
DBC,10/26/2016,15.17,"1,892,225"
DBC,10/27/2016,15.26,"1,052,448"
DBC,10/28/2016,15.16,"1,447,797"
DBC,10/31/2016,14.96,"3,300,305"
DBC,11/01/2016,15.03,"4,391,042"
DBC,11/02/2016,14.85,"3,264,598"
DBC,11/03/2016,14.8,"1,884,970"
DBC,11/04/2016,14.7,"1,725,065"
DBC,11/07/2016,14.76,"8,293,239"
DBC,11/08/2016,14.74,"1,254,181"
DBC,11/09/2016,14.81,"3,111,208"
DBC,11/10/2016,14.69,"1,535,089"
DBC,11/11/2016,14.41,"1,701,755"
DBC,11/14/2016,14.38,"3,068,360"
DBC,11/15/2016,14.7,"4,373,257"
DBC,11/16/2016,14.52,"2,186,012"
DBC,11/17/2016,14.55,"1,104,125"
DBC,11/18/2016,14.67,"1,603,766"
DBC,11/21/2016,15.08,"10,376,262"
DBC,11/22/2016,15.06,"2,566,423"
DBC,11/23/2016,15.12,"1,863,659"
DBC,11/25/2016,15.01,"2,590,914"
DBC,11/28/2016,15.06,"2,835,597"
DBC,11/29/2016,14.76,"6,781,684"
DBC,11/30/2016,15.21,"5,383,671"
DBC,12/01/2016,15.49,"3,661,810"
DBC,12/02/2016,15.6,"2,360,493"
DBC,12/05/2016,15.68,"3,254,713"
DBC,12/06/2016,15.61,"1,398,107"
DBC,12/07/2016,15.49,"1,842,289"
DBC,12/08/2016,15.52,"1,692,990"
DBC,12/09/2016,15.6,"2,500,597"
DBC,12/12/2016,15.7,"2,873,355"
DBC,12/13/2016,15.74,"1,381,310"
DBC,12/14/2016,15.59,"3,129,194"
DBC,12/15/2016,15.57,"1,580,547"
DBC,12/16/2016,15.64,"1,148,903"
DBC,12/19/2016,15.55,"1,565,667"
DBC,12/20/2016,15.62,"2,103,516"
DBC,12/21/2016,15.53,"4,886,523"
DBC,12/22/2016,15.51,"3,033,765"
DBC,12/23/2016,15.54,"1,265,417"
DBC,12/27/2016,15.78,"1,303,612"
DBC,12/28/2016,15.79,"1,603,200"
DBC,12/29/2016,15.81,"1,197,987"
DBC,12/30/2016,15.84,"1,623,382"
DBC,01/03/2017,15.65,"5,935,170"
DBC,01/04/2017,15.77,"3,281,478"
DBC,01/05/2017,15.85,"28,475,953"
DBC,01/06/2017,15.83,"2,782,087"
DBC,01/09/2017,15.59,"3,365,965"
DBC,01/10/2017,15.52,"1,915,147"
DBC,01/11/2017,15.69,"2,711,922"
DBC,01/12/2017,15.92,"1,752,715"
DBC,01/13/2017,15.89,"1,240,969"
DBC,01/17/2017,15.88,"2,168,075"
DBC,01/18/2017,15.74,"1,570,600"
DBC,01/19/2017,15.69,"2,495,886"
DBC,01/20/2017,15.87,"1,780,932"
DBC,01/23/2017,15.87,"1,390,745"
DBC,01/24/2017,15.91,"2,219,182"
DBC,01/25/2017,15.81,"1,724,204"
DBC,01/26/2017,15.88,"2,201,365"
DBC,01/27/2017,15.75,"1,835,637"
DBC,01/30/2017,15.66,"4,275,017"
DBC,01/31/2017,15.75,"14,620,186"
DBC,02/01/2017,15.92,"4,732,012"
DBC,02/02/2017,15.92,"3,617,149"
DBC,02/03/2017,15.91,"2,433,534"
DBC,02/06/2017,15.81,"2,332,827"
DBC,02/07/2017,15.74,"2,026,529"
DBC,02/08/2017,15.8,"2,314,612"
DBC,02/09/2017,15.88,"1,669,716"
DBC,02/10/2017,16.05,"2,768,614"
DBC,02/13/2017,15.87,"1,122,521"
DBC,02/14/2017,15.89,"1,679,740"
DBC,02/15/2017,15.91,"1,350,379"
DBC,02/16/2017,15.81,"1,300,268"
DBC,02/17/2017,15.78,"2,265,544"
DBC,02/21/2017,15.76,"1,838,728"
DBC,02/22/2017,15.68,"2,480,686"
DBC,02/23/2017,15.73,"2,209,653"
DBC,02/24/2017,15.7,"1,371,642"
DBC,02/27/2017,15.66,"1,914,255"
DBC,02/28/2017,15.72,"2,321,025"
DBC,03/01/2017,15.79,"2,324,044"
DBC,03/02/2017,15.54,"1,381,236"
DBC,03/03/2017,15.62,"1,805,581"
DBC,03/06/2017,15.6,"1,297,766"
DBC,03/07/2017,15.53,"1,468,045"
DBC,03/08/2017,15.18,"4,012,228"
DBC,03/09/2017,15.05,"4,657,754"
DBC,03/10/2017,14.91,"4,163,741"
DBC,03/13/2017,14.89,"2,701,206"
DBC,03/14/2017,14.83,"2,946,350"
DBC,03/15/2017,14.96,"3,442,653"
DBC,03/16/2017,14.94,"2,088,325"
DBC,03/17/2017,14.99,"1,161,788"
DBC,03/20/2017,14.9817,"2,166,405"
DBC,03/21/2017,14.9,"1,882,036"
DBC,03/22/2017,14.89,"1,921,486"
DBC,03/23/2017,14.86,"1,511,520"
DBC,03/24/2017,14.91,"1,372,420"
DBC,03/27/2017,14.89,"2,123,961"
DBC,03/28/2017,14.98,"1,713,273"
DBC,03/29/2017,15.12,"2,552,967"
DBC,03/30/2017,15.18,"1,325,058"
DBC,03/31/2017,15.21,"3,000,072"
DBC,04/03/2017,15.15,"4,604,322"
DBC,04/04/2017,15.3,"4,604,387"
DBC,04/05/2017,15.33,"4,604,593"
DBC,04/06/2017,15.37,"2,856,183"
DBC,04/07/2017,15.41,"6,227,130"
DBC,04/10/2017,15.53,"945,755"
DBC,04/11/2017,15.56,"1,391,664"
DBC,04/12/2017,15.56,"1,429,337"
DBC,04/13/2017,15.61,"2,122,972"
DBC,04/17/2017,15.52,"1,866,010"
DBC,04/18/2017,15.46,"1,462,969"
DBC,04/19/2017,15.19,"2,094,492"
DBC,04/20/2017,15.13,"1,847,358"
DBC,04/21/2017,14.98,"1,585,084"
DBC,04/24/2017,14.93,"1,767,648"
DBC,04/25/2017,15,"1,586,409"
DBC,04/26/2017,14.92,"5,213,778"
DBC,04/27/2017,14.84,"919,028"
DBC,04/28/2017,14.8,"2,065,889"
DBC,05/01/2017,14.83,"3,598,660"
DBC,05/02/2017,14.67,"3,161,977"
DBC,05/03/2017,14.61,"2,146,443"
DBC,05/04/2017,14.26,"3,352,873"
DBC,05/05/2017,14.46,"2,436,220"
DBC,05/08/2017,14.4,"1,583,092"
DBC,05/09/2017,14.33,"1,472,964"
DBC,05/10/2017,14.56,"2,232,071"
DBC,05/11/2017,14.62,"1,312,198"
DBC,05/12/2017,14.62,"788,714"
DBC,05/15/2017,14.7,"893,761"
DBC,05/16/2017,14.72,"755,684"
DBC,05/17/2017,14.82,"3,215,022"
DBC,05/18/2017,14.78,"841,738"
DBC,05/19/2017,15.07,"736,627"
DBC,05/22/2017,15.17,"1,975,353"
DBC,05/23/2017,15.12,"1,361,183"
DBC,05/24/2017,15.09,"1,150,897"
DBC,05/25/2017,14.76,"1,306,361"
DBC,05/26/2017,14.87,"1,106,224"
DBC,05/30/2017,14.75,"2,592,972"
DBC,05/31/2017,14.59,"2,029,202"
DBC,06/01/2017,14.49,"2,487,408"
DBC,06/02/2017,14.42,"1,460,636"
DBC,06/05/2017,14.34,"1,512,718"
DBC,06/06/2017,14.44,"1,064,098"
DBC,06/07/2017,14.24,"1,661,839"
DBC,06/08/2017,14.24,"1,348,112"
DBC,06/09/2017,14.32,"1,205,953"
DBC,06/12/2017,14.19,"2,584,098"
DBC,06/13/2017,14.25,"890,102"
DBC,06/14/2017,14,"1,195,785"
DBC,06/15/2017,14.06,"1,042,920"
DBC,06/16/2017,14.12,"1,476,493"
DBC,06/19/2017,14.03,"957,738"
DBC,06/20/2017,13.89,"1,559,774"
DBC,06/21/2017,13.74,"2,879,365"
DBC,06/22/2017,13.76,"1,305,734"
DBC,06/23/2017,13.82,"1,874,612"
DBC,06/26/2017,13.85,"1,566,630"
DBC,06/27/2017,14.01,"1,174,935"
DBC,06/28/2017,14.1,"2,204,677"
DBC,06/29/2017,14.16,"893,642"
DBC,06/30/2017,14.45,"2,047,447"
DBC,07/03/2017,14.6,"3,012,984"
DBC,07/05/2017,14.38,"3,157,615"
DBC,07/06/2017,14.39,"3,055,890"
DBC,07/07/2017,14.25,"1,950,927"
DBC,07/10/2017,14.31,"979,544"
DBC,07/11/2017,14.45,"760,035"
DBC,07/12/2017,14.38,"1,252,293"
DBC,07/13/2017,14.37,"630,027"
DBC,07/14/2017,14.53,"759,025"
DBC,07/17/2017,14.48,"1,141,328"
DBC,07/18/2017,14.54,"858,928"
DBC,07/19/2017,14.67,"825,469"
DBC,07/20/2017,14.65,"1,132,107"
DBC,07/21/2017,14.45,"894,819"
DBC,07/24/2017,14.48,"606,693"
DBC,07/25/2017,14.64,"722,741"
DBC,07/26/2017,14.78,"2,389,154"
DBC,07/27/2017,14.87,"1,062,202"
DBC,07/28/2017,14.95,"834,849"
DBC,07/31/2017,15.04,"1,109,857"
DBC,08/01/2017,14.87,"1,041,373"
DBC,08/02/2017,14.9,"2,126,640"
DBC,08/03/2017,14.79,"2,187,078"
DBC,08/04/2017,14.82,"1,113,208"
DBC,08/07/2017,14.85,"989,405"
DBC,08/08/2017,14.86,"1,113,803"
DBC,08/09/2017,14.96,"1,013,651"
DBC,08/10/2017,14.73,"2,661,385"
DBC,08/11/2017,14.78,"1,543,240"
DBC,08/14/2017,14.65,"1,346,784"
DBC,08/15/2017,14.58,"840,017"
DBC,08/16/2017,14.54,"2,787,693"
DBC,08/17/2017,14.58,"1,782,058"
DBC,08/18/2017,14.84,"1,266,346"
DBC,08/21/2017,14.66,"953,937"
DBC,08/22/2017,14.7,"1,118,869"
DBC,08/23/2017,14.83,"1,042,039"
DBC,08/24/2017,14.82,"766,225"
DBC,08/25/2017,14.79,"564,978"
DBC,08/28/2017,14.8,"925,865"
DBC,08/29/2017,14.8,"712,279"
DBC,08/30/2017,14.69,"831,935"
DBC,08/31/2017,15.1,"2,587,718"
DBC,09/01/2017,15.12,"2,722,870"
DBC,09/05/2017,15.15,"1,211,737"
DBC,09/06/2017,15.3,"2,211,996"
DBC,09/07/2017,15.29,"1,205,405"
DBC,09/08/2017,15.12,"1,040,995"
DBC,09/11/2017,15.15,"1,104,315"
DBC,09/12/2017,15.19,"1,451,580"
DBC,09/13/2017,15.26,"909,239"
DBC,09/14/2017,15.27,"943,953"
DBC,09/15/2017,15.34,"1,176,516"
DBC,09/18/2017,15.32,"1,693,979"
DBC,09/19/2017,15.29,"537,431"
DBC,09/20/2017,15.42,"1,577,584"
DBC,09/21/2017,15.36,"1,146,015"
DBC,09/22/2017,15.42,"667,033"
DBC,09/25/2017,15.68,"1,120,281"
DBC,09/26/2017,15.54,"1,113,985"
DBC,09/27/2017,15.48,"2,007,980"
DBC,09/28/2017,15.48,"908,981"
DBC,09/29/2017,15.4,"3,072,262"
DBC,10/02/2017,15.27,"3,580,003"
DBC,10/03/2017,15.28,"1,384,503"
DBC,10/04/2017,15.3,"1,410,970"
DBC,10/05/2017,15.47,"1,391,023"
DBC,10/06/2017,15.23,"1,384,393"
DBC,10/09/2017,15.24,"632,693"
DBC,10/10/2017,15.42,"650,649"
DBC,10/11/2017,15.45,"709,338"
DBC,10/12/2017,15.43,"789,943"
DBC,10/13/2017,15.58,"626,962"
DBC,10/16/2017,15.62,"905,378"
DBC,10/17/2017,15.6,"615,235"
DBC,10/18/2017,15.59,"503,212"
DBC,10/19/2017,15.52,"1,757,114"
DBC,10/20/2017,15.6,"503,700"
DBC,10/23/2017,15.6,"1,102,292"
DBC,10/24/2017,15.76,"687,078"
DBC,10/25/2017,15.78,"865,276"
DBC,10/26/2017,15.85,"500,249"
DBC,10/27/2017,15.93,"892,904"
DBC,10/30/2017,15.97,"1,241,958"
DBC,10/31/2017,16.01,"2,245,491"
DBC,11/01/2017,16.02,"5,287,096"
DBC,11/02/2017,16.12,"5,054,681"
DBC,11/03/2017,16.22,"4,649,074"
DBC,11/06/2017,16.53,"7,479,288"
DBC,11/07/2017,16.43,"5,736,665"
DBC,11/08/2017,16.4,"1,670,673"
DBC,11/09/2017,16.43,"1,459,535"
DBC,11/10/2017,16.4,"1,740,577"
DBC,11/13/2017,16.35,"1,918,485"
DBC,11/14/2017,16.13,"2,498,847"
DBC,11/15/2017,16.11,"1,621,093"
DBC,11/16/2017,16.06,"1,457,749"
DBC,11/17/2017,16.32,"6,369,299"
DBC,11/20/2017,16.19,"1,627,794"
DBC,11/21/2017,16.3,"1,094,374"
DBC,11/22/2017,16.39,"1,651,337"
DBC,11/24/2017,16.44,"576,211"
DBC,11/27/2017,16.41,"1,248,881"
DBC,11/28/2017,16.34,"3,163,640"
DBC,11/29/2017,16.23,"1,814,173"
DBC,11/30/2017,16.16,"1,926,659"
DBC,12/01/2017,16.3,"6,363,533"
DBC,12/04/2017,16.1,"1,210,291"
DBC,12/05/2017,16.1,"858,672"
DBC,12/06/2017,15.83,"1,976,481"
DBC,12/07/2017,15.88,"2,405,016"
DBC,12/08/2017,15.96,"1,667,436"
DBC,12/11/2017,16,"1,083,471"
DBC,12/12/2017,15.86,"918,562"
DBC,12/13/2017,15.79,"2,441,584"
DBC,12/14/2017,15.84,"2,278,846"
DBC,12/15/2017,15.84,"1,953,225"
DBC,12/18/2017,15.91,"1,587,281"
DBC,12/19/2017,16.03,"1,575,010"
DBC,12/20/2017,16.12,"1,741,293"
DBC,12/21/2017,16.13,"3,497,527"
DBC,12/22/2017,16.2,"3,404,579"
DBC,12/26/2017,16.44,"1,793,857"
DBC,12/27/2017,16.48,"6,071,608"
DBC,12/28/2017,16.56,"1,933,810"
DBC,12/29/2017,16.61,"1,984,316"
DBC,01/02/2018,16.69,"3,995,701"
DBC,01/03/2018,16.79,"6,139,832"
DBC,01/04/2018,16.77,"2,533,130"
DBC,01/05/2018,16.71,"1,746,402"
DBC,01/08/2018,16.7,"2,207,952"
DBC,01/09/2018,16.81,"5,148,072"
DBC,01/10/2018,16.87,"2,467,705"
DBC,01/11/2018,16.86,"3,052,908"
DBC,01/12/2018,16.97,"7,625,784"
DBC,01/16/2018,16.89,"2,398,892"
DBC,01/17/2018,16.91,"2,352,021"
DBC,01/18/2018,16.91,"1,805,579"
DBC,01/19/2018,16.88,"1,306,181"
DBC,01/22/2018,16.92,"3,227,706"
DBC,01/23/2018,17.04,"2,381,835"
DBC,01/24/2018,17.22,"2,814,649"
DBC,01/25/2018,17.12,"2,613,291"
DBC,01/26/2018,17.25,"3,436,094"
DBC,01/29/2018,17.2,"1,304,505"
DBC,01/30/2018,17.08,"4,444,564"
DBC,01/31/2018,17.1,"35,764,163"
DBC,02/01/2018,17.27,"4,764,438"
DBC,02/02/2018,16.99,"2,011,546"
DBC,02/05/2018,16.83,"3,294,831"
DBC,02/06/2018,16.73,"7,712,078"
DBC,02/07/2018,16.54,"2,161,056"
DBC,02/08/2018,16.37,"5,036,087"
DBC,02/09/2018,16.13,"8,507,676"
DBC,02/12/2018,16.23,"3,395,999"
DBC,02/13/2018,16.26,"1,387,322"
DBC,02/14/2018,16.51,"4,016,762"
DBC,02/15/2018,16.54,"3,893,560"
DBC,02/16/2018,16.57,"2,223,641"
DBC,02/20/2018,16.62,"2,657,132"
DBC,02/21/2018,16.6,"2,374,902"
DBC,02/22/2018,16.75,"2,692,976"
DBC,02/23/2018,16.86,"2,696,080"
DBC,02/26/2018,16.95,"3,158,169"
DBC,02/27/2018,16.78,"4,760,626"
DBC,02/28/2018,16.6,"3,710,585"
DBC,03/01/2018,16.63,"5,442,853"
DBC,03/02/2018,16.63,"5,425,424"
DBC,03/05/2018,16.73,"2,534,573"
DBC,03/06/2018,16.79,"1,780,568"
DBC,03/07/2018,16.61,"3,375,217"
DBC,03/08/2018,16.51,"2,651,689"
DBC,03/09/2018,16.67,"3,346,696"
DBC,03/12/2018,16.64,"1,367,078"
DBC,03/13/2018,16.59,"1,913,875"
DBC,03/14/2018,16.59,"1,961,171"
DBC,03/15/2018,16.58,"1,128,050"
DBC,03/16/2018,16.64,"1,024,199"
DBC,03/19/2018,16.53,"1,684,701"
DBC,03/20/2018,16.64,"1,326,278"
DBC,03/21/2018,16.94,"1,727,993"
DBC,03/22/2018,16.81,"1,750,437"
DBC,03/23/2018,16.96,"2,532,598"
DBC,03/26/2018,16.97,"3,299,945"
DBC,03/27/2018,16.9,"1,288,395"
DBC,03/28/2018,16.83,"1,470,992"
DBC,03/29/2018,16.98,"4,525,695"
DBC,04/02/2018,16.75,"4,823,080"
DBC,04/03/2018,16.84,"2,854,724"
DBC,04/04/2018,16.77,"2,547,421"
DBC,04/05/2018,16.85,"2,639,285"
DBC,04/06/2018,16.73,"1,521,423"
DBC,04/09/2018,16.94,"1,801,790"
DBC,04/10/2018,17.23,"3,847,889"
DBC,04/11/2018,17.36,"2,567,170"
DBC,04/12/2018,17.29,"2,685,683"
DBC,04/13/2018,17.3,"2,084,288"
DBC,04/16/2018,17.24,"2,116,223"
DBC,04/17/2018,17.25,"1,823,998"
DBC,04/18/2018,17.57,"2,904,165"
DBC,04/19/2018,17.5,"1,997,613"
DBC,04/20/2018,17.47,"1,981,010"
DBC,04/23/2018,17.46,"2,094,021"
DBC,04/24/2018,17.37,"1,724,093"
DBC,04/25/2018,17.4,"1,745,927"
DBC,04/26/2018,17.49,"2,550,473"
DBC,04/27/2018,17.48,"1,519,700"
DBC,04/30/2018,17.56,"2,875,553"
DBC,05/01/2018,17.46,"2,598,716"
DBC,05/02/2018,17.46,"2,170,039"
DBC,05/03/2018,17.57,"2,117,504"
DBC,05/04/2018,17.69,"1,602,679"
DBC,05/07/2018,17.68,"1,544,784"
DBC,05/08/2018,17.73,"4,060,903"
DBC,05/09/2018,17.89,"5,029,259"
DBC,05/10/2018,17.98,"2,579,554"
DBC,05/11/2018,17.87,"1,407,937"
DBC,05/14/2018,18,"2,200,915"
DBC,05/15/2018,18.02,"2,064,998"
DBC,05/16/2018,18.12,"2,955,084"
DBC,05/17/2018,18.14,"1,644,755"
DBC,05/18/2018,18.15,"1,696,527"
DBC,05/21/2018,18.29,"2,535,695"
DBC,05/22/2018,18.31,"2,626,697"
DBC,05/23/2018,18.41,"1,879,293"
DBC,05/24/2018,18.29,"1,139,793"
DBC,05/25/2018,18.02,"2,612,253"
DBC,05/29/2018,17.85,"3,213,279"
DBC,05/30/2018,18.08,"2,398,339"
DBC,05/31/2018,18.03,"2,542,944"
DBC,06/01/2018,17.91,"5,462,299"
DBC,06/04/2018,17.7,"2,920,873"
DBC,06/05/2018,17.73,"3,323,121"
DBC,06/06/2018,17.79,"2,858,677"
DBC,06/07/2018,17.86,"1,890,552"
DBC,06/08/2018,17.85,"3,147,034"
DBC,06/11/2018,17.84,"2,415,229"
DBC,06/12/2018,17.83,"1,092,526"
DBC,06/13/2018,17.9,"1,460,858"
DBC,06/14/2018,17.7,"1,744,482"
DBC,06/15/2018,17.27,"2,750,489"
DBC,06/18/2018,17.42,"3,837,938"
DBC,06/19/2018,17.24,"3,010,699"
DBC,06/20/2018,17.22,"2,808,277"
DBC,06/21/2018,17.09,"3,421,604"
DBC,06/22/2018,17.43,"3,181,137"
DBC,06/25/2018,17.23,"2,988,362"
DBC,06/26/2018,17.4,"4,292,210"
DBC,06/27/2018,17.49,"1,867,632"
DBC,06/28/2018,17.48,"1,651,631"
DBC,06/29/2018,17.68,"3,603,150"
DBC,07/02/2018,17.31,"3,413,567"
DBC,07/03/2018,17.29,"2,527,452"
DBC,07/05/2018,17.39,"4,223,398"
DBC,07/06/2018,17.47,"1,761,485"
DBC,07/09/2018,17.56,"2,007,143"
DBC,07/10/2018,17.52,"1,342,288"
DBC,07/11/2018,16.91,"3,798,202"
DBC,07/12/2018,17,"3,145,588"
DBC,07/13/2018,17.03,"2,450,405"
DBC,07/16/2018,16.67,"4,408,826"
DBC,07/17/2018,16.69,"3,025,193"
DBC,07/18/2018,16.84,"3,488,522"
DBC,07/19/2018,16.82,"2,929,837"
DBC,07/20/2018,16.94,"2,361,642"
DBC,07/23/2018,17,"2,301,014"
DBC,07/24/2018,17.09,"1,504,537"
DBC,07/25/2018,17.32,"2,303,862"
DBC,07/26/2018,17.32,"1,723,569"
DBC,07/27/2018,17.25,"3,142,408"
DBC,07/30/2018,17.35,"2,406,936"
DBC,07/31/2018,17.25,"2,495,519"
DBC,08/01/2018,17,"4,856,741"
DBC,08/02/2018,17.1,"2,979,463"
DBC,08/03/2018,17.16,"2,587,034"
DBC,08/06/2018,17.19,"2,542,930"
DBC,08/07/2018,17.32,"2,983,195"
DBC,08/08/2018,17.11,"4,515,439"
DBC,08/09/2018,17.04,"1,749,001"
DBC,08/10/2018,17.04,"2,035,011"
DBC,08/13/2018,16.95,"2,015,749"
DBC,08/14/2018,16.98,"1,687,582"
DBC,08/15/2018,16.61,"3,239,337"
DBC,08/16/2018,16.74,"2,859,602"
DBC,08/17/2018,16.81,"1,117,975"
DBC,08/20/2018,16.84,"1,456,611"
DBC,08/21/2018,16.87,"1,043,533"
DBC,08/22/2018,17.11,"1,541,170"
DBC,08/23/2018,17.08,"925,940"
DBC,08/24/2018,17.21,"986,601"
DBC,08/27/2018,17.27,"1,163,465"
DBC,08/28/2018,17.2,"1,116,793"
DBC,08/29/2018,17.39,"1,418,542"
DBC,08/30/2018,17.36,"839,921"
DBC,08/31/2018,17.38,"1,920,058"
DBC,09/04/2018,17.28,"1,603,666"
DBC,09/05/2018,17.21,"1,674,797"
DBC,09/06/2018,17.11,"1,190,275"
DBC,09/07/2018,17.15,"1,316,053"
DBC,09/10/2018,17.21,"1,532,517"
DBC,09/11/2018,17.38,"1,286,586"
DBC,09/12/2018,17.5,"1,327,180"
DBC,09/13/2018,17.31,"2,000,551"
DBC,09/14/2018,17.2,"2,043,098"
DBC,09/17/2018,17.18,"1,285,064"
DBC,09/18/2018,17.34,"864,149"
DBC,09/19/2018,17.45,"1,109,034"
DBC,09/20/2018,17.45,"1,231,310"
DBC,09/21/2018,17.49,"1,500,095"
DBC,09/24/2018,17.75,"1,442,305"
DBC,09/25/2018,17.79,"2,868,622"
DBC,09/26/2018,17.71,"945,933"
DBC,09/27/2018,17.79,"1,006,225"
DBC,09/28/2018,17.97,"2,286,552"
DBC,10/01/2018,18.31,"4,332,074"
DBC,10/02/2018,18.37,"2,317,381"
DBC,10/03/2018,18.54,"1,976,090"
DBC,10/04/2018,18.34,"2,786,723"
DBC,10/05/2018,18.3,"1,341,871"
DBC,10/08/2018,18.25,"1,499,742"
DBC,10/09/2018,18.38,"2,173,896"
DBC,10/10/2018,18.02,"1,954,340"
DBC,10/11/2018,17.75,"1,826,085"
DBC,10/12/2018,17.89,"2,627,474"
DBC,10/15/2018,17.93,"2,001,253"
DBC,10/16/2018,18.01,"2,118,712"
DBC,10/17/2018,17.85,"1,069,153"
DBC,10/18/2018,17.65,"1,570,037"
DBC,10/19/2018,17.75,"1,591,427"
DBC,10/22/2018,17.77,"2,157,694"
DBC,10/23/2018,17.38,"1,995,854"
DBC,10/24/2018,17.26,"1,916,860"
DBC,10/25/2018,17.33,"2,336,485"
DBC,10/26/2018,17.46,"1,710,097"
DBC,10/29/2018,17.28,"2,465,032"
DBC,10/30/2018,17.19,"1,801,772"
DBC,10/31/2018,16.96,"3,968,069"
DBC,11/01/2018,16.84,"5,848,292"
DBC,11/02/2018,16.8,"3,516,210"
DBC,11/05/2018,16.79,"2,586,090"
DBC,11/06/2018,16.72,"1,736,214"
DBC,11/07/2018,16.68,"1,654,212"
DBC,11/08/2018,16.58,"1,991,337"
DBC,11/09/2018,16.4,"2,247,769"
DBC,11/12/2018,16.36,"3,247,499"
DBC,11/13/2018,15.91,"3,285,734"
DBC,11/14/2018,16.05,"3,499,449"
DBC,11/15/2018,16.02,"1,760,029"
DBC,11/16/2018,16.12,"1,802,685"
DBC,11/19/2018,16.12,"1,678,234"
DBC,11/20/2018,15.63,"2,164,621"
DBC,11/21/2018,15.76,"3,988,259"
DBC,11/23/2018,15.3,"1,521,631"
DBC,11/26/2018,15.37,"2,780,208"
DBC,11/27/2018,15.31,"2,496,963"
DBC,11/28/2018,15.26,"1,709,156"
DBC,11/29/2018,15.36,"1,863,290"
DBC,11/30/2018,15.29,"2,578,650"
DBC,12/03/2018,15.64,"4,590,036"
DBC,12/04/2018,15.65,"2,919,820"
DBC,12/06/2018,15.52,"2,707,875"
DBC,12/07/2018,15.7,"2,498,595"
DBC,12/10/2018,15.45,"1,736,418"
DBC,12/11/2018,15.54,"1,622,991"
DBC,12/12/2018,15.49,"1,910,716"
DBC,12/13/2018,15.69,"1,654,492"
DBC,12/14/2018,15.45,"1,109,694"
DBC,12/17/2018,15.27,"1,269,375"
DBC,12/18/2018,14.95,"2,744,267"
DBC,12/19/2018,15.01,"3,280,778"
DBC,12/20/2018,14.87,"3,307,957"
DBC,12/21/2018,14.74,"7,323,498"
DBC,12/24/2018,14.39,"1,525,675"
DBC,12/26/2018,14.71,"2,943,697"
DBC,12/27/2018,14.57,"4,315,412"
DBC,12/28/2018,14.45,"1,603,212"
DBC,12/31/2018,14.49,"2,988,535"
DBC,01/02/2019,14.53,"2,071,132"
DBC,01/03/2019,14.65,"1,389,673"
DBC,01/04/2019,14.85,"1,332,235"
DBC,01/07/2019,14.96,"1,581,655"
DBC,01/08/2019,15.11,"1,741,603"
DBC,01/09/2019,15.41,"1,156,496"
DBC,01/10/2019,15.37,"772,489"
DBC,01/11/2019,15.32,"856,105"
DBC,01/14/2019,15.19,"891,297"
DBC,01/15/2019,15.31,"1,121,467"
DBC,01/16/2019,15.39,"947,359"
DBC,01/17/2019,15.4,"670,169"
DBC,01/18/2019,15.56,"776,000"
DBC,01/22/2019,15.45,"804,532"
DBC,01/23/2019,15.43,"866,952"
DBC,01/24/2019,15.47,"3,660,754"
DBC,01/25/2019,15.55,"1,388,884"
DBC,01/28/2019,15.34,"1,823,260"
DBC,01/29/2019,15.49,"920,399"
DBC,01/30/2019,15.6,"1,732,900"
DBC,01/31/2019,15.52,"32,974,699"
DBC,02/01/2019,15.66,"3,166,881"
DBC,02/04/2019,15.67,"1,188,819"
DBC,02/05/2019,15.6,"2,187,816"
DBC,02/06/2019,15.62,"1,735,081"
DBC,02/07/2019,15.47,"1,839,524"
DBC,02/08/2019,15.49,"3,938,111"
DBC,02/11/2019,15.4,"1,288,711"
DBC,02/12/2019,15.49,"1,062,126"
DBC,02/13/2019,15.58,"1,191,854"
DBC,02/14/2019,15.62,"1,259,102"
DBC,02/15/2019,15.91,"1,474,485"
DBC,02/19/2019,15.95,"853,773"
DBC,02/20/2019,16,"1,029,558"
DBC,02/21/2019,16.05,"805,181"
DBC,02/22/2019,16.09,"784,998"
DBC,02/25/2019,15.85,"1,154,729"
DBC,02/26/2019,15.92,"2,666,076"
DBC,02/27/2019,16,"1,051,125"
DBC,02/28/2019,15.96,"667,090"
DBC,03/01/2019,15.78,"950,363"
DBC,03/04/2019,15.83,"1,271,617"
DBC,03/05/2019,15.91,"1,212,163"
DBC,03/06/2019,15.82,"717,962"
DBC,03/07/2019,15.78,"382,699"
DBC,03/08/2019,15.77,"837,766"
DBC,03/11/2019,15.79,"1,000,599"
DBC,03/12/2019,15.89,"648,047"
DBC,03/13/2019,15.99,"1,040,853"
DBC,03/14/2019,15.92,"665,331"
DBC,03/15/2019,15.92,"894,453"
DBC,03/18/2019,16,"696,362"
DBC,03/19/2019,16.04,"1,094,438"
DBC,03/20/2019,16.16,"959,124"
DBC,03/21/2019,16.08,"1,087,365"
DBC,03/22/2019,15.94,"884,733"
DBC,03/25/2019,16,"1,141,445"
DBC,03/26/2019,16.03,"738,130"
DBC,03/27/2019,15.94,"1,284,692"
DBC,03/28/2019,15.89,"617,443"
DBC,03/29/2019,15.9,"1,000,291"
DBC,04/01/2019,16.05,"1,159,732"
DBC,04/02/2019,16.09,"524,972"
DBC,04/03/2019,16.11,"2,335,077"
DBC,04/04/2019,16.12,"921,551"
DBC,04/05/2019,16.17,"1,256,287"
DBC,04/08/2019,16.23,"914,396"
DBC,04/09/2019,16.2,"772,765"
DBC,04/10/2019,16.34,"1,062,591"
DBC,04/11/2019,16.26,"723,584"
DBC,04/12/2019,16.31,"872,919"
DBC,04/15/2019,16.28,"597,239"
DBC,04/16/2019,16.22,"852,166"
DBC,04/17/2019,16.16,"883,684"
DBC,04/18/2019,16.21,"439,849"
DBC,04/22/2019,16.29,"613,988"
DBC,04/23/2019,16.31,"424,420"
DBC,04/24/2019,16.25,"485,706"
DBC,04/25/2019,16.22,"548,262"
DBC,04/26/2019,16.03,"560,743"
DBC,04/29/2019,16.04,"401,158"
DBC,04/30/2019,16.09,"699,357"
DBC,05/01/2019,16.04,"824,157"
DBC,05/02/2019,15.86,"608,049"
DBC,05/03/2019,15.87,"604,648"
DBC,05/06/2019,15.92,"641,013"
DBC,05/07/2019,15.72,"628,706"
DBC,05/08/2019,15.74,"642,954"
DBC,05/09/2019,15.66,"644,834"
DBC,05/10/2019,15.69,"1,217,143"
DBC,05/13/2019,15.61,"457,796"
DBC,05/14/2019,15.82,"486,458"
DBC,05/15/2019,15.96,"470,996"
DBC,05/16/2019,16.05,"613,742"
DBC,05/17/2019,15.9,"464,915"
DBC,05/20/2019,15.97,"532,133"
DBC,05/21/2019,15.98,"362,176"
DBC,05/22/2019,15.75,"799,004"
DBC,05/23/2019,15.42,"1,013,427"
DBC,05/24/2019,15.63,"1,414,560"
DBC,05/28/2019,15.76,"640,965"
DBC,05/29/2019,15.7,"885,299"
DBC,05/30/2019,15.54,"846,456"
DBC,05/31/2019,15.13,"2,773,629"
DBC,06/03/2019,15.08,"1,657,863"
DBC,06/04/2019,15.17,"1,112,296"
DBC,06/05/2019,14.86,"1,028,595"
DBC,06/06/2019,15.12,"1,324,829"
DBC,06/07/2019,15.17,"1,710,484"
DBC,06/10/2019,15.13,"884,869"
DBC,06/11/2019,15.23,"880,508"
DBC,06/12/2019,15.02,"1,619,940"
DBC,06/13/2019,15.21,"1,740,668"
DBC,06/14/2019,15.27,"977,063"
DBC,06/17/2019,15.2,"997,161"
DBC,06/18/2019,15.38,"906,110"
DBC,06/19/2019,15.35,"908,167"
DBC,06/20/2019,15.66,"1,277,946"
DBC,06/21/2019,15.7,"1,107,105"
DBC,06/24/2019,15.77,"656,798"
DBC,06/25/2019,15.82,"803,553"
DBC,06/26/2019,15.9,"958,195"
DBC,06/27/2019,15.9,"335,025"
DBC,06/28/2019,15.73,"1,702,088"
DBC,07/01/2019,15.72,"891,797"
DBC,07/02/2019,15.46,"1,168,604"
DBC,07/03/2019,15.61,"439,621"
DBC,07/05/2019,15.64,"570,123"
DBC,07/08/2019,15.62,"495,337"
DBC,07/09/2019,15.67,"444,729"
DBC,07/10/2019,16.01,"535,630"
DBC,07/11/2019,16.02,"561,732"
DBC,07/12/2019,16.06,"471,242"
DBC,07/15/2019,15.89,"1,103,104"
DBC,07/16/2019,15.72,"645,397"
DBC,07/17/2019,15.58,"2,313,628"
DBC,07/18/2019,15.47,"832,794"
DBC,07/19/2019,15.56,"628,776"
DBC,07/22/2019,15.51,"3,117,675"
DBC,07/23/2019,15.61,"807,139"
DBC,07/24/2019,15.54,"1,001,805"
DBC,07/25/2019,15.48,"442,557"
DBC,07/26/2019,15.5,"472,703"
DBC,07/29/2019,15.56,"1,125,968"
DBC,07/30/2019,15.65,"705,061"
DBC,07/31/2019,15.55,"882,496"
DBC,08/01/2019,15.12,"1,597,076"
DBC,08/02/2019,15.14,"1,219,635"
DBC,08/05/2019,15.01,"1,871,421"
DBC,08/06/2019,14.93,"622,257"
DBC,08/07/2019,14.74,"2,411,590"
DBC,08/08/2019,14.82,"773,541"
DBC,08/09/2019,14.95,"787,156"
DBC,08/12/2019,14.84,"928,350"
DBC,08/13/2019,15.19,"838,427"
DBC,08/14/2019,14.96,"1,046,479"
DBC,08/15/2019,14.84,"827,832"
DBC,08/16/2019,14.83,"1,365,784"
DBC,08/19/2019,14.9,"767,091"
DBC,08/20/2019,14.94,"435,461"
DBC,08/21/2019,14.99,"645,714"
DBC,08/22/2019,14.92,"721,878"
DBC,08/23/2019,14.81,"1,450,946"
DBC,08/26/2019,14.8,"640,695"
DBC,08/27/2019,14.9,"661,396"
DBC,08/28/2019,15.03,"798,108"
DBC,08/29/2019,15.07,"649,420"
DBC,08/30/2019,14.83,"1,565,282"
DBC,09/03/2019,14.75,"1,240,218"
DBC,09/04/2019,15.1,"406,970"
DBC,09/05/2019,15.08,"812,976"
DBC,09/06/2019,15.12,"849,439"
DBC,09/09/2019,15.26,"761,474"
DBC,09/10/2019,15.28,"1,201,406"
DBC,09/11/2019,15.17,"1,947,751"
DBC,09/12/2019,15.11,"920,039"
DBC,09/13/2019,15.11,"727,603"
DBC,09/16/2019,15.78,"1,777,089"
DBC,09/17/2019,15.48,"2,666,991"
DBC,09/18/2019,15.38,"1,534,168"
DBC,09/19/2019,15.46,"520,702"
DBC,09/20/2019,15.48,"532,035"
DBC,09/23/2019,15.52,"510,988"
DBC,09/24/2019,15.34,"738,977"
DBC,09/25/2019,15.25,"669,253"
DBC,09/26/2019,15.25,"534,880"
DBC,09/27/2019,15.19,"631,322"
DBC,09/30/2019,15.04,"861,452"
DBC,10/01/2019,15.03,"967,356"
DBC,10/02/2019,14.9,"973,674"
DBC,10/03/2019,14.88,"794,603"
DBC,10/04/2019,15,"2,194,210"
DBC,10/07/2019,14.98,"946,075"
DBC,10/08/2019,14.97,"2,715,446"
DBC,10/09/2019,15.01,"913,416"
DBC,10/10/2019,15.11,"655,897"
DBC,10/11/2019,15.29,"1,416,897"
DBC,10/14/2019,15.22,"506,414"
DBC,10/15/2019,15.18,"1,054,799"
DBC,10/16/2019,15.2,"599,184"
DBC,10/17/2019,15.26,"1,415,659"
DBC,10/18/2019,15.25,"1,001,222"
DBC,10/21/2019,15.23,"726,291"
DBC,10/22/2019,15.25,"2,162,358"
DBC,10/23/2019,15.44,"843,652"
DBC,10/24/2019,15.52,"626,799"
DBC,10/25/2019,15.61,"525,285"
DBC,10/28/2019,15.55,"540,119"
DBC,10/29/2019,15.52,"549,913"
DBC,10/30/2019,15.42,"971,215"
DBC,10/31/2019,15.33,"761,881"
DBC,11/01/2019,15.61,"1,221,494"
DBC,11/04/2019,15.71,"687,591"
DBC,11/05/2019,15.75,"455,814"
DBC,11/06/2019,15.58,"669,344"
DBC,11/07/2019,15.57,"809,374"
DBC,11/08/2019,15.61,"954,478"
DBC,11/11/2019,15.51,"612,648"
DBC,11/12/2019,15.52,"450,347"
DBC,11/13/2019,15.55,"5,073,751"
DBC,11/14/2019,15.5,"869,147"
DBC,11/15/2019,15.58,"2,619,506"
DBC,11/18/2019,15.42,"688,718"
DBC,11/19/2019,15.28,"548,992"
DBC,11/20/2019,15.48,"1,007,385"
DBC,11/21/2019,15.62,"598,072"
DBC,11/22/2019,15.61,"846,770"
DBC,11/25/2019,15.61,"474,238"
DBC,11/26/2019,15.7,"481,609"
DBC,11/27/2019,15.62,"583,619"
DBC,11/28/2019,,
DBC,11/29/2019,15.31,"546,176"
DBC,12/02/2019,15.29,"1,310,076"
DBC,12/03/2019,15.3,"1,801,084"
DBC,12/04/2019,15.54,"991,195"
DBC,12/05/2019,15.57,"1,011,815"
DBC,12/06/2019,15.67,"1,487,900"
DBC,12/09/2019,15.65,"747,359"
DBC,12/10/2019,15.72,"565,345"
DBC,12/11/2019,15.65,"861,656"
DBC,12/12/2019,15.79,"1,424,226"
DBC,12/13/2019,15.87,"1,167,629"
DBC,12/16/2019,15.98,"1,753,308"
DBC,12/17/2019,16.05,"834,901"
DBC,12/18/2019,16.06,"1,239,449"
DBC,12/19/2019,16.13,"961,303"
DBC,12/20/2019,16.11,"1,043,075"
DBC,12/23/2019,15.86,"837,521"
DBC,12/24/2019,15.93,"466,153"
DBC,12/25/2019,,
DBC,12/26/2019,16.05,"679,206"
DBC,12/27/2019,16.08,"1,250,014"
DBC,12/30/2019,16.05,"976,284"
DBC,12/31/2019,15.95,"806,115"
DBC,01/01/2020,,
DBC,01/02/2020,15.97,"3,026,973"
DBC,01/03/2020,16.16,"3,210,104"
DBC,01/06/2020,16.19,"3,232,091"
DBC,01/07/2020,16.18,"1,924,981"
DBC,01/08/2020,15.94,"2,340,198"
DBC,01/09/2020,15.87,"1,077,867"
DBC,01/10/2020,15.87,"1,877,826"
DBC,01/13/2020,15.75,"1,264,450"
DBC,01/14/2020,15.82,"1,201,170"
DBC,01/15/2020,15.74,"669,767"
DBC,01/16/2020,15.72,"1,652,337"
DBC,01/17/2020,15.77,"855,363"
DBC,01/21/2020,15.68,"991,486"
DBC,01/22/2020,15.47,"672,568"
DBC,01/23/2020,15.34,"1,331,580"
DBC,01/24/2020,15.11,"1,368,813"
DBC,01/27/2020,14.83,"2,608,412"
DBC,01/28/2020,14.9,"1,163,348"
DBC,01/29/2020,14.83,"816,670"
DBC,01/30/2020,14.7,"1,848,969"
DBC,01/31/2020,14.58,"1,786,445"
DBC,02/03/2020,14.31,"3,465,620"
DBC,02/04/2020,14.33,"1,563,067"
DBC,02/05/2020,14.55,"2,575,069"
DBC,02/06/2020,14.61,"2,496,528"
DBC,02/07/2020,14.53,"943,003"
DBC,02/10/2020,14.4,"592,932"
DBC,02/11/2020,14.45,"1,181,901"
DBC,02/12/2020,14.65,"1,150,324"
DBC,02/13/2020,14.66,"759,099"
DBC,02/14/2020,14.65,"1,613,601"
DBC,02/17/2020,,
DBC,02/18/2020,14.76,"946,566"
DBC,02/19/2020,14.9,"555,592"
DBC,02/20/2020,14.84,"961,262"
DBC,02/21/2020,14.78,"667,794"
DBC,02/24/2020,14.5,"769,676"
DBC,02/25/2020,14.23,"1,375,886"
DBC,02/26/2020,14.09,"1,027,061"
DBC,02/27/2020,13.85,"1,869,490"
DBC,02/28/2020,13.61,"1,348,581"
DBC,03/02/2020,13.92,"3,027,686"
DBC,03/03/2020,13.95,"1,575,783"
DBC,03/04/2020,13.96,"1,332,679"
DBC,03/05/2020,13.81,"1,889,389"
DBC,03/06/2020,13.36,"3,233,564"
DBC,03/09/2020,12.32,"2,698,897"
DBC,03/10/2020,12.71,"4,293,295"
DBC,03/11/2020,12.48,"2,488,249"
DBC,03/12/2020,11.98,"4,191,749"
DBC,03/13/2020,12.11,"4,491,603"
DBC,03/16/2020,11.38,"3,153,167"
DBC,03/17/2020,11.2,"5,784,180"
DBC,03/18/2020,10.83,"3,814,178"
DBC,03/19/2020,11.06,"2,311,072"
DBC,03/20/2020,10.94,"1,956,738"
DBC,03/23/2020,11.07,"2,089,638"
DBC,03/24/2020,11.31,"1,040,429"
DBC,03/25/2020,11.5,"1,486,904"
DBC,03/26/2020,11.46,"1,839,217"
DBC,03/27/2020,11.42,"1,420,293"
DBC,03/30/2020,11.39,"1,668,076"
DBC,03/31/2020,11.25,"1,218,482"
DBC,04/01/2020,10.93,"1,466,381"
DBC,04/02/2020,11.14,"1,624,160"
DBC,04/03/2020,11.42,"961,922"
DBC,04/06/2020,11.48,"1,157,228"
DBC,04/07/2020,11.56,"1,923,510"
DBC,04/08/2020,11.53,"1,357,052"
DBC,04/09/2020,11.56,"1,923,569"
DBC,04/10/2020,,
DBC,04/13/2020,11.76,"1,351,832"
DBC,04/14/2020,11.66,"1,098,045"
DBC,04/15/2020,11.42,"1,272,222"
DBC,04/16/2020,11.39,"1,522,359"
DBC,04/17/2020,11.44,"1,055,381"
DBC,04/20/2020,11.25,"2,004,244"
DBC,04/21/2020,10.72,"3,327,766"
DBC,04/22/2020,10.87,"1,321,559"
DBC,04/23/2020,10.84,"1,131,951"
DBC,04/24/2020,10.7,"941,325"
DBC,04/27/2020,10.5,"971,242"
DBC,04/28/2020,10.51,"956,779"
DBC,04/29/2020,10.7,"802,887"
DBC,04/30/2020,10.9,"1,439,640"
DBC,05/01/2020,10.76,"1,999,806"
DBC,05/04/2020,10.89,"840,894"
DBC,05/05/2020,11.17,"931,885"
DBC,05/06/2020,10.95,"880,900"
DBC,05/07/2020,11.02,"530,540"
DBC,05/08/2020,11.25,"1,019,327"
DBC,05/11/2020,11.1,"1,083,119"
DBC,05/12/2020,11.01,"1,232,039"
DBC,05/13/2020,10.9,"571,723"
DBC,05/14/2020,11.09,"490,591"
DBC,05/15/2020,11.2,"830,162"
DBC,05/18/2020,11.52,"1,097,786"
DBC,05/19/2020,11.49,"411,211"
DBC,05/20/2020,11.69,"863,505"
DBC,05/21/2020,11.64,"569,951"
DBC,05/22/2020,11.55,"768,930"
DBC,05/26/2020,11.67,"842,287"
DBC,05/27/2020,11.52,"467,127"
DBC,05/28/2020,11.58,"678,286"
DBC,05/29/2020,11.78,"1,109,348"
DBC,06/01/2020,11.85,"970,869"
DBC,06/02/2020,11.98,"706,360"
DBC,06/03/2020,11.98,"862,767"
DBC,06/04/2020,12.08,"1,091,384"
DBC,06/05/2020,12.32,"1,500,372"
DBC,06/08/2020,12.24,"1,581,230"
DBC,06/09/2020,12.28,"646,107"
DBC,06/10/2020,12.36,"1,292,027"
DBC,06/11/2020,11.96,"1,122,933"
DBC,06/12/2020,12.01,"693,898"
DBC,06/15/2020,12.12,"652,063"
DBC,06/16/2020,12.22,"891,914"
DBC,06/17/2020,12.16,"540,402"
DBC,06/18/2020,12.23,"951,675"
DBC,06/19/2020,12.33,"1,605,442"
DBC,06/22/2020,12.46,"939,844"
DBC,06/23/2020,12.4,"745,941"
DBC,06/24/2020,12.09,"1,372,484"
DBC,06/25/2020,12.2,"618,878"
DBC,06/26/2020,12.05,"738,136"
DBC,06/29/2020,12.25,"790,609"
DBC,06/30/2020,12.31,"1,118,190"
DBC,07/01/2020,12.41,"1,117,575"
DBC,07/02/2020,12.46,"1,422,043"
DBC,07/03/2020,,
DBC,07/06/2020,12.56,"1,475,860"
DBC,07/07/2020,12.57,"1,141,960"
DBC,07/08/2020,12.73,"819,911"
DBC,07/09/2020,12.58,"747,534"
DBC,07/10/2020,12.66,"661,683"
DBC,07/13/2020,12.53,"805,147"
DBC,07/14/2020,12.59,"653,729"
DBC,07/15/2020,12.74,"1,464,166"
DBC,07/16/2020,12.64,"1,093,598"
DBC,07/17/2020,12.66,"1,712,521"
DBC,07/20/2020,12.65,"783,207"
DBC,07/21/2020,12.83,"2,112,383"
DBC,07/22/2020,12.91,"1,469,352"
DBC,07/23/2020,12.88,"1,032,067"
DBC,07/24/2020,12.9,"702,687"
DBC,07/27/2020,13.02,"1,721,939"
DBC,07/28/2020,12.95,"907,107"
DBC,07/29/2020,13.02,"815,172"
DBC,07/30/2020,12.87,"1,394,771"
DBC,07/31/2020,12.94,"1,263,399"
DBC,08/03/2020,13.07,"1,288,143"
DBC,08/04/2020,13.14,"860,987"
DBC,08/05/2020,13.25,"1,290,825"
DBC,08/06/2020,13.35,"1,158,742"
DBC,08/07/2020,13.17,"1,172,917"
DBC,08/10/2020,13.24,"774,884"
DBC,08/11/2020,13.03,"1,284,559"
DBC,08/12/2020,13.17,"574,360"
DBC,08/13/2020,13.24,"862,058"
DBC,08/14/2020,13.24,"790,323"
DBC,08/17/2020,13.46,"649,689"
DBC,08/18/2020,13.49,"3,484,397"
DBC,08/19/2020,13.45,"824,622"
DBC,08/20/2020,13.43,"1,992,386"
DBC,08/21/2020,13.3,"828,347"
DBC,08/24/2020,13.37,"1,174,295"
DBC,08/25/2020,13.48,"798,019"
DBC,08/26/2020,13.51,"816,082"
DBC,08/27/2020,13.46,"687,603"
DBC,08/28/2020,13.55,"893,344"
DBC,08/31/2020,13.54,"1,722,158"
DBC,09/01/2020,13.56,"1,436,502"
DBC,09/02/2020,13.38,"1,417,646"
DBC,09/03/2020,13.26,"970,389"
DBC,09/04/2020,13.14,"2,013,380"
DBC,09/08/2020,12.82,"2,071,421"
DBC,09/09/2020,12.94,"1,337,613"
DBC,09/10/2020,12.81,"1,267,677"
DBC,09/11/2020,12.9,"862,980"
DBC,09/14/2020,12.91,"948,492"
DBC,09/15/2020,12.98,"1,055,698"
DBC,09/16/2020,13.22,"745,917"
DBC,09/17/2020,13.37,"669,833"
DBC,09/18/2020,13.43,"538,666"
DBC,09/21/2020,13.1,"1,056,351"
DBC,09/22/2020,13.04,"518,594"
DBC,09/23/2020,12.89,"1,531,231"
DBC,09/24/2020,12.95,"1,222,849"
DBC,09/25/2020,12.95,"622,420"
DBC,09/28/2020,13.06,"799,602"
DBC,09/29/2020,12.91,"583,431"
DBC,09/30/2020,13.06,"1,373,990"
DBC,10/01/2020,12.9,"2,114,301"
DBC,10/02/2020,12.74,"1,360,532"
DBC,10/05/2020,13.07,"1,451,430"
DBC,10/06/2020,13.12,"777,215"
DBC,10/07/2020,13.17,"715,481"
DBC,10/08/2020,13.3,"1,335,214"
DBC,10/09/2020,13.34,"1,132,433"
DBC,10/12/2020,13.2,"984,309"
DBC,10/13/2020,13.23,"1,044,523"
DBC,10/14/2020,13.32,"564,596"
DBC,10/15/2020,13.36,"574,155"
DBC,10/16/2020,13.27,"621,758"
DBC,10/19/2020,13.28,"479,055"
DBC,10/20/2020,13.43,"1,144,828"
DBC,10/21/2020,13.32,"557,982"
DBC,10/22/2020,13.36,"575,665"
DBC,10/23/2020,13.26,"1,042,466"
DBC,10/26/2020,13.07,"582,977"
DBC,10/27/2020,13.16,"651,384"
DBC,10/28/2020,12.81,"1,743,820"
DBC,10/29/2020,12.65,"1,007,735"
DBC,10/30/2020,12.65,"2,362,835"
DBC,11/02/2020,12.88,"5,856,348"
DBC,11/03/2020,12.96,"877,009"
DBC,11/04/2020,13.1,"796,028"
DBC,11/05/2020,13.16,"970,796"
DBC,11/06/2020,13.11,"855,277"
DBC,11/09/2020,13.27,"1,278,543"
DBC,11/10/2020,13.53,"2,037,209"
DBC,11/11/2020,13.52,"1,591,945"
DBC,11/12/2020,13.41,"1,013,509"
DBC,11/13/2020,13.35,"785,120"
DBC,11/16/2020,13.47,"1,073,563"
DBC,11/17/2020,13.51,"840,272"
DBC,11/18/2020,13.53,"1,260,004"
DBC,11/19/2020,13.53,"632,423"
DBC,11/20/2020,13.6,"879,632"
DBC,11/23/2020,13.64,"1,069,089"
DBC,11/24/2020,13.93,"1,385,982"
DBC,11/25/2020,14.05,"2,317,035"
DBC,11/26/2020,,
DBC,11/27/2020,14.02,"803,382"
DBC,11/30/2020,13.94,"2,898,597"
DBC,12/01/2020,13.9,"7,662,352"
DBC,12/02/2020,13.96,"1,188,085"
DBC,12/03/2020,13.98,"1,626,706"
DBC,12/04/2020,14.04,"2,366,686"
DBC,12/07/2020,14.04,"3,676,929"
DBC,12/08/2020,14.06,"1,360,103"
DBC,12/09/2020,14.07,"1,498,789"
DBC,12/10/2020,14.28,"1,009,027"
DBC,12/11/2020,14.24,"1,309,482"
DBC,12/14/2020,14.28,"1,335,294"
DBC,12/15/2020,14.39,"1,110,279"
DBC,12/16/2020,14.47,"964,256"
DBC,12/17/2020,14.64,"1,279,496"
DBC,12/18/2020,14.69,"1,134,917"
DBC,12/21/2020,14.54,"1,503,023"
DBC,12/22/2020,14.38,"1,534,536"
DBC,12/23/2020,14.56,"1,786,428"
DBC,12/24/2020,14.6,"1,268,028"
DBC,12/25/2020,,
DBC,12/28/2020,14.51,"2,050,320"
DBC,12/29/2020,14.55,"1,314,987"
DBC,12/30/2020,14.64,"2,086,843"
DBC,12/31/2020,14.7,"3,678,252"
DBC,01/01/2021,,
DBC,01/04/2021,14.62,"5,740,024"
DBC,01/05/2021,15.03,"2,395,806"
DBC,01/06/2021,15.05,"3,370,832"
DBC,01/07/2021,15.12,"2,627,295"
DBC,01/08/2021,15.24,"2,920,397"
DBC,01/11/2021,15.13,"2,252,839"
DBC,01/12/2021,15.42,"1,635,306"
DBC,01/13/2021,15.38,"1,579,777"
DBC,01/14/2021,15.52,"1,371,380"
DBC,01/15/2021,15.3,"1,409,723"
DBC,01/18/2021,,
DBC,01/19/2021,15.35,"1,516,692"
DBC,01/20/2021,15.36,"1,511,907"
DBC,01/21/2021,15.35,"2,823,067"
DBC,01/22/2021,15.09,"2,413,684"
DBC,01/25/2021,15.25,"1,596,317"
DBC,01/26/2021,15.28,"704,135"
DBC,01/27/2021,15.24,"1,166,153"
DBC,01/28/2021,15.17,"2,234,610"
DBC,01/29/2021,15.19,"3,890,566"
DBC,02/01/2021,15.48,"6,799,120"
DBC,02/02/2021,15.6,"2,792,796"
DBC,02/03/2021,15.71,"3,059,438"
DBC,02/04/2021,15.79,"3,079,798"
DBC,02/05/2021,15.87,"2,757,411"
DBC,02/08/2021,16.12,"2,897,049"
DBC,02/09/2021,16.18,"2,420,334"
DBC,02/10/2021,16.15,"2,043,311"
DBC,02/11/2021,16.12,"1,515,792"
DBC,02/12/2021,16.32,"2,500,069"
DBC,02/15/2021,,
DBC,02/16/2021,16.54,"4,066,336"
DBC,02/17/2021,16.59,"2,987,722"
DBC,02/18/2021,16.53,"1,673,502"
DBC,02/19/2021,16.52,"1,918,289"
DBC,02/22/2021,16.89,"3,950,812"
DBC,02/23/2021,16.97,"3,308,173"
DBC,02/24/2021,17.23,"4,457,766"
DBC,02/25/2021,17.09,"3,457,091"
DBC,02/26/2021,16.73,"5,138,087"
DBC,03/01/2021,16.59,"6,420,242"
DBC,03/02/2021,16.66,"4,257,881"
DBC,03/03/2021,16.76,"4,502,945"
DBC,03/04/2021,17.02,"4,591,821"
DBC,03/05/2021,17.37,"5,416,023"
DBC,03/08/2021,17.13,"4,591,588"
DBC,03/09/2021,17.13,"2,144,710"
DBC,03/10/2021,17.24,"1,408,053"
DBC,03/11/2021,17.5,"3,588,813"
DBC,03/12/2021,17.42,"1,264,900"
DBC,03/15/2021,17.36,"2,926,885"
DBC,03/16/2021,17.29,"1,620,960"
DBC,03/17/2021,17.29,"2,061,249"
DBC,03/18/2021,16.47,"5,438,784"
DBC,03/19/2021,16.83,"2,894,424"
DBC,03/22/2021,16.8,"2,651,280"
DBC,03/23/2021,16.33,"4,158,253"
DBC,03/24/2021,16.76,"1,831,459"
DBC,03/25/2021,16.38,"2,188,380"
DBC,03/26/2021,16.77,"2,163,576"
DBC,03/29/2021,16.79,"1,683,665"
DBC,03/30/2021,16.52,"2,385,712"
DBC,03/31/2021,16.61,"3,731,246"
DBC,04/01/2021,16.89,"4,793,151"
DBC,04/02/2021,,
DBC,04/05/2021,16.64,"1,756,696"
DBC,04/06/2021,16.7,"1,606,822"
DBC,04/07/2021,16.75,"2,050,781"
DBC,04/08/2021,16.84,"1,903,098"
DBC,04/09/2021,16.78,"1,550,283"
DBC,04/12/2021,16.79,"1,461,473"
DBC,04/13/2021,16.97,"1,825,290"
DBC,04/14/2021,17.36,"3,684,803"
DBC,04/15/2021,17.47,"1,568,843"
DBC,04/16/2021,17.44,"1,226,950"
DBC,04/19/2021,17.46,"1,981,576"
DBC,04/20/2021,17.43,"2,692,086"
DBC,04/21/2021,17.36,"1,869,908"
DBC,04/22/2021,17.5,"1,663,713"
DBC,04/23/2021,17.64,"5,932,412"
DBC,04/26/2021,17.76,"2,750,338"
DBC,04/27/2021,17.91,"2,426,575"
DBC,04/28/2021,17.94,"5,241,788"
DBC,04/29/2021,18.06,"3,353,904"
DBC,04/30/2021,17.91,"4,693,891"
DBC,05/03/2021,18.11,"6,074,836"
DBC,05/04/2021,18.39,"3,464,246"
DBC,05/05/2021,18.46,"6,495,769"
DBC,05/06/2021,18.55,"4,525,889"
DBC,05/07/2021,18.73,"6,180,374"
DBC,05/10/2021,18.6,"3,358,796"
DBC,05/11/2021,18.8,"7,764,646"
DBC,05/12/2021,18.78,"8,831,418"
DBC,05/13/2021,18.26,"5,846,424"
DBC,05/14/2021,18.41,"4,489,194"
DBC,05/17/2021,18.64,"5,056,199"
DBC,05/18/2021,18.55,"3,729,262"
DBC,05/19/2021,18.17,"5,160,997"
DBC,05/20/2021,17.98,"2,828,359"
DBC,05/21/2021,18.15,"3,046,372"
DBC,05/24/2021,18.4,"2,823,574"
DBC,05/25/2021,18.34,"1,694,770"
DBC,05/26/2021,18.37,"1,948,587"
DBC,05/27/2021,18.66,"1,361,828"
DBC,05/28/2021,18.6,"2,356,361"
DBC,06/01/2021,18.93,"5,825,942"
DBC,06/02/2021,19.03,"4,525,540"
DBC,06/03/2021,18.87,"3,802,091"
DBC,06/04/2021,19.08,"2,921,386"
DBC,06/07/2021,19.11,"2,377,928"
DBC,06/08/2021,19.3,"2,150,634"
DBC,06/09/2021,19.21,"2,003,510"
DBC,06/10/2021,19.28,"2,445,861"
DBC,06/11/2021,19.22,"1,722,778"
DBC,06/14/2021,19.11,"3,407,387"
DBC,06/15/2021,19.03,"2,385,571"
DBC,06/16/2021,18.92,"4,255,924"
DBC,06/17/2021,18.43,"7,251,330"
DBC,06/18/2021,18.62,"4,187,072"
DBC,06/21/2021,18.85,"3,340,209"
DBC,06/22/2021,18.88,"3,515,409"
DBC,06/23/2021,19,"2,234,275"
DBC,06/24/2021,19.07,"2,091,277"
DBC,06/25/2021,18.99,"4,566,597"
DBC,06/28/2021,18.98,"3,188,394"
DBC,06/29/2021,19.07,"1,575,097"
DBC,06/30/2021,19.25,"2,906,799"
DBC,07/01/2021,19.32,"4,725,940"
DBC,07/02/2021,19.5,"1,730,483"
DBC,07/06/2021,18.97,"3,977,221"
DBC,07/07/2021,18.74,"3,163,278"
DBC,07/08/2021,18.9,"4,342,460"
DBC,07/09/2021,19.12,"2,181,597"
DBC,07/12/2021,19.15,"2,063,719"
DBC,07/13/2021,19.31,"2,406,540"
DBC,07/14/2021,19.12,"1,751,181"
DBC,07/15/2021,19.02,"2,706,350"
DBC,07/16/2021,19.02,"2,345,755"
DBC,07/19/2021,18.26,"4,636,999"
DBC,07/20/2021,18.53,"6,219,073"
DBC,07/21/2021,18.9,"2,844,597"
DBC,07/22/2021,19.05,"2,426,019"
DBC,07/23/2021,19.15,"2,245,280"
DBC,07/26/2021,19.29,"1,425,908"
DBC,07/27/2021,19.18,"2,214,245"
DBC,07/28/2021,19.27,"1,190,803"
DBC,07/29/2021,19.61,"1,740,307"
DBC,07/30/2021,19.5,"4,256,441"
DBC,08/02/2021,19.29,"4,450,626"
DBC,08/03/2021,19.2,"2,634,291"
DBC,08/04/2021,18.89,"2,169,063"
DBC,08/05/2021,19.17,"2,162,422"
DBC,08/06/2021,19.01,"1,488,177"
DBC,08/09/2021,18.74,"2,151,969"
DBC,08/10/2021,19.08,"2,366,655"
DBC,08/11/2021,19.25,"1,448,934"
DBC,08/12/2021,19.18,"2,008,879"
DBC,08/13/2021,19.07,"1,434,444"
DBC,08/16/2021,19.02,"1,929,180"
DBC,08/17/2021,18.81,"2,169,659"
DBC,08/18/2021,18.59,"3,905,424"
DBC,08/19/2021,18.33,"5,361,364"
DBC,08/20/2021,17.9,"3,023,096"
DBC,08/23/2021,18.55,"4,885,812"
DBC,08/24/2021,18.94,"4,642,194"
DBC,08/25/2021,19.11,"2,171,553"
DBC,08/26/2021,18.96,"1,958,032"
DBC,08/27/2021,19.2,"2,471,264"
DBC,08/30/2021,19.27,"2,648,944"
DBC,08/31/2021,19.18,"2,700,532"
DBC,09/01/2021,19.09,"7,318,738"
DBC,09/02/2021,19.31,"1,881,641"
DBC,09/03/2021,19.33,"3,186,612"
DBC,09/07/2021,19.11,"3,737,013"
DBC,09/08/2021,19.25,"3,000,921"
DBC,09/09/2021,19.11,"1,693,013"
DBC,09/10/2021,19.36,"2,815,056"
DBC,09/13/2021,19.51,"1,456,223"
DBC,09/14/2021,19.5,"1,092,214"
DBC,09/15/2021,19.82,"2,364,173"
DBC,09/16/2021,19.68,"1,259,628"
DBC,09/17/2021,19.52,"1,424,672"
DBC,09/20/2021,19.29,"3,369,737"
DBC,09/21/2021,19.31,"1,375,622"
DBC,09/22/2021,19.53,"1,149,599"
DBC,09/23/2021,19.83,"1,654,144"
DBC,09/24/2021,19.92,"2,758,125"
DBC,09/27/2021,20.19,"3,089,109"
DBC,09/28/2021,20.03,"2,147,357"
DBC,09/29/2021,20.05,"2,426,851"
DBC,09/30/2021,20.18,"4,267,273"
DBC,10/01/2021,20.45,"8,734,011"
DBC,10/04/2021,20.78,"3,955,968"
DBC,10/05/2021,21.04,"2,653,521"
DBC,10/06/2021,20.69,"3,903,522"
DBC,10/07/2021,20.95,"4,295,620"
DBC,10/08/2021,21.02,"2,336,313"
DBC,10/11/2021,21.16,"4,404,409"
DBC,10/12/2021,21.16,"4,447,079"
DBC,10/13/2021,21.28,"4,128,171"
DBC,10/14/2021,21.5,"3,869,921"
DBC,10/15/2021,21.68,"2,904,678"
DBC,10/18/2021,21.55,"6,736,000"
DBC,10/19/2021,21.6,"4,928,575"
DBC,10/20/2021,21.84,"3,467,001"
DBC,10/21/2021,21.51,"3,270,875"
DBC,10/22/2021,21.61,"2,690,887"
DBC,10/25/2021,21.72,"1,764,101"
DBC,10/26/2021,21.75,"1,605,274"
DBC,10/27/2021,21.35,"4,256,875"
DBC,10/28/2021,21.46,"4,941,850"
DBC,10/29/2021,21.35,"2,849,084"
DBC,11/01/2021,21.51,"3,896,281"
DBC,11/02/2021,21.57,"3,543,081"
DBC,11/03/2021,21.02,"3,420,164"
DBC,11/04/2021,20.89,"4,825,290"
DBC,11/05/2021,21.18,"6,198,597"
DBC,11/08/2021,21.31,"1,272,340"
DBC,11/09/2021,21.48,"2,392,678"
DBC,11/10/2021,21.21,"3,514,725"
DBC,11/11/2021,21.36,"1,683,682"
DBC,11/12/2021,21.33,"4,009,074"
DBC,11/15/2021,21.34,"2,165,336"
DBC,11/16/2021,21.31,"1,567,483"
DBC,11/17/2021,21.12,"2,240,070"
DBC,11/18/2021,21.19,"1,305,535"
DBC,11/19/2021,20.85,"2,124,181"
DBC,11/22/2021,21,"3,914,688"
DBC,11/23/2021,21.38,"1,887,393"
DBC,11/24/2021,21.3,"3,840,989"
DBC,11/25/2021,,
DBC,11/26/2021,20.03,"7,161,908"
DBC,11/29/2021,20.03,"4,303,688"
DBC,11/30/2021,19.48,"12,056,939"
DBC,12/01/2021,19.31,"10,483,191"
DBC,12/02/2021,19.48,"6,337,994"
DBC,12/03/2021,19.5,"3,766,945"
DBC,12/06/2021,19.84,"3,801,595"
DBC,12/07/2021,20.14,"2,440,245"
DBC,12/08/2021,20.41,"2,916,852"
DBC,12/09/2021,20.1,"3,384,474"
DBC,12/10/2021,20.33,"2,684,752"
DBC,12/13/2021,20.23,"4,733,556"
DBC,12/14/2021,20.05,"3,595,557"
DBC,12/15/2021,20.15,"2,232,977"
DBC,12/16/2021,20.27,"3,215,363"
DBC,12/17/2021,20.03,"3,608,505"
DBC,12/20/2021,19.89,"3,943,068"
DBC,12/21/2021,20.31,"2,507,165"
DBC,12/22/2021,20.55,"2,203,814"
DBC,12/23/2021,20.66,"2,437,946"
DBC,12/24/2021,,
DBC,12/27/2021,20.92,"2,160,538"
DBC,12/28/2021,20.88,"2,404,800"
DBC,12/29/2021,20.98,"3,236,577"
DBC,12/30/2021,20.88,"1,705,880"
DBC,12/31/2021,20.78,"3,864,423"
DBC,01/03/2022,20.86,"5,301,228"
DBC,01/04/2022,21.11,"2,987,365"
DBC,01/05/2022,21.02,"7,094,277"
DBC,01/06/2022,21.2,"4,148,123"
DBC,01/07/2022,21.24,"2,781,615"
DBC,01/10/2022,21.15,"3,425,384"
DBC,01/11/2022,21.56,"3,553,948"
DBC,01/12/2022,21.73,"3,003,802"
DBC,01/13/2022,21.5,"2,371,876"
DBC,01/14/2022,21.78,"1,703,380"
DBC,01/18/2022,21.95,"4,819,605"
DBC,01/19/2022,22.07,"3,655,165"
DBC,01/20/2022,21.99,"4,042,202"
DBC,01/21/2022,22.01,"4,165,264"
DBC,01/24/2022,21.96,"5,620,640"
DBC,01/25/2022,22.16,"5,789,854"
DBC,01/26/2022,22.21,"8,802,275"
DBC,01/27/2022,22.32,"3,957,874"
DBC,01/28/2022,22.34,"4,511,324"
DBC,01/31/2022,22.42,"3,132,007"
DBC,02/01/2022,22.51,"6,246,196"
DBC,02/02/2022,22.6,"6,241,555"
DBC,02/03/2022,22.65,"3,387,691"
DBC,02/04/2022,22.83,"5,460,406"
DBC,02/07/2022,22.88,"3,394,095"
DBC,02/08/2022,22.68,"3,238,593"
DBC,02/09/2022,22.91,"4,822,653"
DBC,02/10/2022,22.79,"4,868,268"
DBC,02/11/2022,23.13,"6,964,996"
DBC,02/14/2022,23.25,"5,165,118"
DBC,02/15/2022,22.87,"4,105,066"
DBC,02/16/2022,22.9,"3,950,593"
DBC,02/17/2022,23.09,"3,057,833"
DBC,02/18/2022,23.18,"3,306,331"
DBC,02/22/2022,23.51,"4,655,045"
DBC,02/23/2022,23.73,"4,004,444"
DBC,02/24/2022,23.83,"13,349,373"
DBC,02/25/2022,23.47,"8,694,286"
DBC,02/28/2022,23.87,"10,291,936"
DBC,03/01/2022,24.83,"11,819,806"
DBC,03/02/2022,25.64,"11,672,722"
DBC,03/03/2022,25.92,"15,822,840"
DBC,03/04/2022,27.01,"17,305,059"
DBC,03/07/2022,27.6,"18,127,281"
DBC,03/08/2022,28.07,"19,913,788"
DBC,03/09/2022,25.84,"16,680,741"
DBC,03/10/2022,25.53,"8,655,494"
DBC,03/11/2022,25.97,"7,746,351"
DBC,03/14/2022,25.21,"8,335,878"
DBC,03/15/2022,24.59,"12,507,368"
DBC,03/16/2022,24.38,"8,001,050"
DBC,03/17/2022,25.55,"6,044,988"
DBC,03/18/2022,25.67,"3,562,621"
DBC,03/21/2022,26.63,"4,170,592"
DBC,03/22/2022,26.57,"4,452,537"
DBC,03/23/2022,27.23,"3,407,136"
DBC,03/24/2022,26.96,"4,595,240"
DBC,03/25/2022,27.16,"4,694,818"
DBC,03/28/2022,25.98,"5,249,809"
DBC,03/29/2022,26.08,"5,106,760"
DBC,03/30/2022,26.55,"3,669,349"
DBC,03/31/2022,26.06,"4,881,935"
DBC,04/01/2022,26.23,"5,282,190"
DBC,04/04/2022,26.73,"4,628,729"
DBC,04/05/2022,26.51,"6,250,492"
DBC,04/06/2022,26.3,"3,824,963"
DBC,04/07/2022,26.39,"3,891,897"
DBC,04/08/2022,26.72,"6,044,346"
DBC,04/11/2022,26.5,"3,558,948"
DBC,04/12/2022,27.29,"4,192,266"
DBC,04/13/2022,27.89,"6,133,852"
DBC,04/14/2022,28.1,"5,547,140"
DBC,04/15/2022,,
DBC,04/18/2022,28.42,"7,531,295"
DBC,04/19/2022,27.69,"5,921,402"
DBC,04/20/2022,27.72,"4,145,304"
DBC,04/21/2022,27.68,"4,061,256"
DBC,04/22/2022,27.15,"4,307,588"
DBC,04/25/2022,26.95,"6,128,647"
DBC,04/26/2022,27.32,"5,365,393"
DBC,04/27/2022,27.51,"3,375,079"
DBC,04/28/2022,27.74,"4,675,327"
DBC,04/29/2022,27.53,"4,323,428"
DBC,05/02/2022,27.95,"5,788,150"
DBC,05/03/2022,27.56,"2,453,211"
DBC,05/04/2022,28.42,"5,276,034"
DBC,05/05/2022,28.27,"4,150,333"
DBC,05/06/2022,28.3,"6,718,972"
DBC,05/09/2022,27.02,"9,241,886"
DBC,05/10/2022,26.86,"4,717,916"
DBC,05/11/2022,27.52,"4,105,356"
DBC,05/12/2022,27.65,"4,377,558"
DBC,05/13/2022,28.03,"3,611,278"
DBC,05/16/2022,28.49,"7,230,252"
DBC,05/17/2022,28.18,"4,522,573"
DBC,05/18/2022,27.57,"3,436,839"
DBC,05/19/2022,27.92,"3,482,800"
DBC,05/20/2022,27.96,"2,389,625"
DBC,05/23/2022,28.17,"2,386,636"
DBC,05/24/2022,28.15,"2,591,344"
DBC,05/25/2022,28.35,"2,312,568"
DBC,05/26/2022,28.66,"3,468,304"
DBC,05/27/2022,29,"2,431,708"
DBC,05/30/2022,,
DBC,05/31/2022,28.8,"3,508,483"
DBC,06/01/2022,28.94,"3,099,376"
DBC,06/02/2022,29.6,"3,133,549"
DBC,06/03/2022,29.88,"2,228,631"
DBC,06/06/2022,30.01,"3,154,777"
DBC,06/07/2022,30.21,"3,388,259"
DBC,06/08/2022,30.48,"5,112,469"
DBC,06/09/2022,30.53,"3,821,899"
DBC,06/10/2022,30.23,"3,215,814"
DBC,06/13/2022,29.89,"6,268,631"
DBC,06/14/2022,29.56,"5,818,224"
DBC,06/15/2022,29.58,"5,532,811"
DBC,06/16/2022,29.71,"4,228,966"
DBC,06/17/2022,28.65,"6,746,310"
DBC,06/20/2022,,
DBC,06/21/2022,28.58,"4,766,838"
DBC,06/22/2022,28.07,"8,211,824"
DBC,06/23/2022,27.44,"8,788,393"
DBC,06/24/2022,27.7,"3,507,123"
DBC,06/27/2022,27.64,"6,080,433"
DBC,06/28/2022,27.97,"2,066,285"
DBC,06/29/2022,27.49,"1,902,006"
DBC,06/30/2022,26.64,"5,156,362"
DBC,07/01/2022,26.77,"7,726,256"
DBC,07/04/2022,,
DBC,07/05/2022,24.97,"10,118,931"
DBC,07/06/2022,24.6,"8,203,388"
DBC,07/07/2022,25.62,"4,708,272"
DBC,07/08/2022,26.07,"3,934,618"
DBC,07/11/2022,26.02,"3,606,763"
DBC,07/12/2022,24.84,"6,427,373"
DBC,07/13/2022,24.98,"2,853,394"
DBC,07/14/2022,24.75,"4,524,884"
DBC,07/15/2022,25.07,"3,972,851"
DBC,07/18/2022,25.54,"1,735,243"
DBC,07/19/2022,25.64,"3,203,175"
DBC,07/20/2022,25.62,"1,915,177"
DBC,07/21/2022,25.19,"6,044,511"
DBC,07/22/2022,24.89,"1,279,810"
DBC,07/25/2022,25.34,"5,301,209"
DBC,07/26/2022,25.39,"6,001,997"
DBC,07/27/2022,25.97,"2,567,766"
DBC,07/28/2022,25.99,"2,202,442"
DBC,07/29/2022,26.11,"2,209,034"
DBC,08/01/2022,25.58,"4,076,354"
DBC,08/02/2022,25.45,"2,800,121"
DBC,08/03/2022,25.23,"3,368,462"
DBC,08/04/2022,24.96,"5,345,063"
DBC,08/05/2022,24.87,"3,481,589"
DBC,08/08/2022,25.17,"2,992,672"
DBC,08/09/2022,25.38,"2,038,541"
DBC,08/10/2022,25.73,"2,280,810"
DBC,08/11/2022,26.23,"5,550,148"
DBC,08/12/2022,26.09,"2,575,464"
DBC,08/15/2022,25.77,"3,170,446"
DBC,08/16/2022,25.48,"2,842,654"
DBC,08/17/2022,25.58,"2,840,687"
DBC,08/18/2022,25.97,"4,864,462"
DBC,08/19/2022,25.96,"3,590,802"
DBC,08/22/2022,26.19,"3,868,178"
DBC,08/23/2022,26.62,"4,384,630"
DBC,08/24/2022,26.9,"3,093,499"
DBC,08/25/2022,26.52,"2,065,955"
DBC,08/26/2022,26.63,"3,105,623"
DBC,08/29/2022,27.02,"6,205,391"
DBC,08/30/2022,26.27,"4,292,097"
DBC,08/31/2022,25.72,"4,977,653"
DBC,09/01/2022,25.17,"8,110,687"
DBC,09/02/2022,25.34,"4,586,511"
DBC,09/05/2022,,
DBC,09/06/2022,25.19,"3,453,862"
DBC,09/07/2022,24.59,"7,838,969"
DBC,09/08/2022,24.69,"5,282,425"
DBC,09/09/2022,25.39,"1,327,994"
DBC,09/12/2022,25.74,"1,868,522"
DBC,09/13/2022,25.61,"3,863,349"
DBC,09/14/2022,25.72,"1,561,585"
DBC,09/15/2022,24.97,"2,106,253"
DBC,09/16/2022,24.88,"2,035,569"
DBC,09/19/2022,24.96,"2,213,785"
DBC,09/20/2022,24.93,"1,815,927"
DBC,09/21/2022,24.78,"1,647,948"
DBC,09/22/2022,24.85,"1,770,345"
DBC,09/23/2022,24.01,"3,885,244"
DBC,09/26/2022,23.45,"5,110,987"
DBC,09/27/2022,23.7,"2,834,886"
DBC,09/28/2022,24.36,"2,314,326"
DBC,09/29/2022,24.21,"2,066,122"
DBC,09/30/2022,23.91,"3,947,620"
DBC,10/03/2022,24.45,"6,327,139"
DBC,10/04/2022,25.11,"2,239,870"
DBC,10/05/2022,25.56,"2,753,773"
DBC,10/06/2022,25.72,"2,810,595"
DBC,10/07/2022,25.99,"2,382,395"
DBC,10/10/2022,25.7,"2,467,561"
DBC,10/11/2022,25.33,"2,530,476"
DBC,10/12/2022,25.33,"2,338,234"
DBC,10/13/2022,25.68,"2,166,387"
DBC,10/14/2022,25.17,"1,559,144"
DBC,10/17/2022,25.11,"2,200,912"
DBC,10/18/2022,24.84,"1,673,802"
DBC,10/19/2022,24.83,"2,062,599"
DBC,10/20/2022,24.85,"1,564,192"
DBC,10/21/2022,24.88,"1,142,922"
DBC,10/24/2022,24.95,"1,166,800"
DBC,10/25/2022,25.09,"892,365"
DBC,10/26/2022,25.56,"4,190,269"
DBC,10/27/2022,25.6,"1,699,483"
DBC,10/28/2022,25.3,"2,783,487"
DBC,10/31/2022,25.12,"3,264,404"
DBC,11/01/2022,25.5,"4,248,537"
DBC,11/02/2022,25.73,"2,158,593"
DBC,11/03/2022,25.71,"2,088,601"
DBC,11/04/2022,26.58,"2,063,039"
DBC,11/07/2022,26.35,"2,093,787"
DBC,11/08/2022,26.03,"1,957,959"
DBC,11/09/2022,25.43,"1,693,168"
DBC,11/10/2022,25.66,"2,431,840"
DBC,11/11/2022,26.15,"2,817,665"
DBC,11/14/2022,25.76,"1,623,141"
DBC,11/15/2022,26.06,"3,209,884"
DBC,11/16/2022,25.77,"2,226,914"
DBC,11/17/2022,25.34,"2,043,462"
DBC,11/18/2022,25.16,"3,200,535"
DBC,11/21/2022,25.07,"4,164,210"
DBC,11/22/2022,25.33,"3,397,665"
DBC,11/23/2022,24.98,"2,169,063"
DBC,11/24/2022,,
DBC,11/25/2022,24.76,"1,243,153"
DBC,11/28/2022,24.61,"3,559,618"
DBC,11/29/2022,24.93,"5,141,728"
DBC,11/30/2022,25.49,"2,939,895"
DBC,12/01/2022,25.36,"3,382,378"
DBC,12/02/2022,25.09,"3,957,200"
DBC,12/05/2022,24.44,"4,078,112"
DBC,12/06/2022,24.05,"3,352,581"
DBC,12/07/2022,23.93,"5,676,555"
DBC,12/08/2022,23.89,"3,554,741"
DBC,12/09/2022,23.92,"2,957,887"
DBC,12/12/2022,24.18,"2,660,088"
DBC,12/13/2022,24.58,"2,778,985"
DBC,12/14/2022,24.77,"2,342,435"
DBC,12/15/2022,24.47,"2,802,502"
DBC,12/16/2022,24.16,"3,403,493"
DBC,12/19/2022,23.97,"3,123,540"
DBC,12/20/2022,24.08,"2,614,565"
DBC,12/21/2022,24.39,"1,882,533"
DBC,12/22/2022,24.08,"2,017,230"
DBC,12/23/2022,24.52,"2,913,336"
DBC,12/26/2022,,
DBC,12/27/2022,24.74,"6,148,405"
DBC,12/28/2022,24.46,"2,873,265"
DBC,12/29/2022,24.43,"1,759,953"
DBC,12/30/2022,24.65,"1,848,335"
DBC,01/02/2023,,
DBC,01/03/2023,24.06,"3,228,335"
DBC,01/04/2023,23.63,"1,971,282"
DBC,01/05/2023,23.51,"1,700,833"
DBC,01/06/2023,23.64,"1,674,563"
DBC,01/09/2023,23.92,"1,189,256"
DBC,01/10/2023,23.92,"1,469,374"
DBC,01/11/2023,24.35,"1,923,208"
DBC,01/12/2023,24.55,"2,452,124"
DBC,01/13/2023,24.79,"1,514,810"
DBC,01/16/2023,,
DBC,01/17/2023,24.96,"1,160,666"
DBC,01/18/2023,24.69,"1,469,595"
DBC,01/19/2023,24.94,"1,241,290"
DBC,01/20/2023,25.09,"1,143,993"
DBC,01/23/2023,25.15,"2,664,614"
DBC,01/24/2023,25.01,"915,571"
DBC,01/25/2023,24.94,"1,151,190"
DBC,01/26/2023,25.05,"1,637,600"
DBC,01/27/2023,24.77,"2,379,162"
DBC,01/30/2023,24.45,"2,528,288"
DBC,01/31/2023,24.87,"1,571,848"
DBC,02/01/2023,24.4,"3,090,873"
DBC,02/02/2023,24.22,"3,591,104"
DBC,02/03/2023,23.61,"2,625,591"
DBC,02/06/2023,23.68,"1,375,746"
DBC,02/07/2023,24.13,"1,057,280"
DBC,02/08/2023,24.18,"822,680"
DBC,02/09/2023,23.99,"2,053,961"
DBC,02/10/2023,24.33,"783,070"
DBC,02/13/2023,24.28,"853,785"
DBC,02/14/2023,24.36,"926,509"
DBC,02/15/2023,24.1,"924,737"
DBC,02/16/2023,24.03,"831,921"
DBC,02/17/2023,23.85,"1,207,899"
DBC,02/20/2023,,
DBC,02/21/2023,23.88,"1,014,167"
DBC,02/22/2023,23.57,"1,219,479"
DBC,02/23/2023,23.75,"2,070,245"
DBC,02/24/2023,23.67,"1,637,824"
DBC,02/27/2023,23.69,"1,076,769"
DBC,02/28/2023,23.76,"1,222,255"
DBC,03/01/2023,24.17,"1,238,207"
DBC,03/02/2023,24.08,"828,694"
DBC,03/03/2023,24.46,"1,507,902"
DBC,03/06/2023,24.34,"1,046,042"
DBC,03/07/2023,23.84,"1,498,475"
DBC,03/08/2023,23.71,"1,518,284"
DBC,03/09/2023,23.42,"1,290,852"
DBC,03/10/2023,23.67,"2,418,338"
DBC,03/13/2023,23.52,"1,865,938"
DBC,03/14/2023,23.22,"1,300,630"
DBC,03/15/2023,22.68,"2,929,177"
DBC,03/16/2023,22.75,"1,536,679"
DBC,03/17/2023,22.68,"1,916,779"
DBC,03/20/2023,22.77,"1,108,896"
DBC,03/21/2023,22.85,"1,300,548"
DBC,03/22/2023,22.91,"1,414,205"
DBC,03/23/2023,22.85,"1,482,801"
DBC,03/24/2023,22.96,"2,175,856"
DBC,03/27/2023,23.39,"2,176,419"
DBC,03/28/2023,23.5,"1,037,883"
DBC,03/29/2023,23.35,"514,660"
DBC,03/30/2023,23.52,"793,911"
DBC,03/31/2023,23.74,"1,026,257"
DBC,04/03/2023,24.13,"1,164,837"
DBC,04/04/2023,24.1,"1,313,125"
DBC,04/05/2023,24.19,"1,099,675"
DBC,04/06/2023,24.12,"2,418,797"
DBC,04/07/2023,,
DBC,04/10/2023,24.12,"989,982"
DBC,04/11/2023,24.25,"1,525,997"
DBC,04/12/2023,24.44,"1,151,548"
DBC,04/13/2023,24.44,"888,725"
DBC,04/14/2023,24.47,"1,244,707"
DBC,04/17/2023,24.37,"937,312"
DBC,04/18/2023,24.42,"844,845"
DBC,04/19/2023,24.08,"397,292"
DBC,04/20/2023,23.87,"1,066,340"
DBC,04/21/2023,23.82,"735,716"
DBC,04/24/2023,24.01,"1,753,831"
DBC,04/25/2023,23.67,"1,221,045"
DBC,04/26/2023,23.31,"2,206,427"
DBC,04/27/2023,23.34,"990,402"
DBC,04/28/2023,23.56,"499,591"
DBC,05/01/2023,23.36,"1,138,751"
DBC,05/02/2023,22.83,"1,658,775"
DBC,05/03/2023,22.54,"869,925"
DBC,05/04/2023,22.63,"782,875"
DBC,05/05/2023,23.14,"702,373"
DBC,05/08/2023,23.25,"742,614"
DBC,05/09/2023,23.32,"787,163"
DBC,05/10/2023,23.25,"489,763"
DBC,05/11/2023,22.85,"742,692"
DBC,05/12/2023,22.67,"769,819"
DBC,05/15/2023,22.93,"703,212"
DBC,05/16/2023,22.68,"1,020,730"
DBC,05/17/2023,22.95,"816,451"
DBC,05/18/2023,22.74,"1,005,214"
DBC,05/19/2023,22.71,"777,848"
DBC,05/22/2023,22.73,"606,604"
DBC,05/23/2023,22.82,"753,462"
DBC,05/24/2023,22.83,"692,624"
DBC,05/25/2023,22.47,"1,809,503"
DBC,05/26/2023,22.83,"837,356"
DBC,05/29/2023,,
DBC,05/30/2023,22.3,"774,549"
DBC,05/31/2023,22.05,"762,547"
DBC,06/01/2023,22.41,"561,052"
DBC,06/02/2023,22.7,"1,195,952"
DBC,06/05/2023,22.64,"1,216,409"
DBC,06/06/2023,22.67,"764,294"
DBC,06/07/2023,22.76,"2,155,457"
DBC,06/08/2023,22.8,"893,853"
DBC,06/09/2023,22.66,"641,294"
DBC,06/12/2023,22.35,"686,973"
DBC,06/13/2023,22.65,"701,665"
DBC,06/14/2023,22.7,"763,960"
DBC,06/15/2023,23.18,"1,215,132"
DBC,06/16/2023,23.47,"1,252,345"
DBC,06/19/2023,,
DBC,06/20/2023,23.26,"1,911,164"
DBC,06/21/2023,23.6,"930,214"
DBC,06/22/2023,23.16,"1,055,998"
DBC,06/23/2023,22.91,"1,002,246"
DBC,06/26/2023,22.94,"728,978"
DBC,06/27/2023,22.57,"560,809"
DBC,06/28/2023,22.5,"1,101,538"
DBC,06/29/2023,22.51,"635,318"
DBC,06/30/2023,22.7,"972,178"
DBC,07/03/2023,22.7,"902,179"
DBC,07/04/2023,,
DBC,07/05/2023,22.84,"2,849,272"
DBC,07/06/2023,22.79,"629,133"
DBC,07/07/2023,22.98,"807,792"
DBC,07/10/2023,23.03,"632,450"
DBC,07/11/2023,23.3,"457,791"
DBC,07/12/2023,23.47,"599,584"
DBC,07/13/2023,23.8,"582,882"
DBC,07/14/2023,23.64,"669,824"
DBC,07/17/2023,23.45,"696,124"
DBC,07/18/2023,23.76,"554,681"
DBC,07/19/2023,23.89,"1,371,535"
DBC,07/20/2023,23.96,"1,138,615"
DBC,07/21/2023,24.09,"710,493"
DBC,07/24/2023,24.52,"781,292"
DBC,07/25/2023,24.61,"510,828"
DBC,07/26/2023,24.49,"893,691"
DBC,07/27/2023,24.43,"1,273,072"
DBC,07/28/2023,24.58,"2,657,304"
DBC,07/31/2023,24.68,"2,012,496"
DBC,08/01/2023,24.55,"1,688,918"
DBC,08/02/2023,24.18,"1,143,840"
DBC,08/03/2023,24.41,"1,111,708"
DBC,08/04/2023,24.45,"529,424"
DBC,08/07/2023,24.46,"1,137,746"
DBC,08/08/2023,24.43,"993,605"
DBC,08/09/2023,24.6,"671,880"
DBC,08/10/2023,24.47,"576,569"
DBC,08/11/2023,24.43,"566,265"
DBC,08/14/2023,24.31,"697,677"
DBC,08/15/2023,24.02,"3,808,701"
DBC,08/16/2023,23.92,"2,205,453"
DBC,08/17/2023,23.98,"857,520"
DBC,08/18/2023,24.15,"601,838"
DBC,08/21/2023,24.09,"507,852"
DBC,08/22/2023,24.1,"623,521"
DBC,08/23/2023,24.15,"910,667"
DBC,08/24/2023,24.17,"599,547"
DBC,08/25/2023,24.41,"793,791"
DBC,08/28/2023,24.37,"590,242"
DBC,08/29/2023,24.46,"417,609"
DBC,08/30/2023,24.49,"527,327"
DBC,08/31/2023,24.59,"1,197,702"
DBC,09/01/2023,24.88,"1,716,114"
DBC,09/04/2023,,
DBC,09/05/2023,25,"1,039,207"
DBC,09/06/2023,25.06,"843,843"
DBC,09/07/2023,25.01,"388,846"
DBC,09/08/2023,25.06,"611,551"
DBC,09/11/2023,25.21,"553,946"
DBC,09/12/2023,25.3,"1,075,050"
DBC,09/13/2023,25.38,"813,823"
DBC,09/14/2023,25.59,"679,565"
DBC,09/15/2023,25.53,"573,292"
DBC,09/18/2023,25.52,"868,148"
DBC,09/19/2023,25.54,"845,216"
DBC,09/20/2023,25.33,"663,653"
DBC,09/21/2023,25.25,"1,172,649"
DBC,09/22/2023,25.27,"727,683"
DBC,09/25/2023,25.15,"639,969"
DBC,09/26/2023,25.12,"986,315"
DBC,09/27/2023,25.26,"944,201"
DBC,09/28/2023,25.23,"865,536"
DBC,09/29/2023,24.96,"2,044,188"
DBC,10/02/2023,24.77,"3,616,068"
DBC,10/03/2023,24.66,"2,574,045"
DBC,10/04/2023,23.97,"1,225,524"
DBC,10/05/2023,23.83,"2,068,089"
DBC,10/06/2023,23.92,"2,218,461"
DBC,10/09/2023,24.42,"2,702,799"
DBC,10/10/2023,24.36,"1,359,525"
DBC,10/11/2023,24.22,"2,163,265"
DBC,10/12/2023,24.21,"979,272"
DBC,10/13/2023,24.85,"953,991"
DBC,10/16/2023,24.77,"820,404"
DBC,10/17/2023,24.84,"921,912"
DBC,10/18/2023,25.06,"1,110,142"
DBC,10/19/2023,25.32,"937,434"
DBC,10/20/2023,25.13,"1,243,362"
DBC,10/23/2023,24.97,"1,179,500"
DBC,10/24/2023,24.7,"1,119,688"
DBC,10/25/2023,24.88,"2,212,007"
DBC,10/26/2023,24.67,"1,862,619"
DBC,10/27/2023,25,"1,051,407"
DBC,10/30/2023,24.6,"975,874"
DBC,10/31/2023,24.51,"2,199,525"
DBC,11/01/2023,24.55,"2,495,686"
DBC,11/02/2023,24.81,"1,936,054"
DBC,11/03/2023,24.68,"1,407,123"
DBC,11/06/2023,24.78,"1,210,888"
DBC,11/07/2023,24.25,"1,861,587"
DBC,11/08/2023,23.98,"1,269,111"
DBC,11/09/2023,23.92,"1,254,329"
DBC,11/10/2023,24.04,"874,992"
DBC,11/13/2023,24.39,"913,196"
DBC,11/14/2023,24.35,"1,573,139"
DBC,11/15/2023,24.19,"1,314,518"
DBC,11/16/2023,23.61,"3,465,622"
DBC,11/17/2023,23.95,"1,241,209"
DBC,11/20/2023,24.25,"777,559"
DBC,11/21/2023,24.39,"642,510"
DBC,11/22/2023,24.18,"850,626"
DBC,11/23/2023,,
DBC,11/24/2023,24.02,"391,347"
DBC,11/27/2023,23.86,"1,032,465"
DBC,11/28/2023,24.15,"1,112,782"
DBC,11/29/2023,24.32,"972,151"
DBC,11/30/2023,23.91,"1,769,733"
DBC,12/01/2023,23.8,"1,399,850"
DBC,12/04/2023,23.64,"5,278,434"
DBC,12/05/2023,23.43,"1,557,661"
DBC,12/06/2023,22.86,"1,914,032"
DBC,12/07/2023,22.9,"1,502,182"
DBC,12/08/2023,23,"1,366,110"
DBC,12/11/2023,22.92,"3,260,722"
DBC,12/12/2023,22.57,"1,983,251"
DBC,12/13/2023,22.83,"1,613,666"
DBC,12/14/2023,23.21,"1,872,172"
DBC,12/15/2023,23.25,"1,734,520"
DBC,12/18/2023,22.32,"1,844,179"
DBC,12/19/2023,22.49,"1,829,574"
DBC,12/20/2023,22.23,"1,439,122"
DBC,12/21/2023,22.27,"1,352,706"
DBC,12/22/2023,22.23,"1,397,788"
DBC,12/25/2023,,
DBC,12/26/2023,22.45,"1,252,199"
DBC,12/27/2023,22.35,"1,372,600"
DBC,12/28/2023,22.16,"1,145,228"
DBC,12/29/2023,22.04,"1,781,217"
DBC,01/01/2024,,
DBC,01/02/2024,21.86,"2,421,648"
DBC,01/03/2024,22.14,"857,673"
DBC,01/04/2024,22.02,"733,998"
DBC,01/05/2024,22.13,"800,829"
DBC,01/08/2024,21.81,"761,036"
DBC,01/09/2024,21.97,"736,283"
DBC,01/10/2024,21.82,"753,959"
DBC,01/11/2024,21.98,"1,491,138"
DBC,01/12/2024,22.06,"673,736"
DBC,01/15/2024,,
DBC,01/16/2024,21.87,"708,990"
DBC,01/17/2024,21.84,"570,736"
DBC,01/18/2024,21.98,"408,288"
DBC,01/19/2024,21.94,"559,903"
DBC,01/22/2024,22.03,"575,949"
DBC,01/23/2024,22.15,"442,428"
DBC,01/24/2024,22.34,"866,787"
DBC,01/25/2024,22.51,"1,600,526"
DBC,01/26/2024,22.61,"517,756"
DBC,01/29/2024,22.42,"1,579,327"
DBC,01/30/2024,22.57,"941,230"
DBC,01/31/2024,22.33,"1,305,280"
DBC,02/01/2024,22.06,"2,388,453"
DBC,02/02/2024,21.81,"1,235,545"
DBC,02/05/2024,21.9,"838,049"
DBC,02/06/2024,21.98,"790,951"
DBC,02/07/2024,22.08,"809,978"
DBC,02/08/2024,22.2,"1,125,136"
DBC,02/09/2024,22.26,"601,661"
DBC,02/12/2024,22.27,"569,000"
DBC,02/13/2024,22.14,"1,222,159"
DBC,02/14/2024,21.93,"695,996"
DBC,02/15/2024,21.98,"791,236"
DBC,02/16/2024,22.03,"595,785"
DBC,02/19/2024,,
DBC,02/20/2024,21.91,"1,053,131"
DBC,02/21/2024,22,"1,689,923"
DBC,02/22/2024,22.06,"507,411"
DBC,02/23/2024,21.74,"668,783"
DBC,02/26/2024,21.94,"879,121"
DBC,02/27/2024,22.11,"2,544,526"
DBC,02/28/2024,22.02,"5,225,322"
DBC,02/29/2024,21.99,"720,315"
DBC,03/01/2024,22.1,"863,259"
DBC,03/04/2024,22.17,"538,478"
DBC,03/05/2024,22,"1,237,832"
DBC,03/06/2024,22.18,"1,466,565"
DBC,03/07/2024,22.24,"961,012"
DBC,03/08/2024,22.17,"933,168"
DBC,03/11/2024,22.36,"691,619"
DBC,03/12/2024,22.3,"497,816"
DBC,03/13/2024,22.61,"1,070,047"
DBC,03/14/2024,22.68,"1,168,498"
DBC,03/15/2024,22.76,"1,043,056"
DBC,03/18/2024,22.97,"1,384,462"
DBC,03/19/2024,22.96,"1,889,692"
DBC,03/20/2024,22.9,"1,247,455"
DBC,03/21/2024,22.87,"814,024"
DBC,03/22/2024,22.71,"1,443,909"
DBC,03/25/2024,22.9,"1,370,919"
DBC,03/26/2024,22.72,"742,045"
DBC,03/27/2024,22.7,"2,497,819"
DBC,03/28/2024,22.97,"3,686,423"
DBC,04/01/2024,23.08,"2,345,993"
DBC,04/02/2024,23.29,"1,852,683"
DBC,04/03/2024,23.57,"1,771,541"
DBC,04/04/2024,23.63,"1,261,218"
DBC,04/05/2024,23.75,"1,313,722"
DBC,04/08/2024,23.74,"1,263,607"
DBC,04/09/2024,23.61,"769,445"
DBC,04/10/2024,23.73,"1,349,862"
DBC,04/11/2024,23.69,"933,846"
DBC,04/12/2024,23.72,"1,579,347"
DBC,04/15/2024,23.75,"1,660,095"
DBC,04/16/2024,23.71,"1,263,743"
DBC,04/17/2024,23.34,"2,084,581"
DBC,04/18/2024,23.33,"1,734,566"
DBC,04/19/2024,23.44,"1,968,819"
DBC,04/22/2024,23.44,"941,811"
DBC,04/23/2024,23.54,"1,524,752"
DBC,04/24/2024,23.51,"1,670,493"
DBC,04/25/2024,23.64,"1,088,592"
DBC,04/26/2024,23.66,"707,730"
DBC,04/29/2024,23.64,"875,816"
DBC,04/30/2024,23.34,"1,875,486"
DBC,05/01/2024,23,"1,463,860"
DBC,05/02/2024,23.08,"1,004,394"
DBC,05/03/2024,23.11,"503,360"
DBC,05/06/2024,23.37,"1,293,994"
DBC,05/07/2024,23.35,"486,283"
DBC,05/08/2024,23.23,"415,768"
DBC,05/09/2024,23.32,"347,181"
DBC,05/10/2024,23.28,"747,668"
DBC,05/13/2024,23.43,"531,412"
DBC,05/14/2024,23.33,"443,741"
DBC,05/15/2024,23.41,"512,276"
DBC,05/16/2024,23.47,"519,176"
DBC,05/17/2024,23.71,"2,083,912"
DBC,05/20/2024,23.92,"1,314,937"
DBC,05/21/2024,23.82,"514,035"
DBC,05/22/2024,23.48,"889,393"
DBC,05/23/2024,23.36,"1,255,165"
DBC,05/24/2024,23.52,"1,375,287"
DBC,05/27/2024,,
DBC,05/28/2024,23.94,"1,845,827"
DBC,05/29/2024,23.69,"940,905"
DBC,05/30/2024,23.38,"1,041,553"
DBC,05/31/2024,23.27,"873,440"
DBC,06/03/2024,22.94,"1,790,933"
DBC,06/04/2024,22.71,"1,087,206"
DBC,06/05/2024,22.79,"966,939"
DBC,06/06/2024,23.09,"1,049,033"
DBC,06/07/2024,22.76,"746,991"
DBC,06/10/2024,23.09,"457,094"
DBC,06/11/2024,23.06,"572,519"
DBC,06/12/2024,23.14,"760,953"
DBC,06/13/2024,23.16,"552,986"
DBC,06/14/2024,23.07,"914,755"
DBC,06/17/2024,23.15,"1,114,283"
DBC,06/18/2024,23.34,"832,412"
DBC,06/19/2024,,
DBC,06/20/2024,23.39,"910,672"
DBC,06/21/2024,23.2,"723,171"
DBC,06/24/2024,23.39,"610,403"
DBC,06/25/2024,23.17,"729,999"
DBC,06/26/2024,23.21,"1,212,425"
DBC,06/27/2024,23.33,"675,351"
DBC,06/28/2024,23.23,"855,316"
DBC,07/01/2024,23.53,"1,233,846"
DBC,07/02/2024,23.56,"844,810"
DBC,07/03/2024,23.69,"707,499"
DBC,07/04/2024,,
DBC,07/05/2024,23.78,"860,639"
DBC,07/08/2024,23.46,"769,096"
DBC,07/09/2024,23.3,"621,536"
DBC,07/10/2024,23.3,"678,165"
DBC,07/11/2024,23.38,"1,759,526"
DBC,07/12/2024,23.29,"1,263,234"
DBC,07/15/2024,23.12,"863,333"
DBC,07/16/2024,23.06,"1,485,440"
DBC,07/17/2024,23.06,"1,296,448"
DBC,07/18/2024,22.89,"1,410,259"
DBC,07/19/2024,22.58,"1,803,773"
DBC,07/22/2024,22.64,"1,959,949"
DBC,07/23/2024,22.43,"981,741"
DBC,07/24/2024,22.42,"991,953"
DBC,07/25/2024,22.47,"676,391"
DBC,07/26/2024,22.24,"584,168"
DBC,07/29/2024,22.14,"709,145"
DBC,07/30/2024,22.07,"1,183,587"
DBC,07/31/2024,22.58,"1,495,241"
DBC,08/01/2024,22.31,"2,002,345"
DBC,08/02/2024,21.9,"2,740,385"
DBC,08/05/2024,21.86,"2,372,725"
DBC,08/06/2024,21.68,"1,634,162"
DBC,08/07/2024,21.88,"1,050,632"
DBC,08/08/2024,22.08,"568,721"
DBC,08/09/2024,22.21,"465,124"
DBC,08/12/2024,22.52,"550,865"
DBC,08/13/2024,22.31,"374,898"
DBC,08/14/2024,22.17,"509,995"
DBC,08/15/2024,22.35,"556,631"
DBC,08/16/2024,22.21,"570,141"
DBC,08/19/2024,22.09,"557,648"
DBC,08/20/2024,22,"539,276"
DBC,08/21/2024,21.89,"545,398"
DBC,08/22/2024,21.87,"473,551"
DBC,08/23/2024,22.26,"727,695"
DBC,08/26/2024,22.49,"417,181"
DBC,08/27/2024,22.38,"556,043"
DBC,08/28/2024,22.11,"500,683"
DBC,08/29/2024,22.36,"458,718"
DBC,08/30/2024,22.11,"388,890"
DBC,09/02/2024,,
DBC,09/03/2024,21.67,"540,740"
DBC,09/04/2024,21.51,"456,432"
DBC,09/05/2024,21.56,"593,844"
DBC,09/06/2024,21.27,"1,175,999"
DBC,09/09/2024,21.33,"2,390,295"
DBC,09/10/2024,21.02,"957,657"
DBC,09/11/2024,21.21,"1,107,642"
DBC,09/12/2024,21.62,"1,058,595"
DBC,09/13/2024,21.66,"939,153"
DBC,09/16/2024,21.82,"586,156"
DBC,09/17/2024,21.97,"889,952"
DBC,09/18/2024,21.83,"1,001,968"
DBC,09/19/2024,22.22,"726,754"
DBC,09/20/2024,22.22,"617,711"
DBC,09/23/2024,22.23,"658,274"
DBC,09/24/2024,22.6,"775,434"
DBC,09/25/2024,22.41,"813,746"
DBC,09/26/2024,22.21,"887,678"
DBC,09/27/2024,22.32,"649,863"
DBC,09/30/2024,22.27,"1,042,606"
DBC,10/01/2024,22.66,"1,154,159"
DBC,10/02/2024,22.85,"1,089,926"
DBC,10/03/2024,23.18,"1,127,007"
DBC,10/04/2024,23.24,"1,060,651"
DBC,10/07/2024,23.56,"1,330,740"
DBC,10/08/2024,23.01,"1,115,888"
DBC,10/09/2024,22.81,"872,370"
DBC,10/10/2024,23.26,"961,294"
DBC,10/11/2024,23.28,"726,708"
DBC,10/14/2024,22.92,"842,541"
DBC,10/15/2024,22.48,"1,113,738"
DBC,10/16/2024,22.42,"683,830"
DBC,10/17/2024,22.45,"620,619"
DBC,10/18/2024,22.33,"538,355"
DBC,10/21/2024,22.4,"640,003"
DBC,10/22/2024,22.79,"897,400"
DBC,10/23/2024,22.66,"692,405"
DBC,10/24/2024,22.65,"912,511"
DBC,10/25/2024,22.81,"739,811"
DBC,10/28/2024,22.2,"1,002,208"
DBC,10/29/2024,22.16,"569,339"
DBC,10/30/2024,22.44,"807,913"
DBC,10/31/2024,22.59,"1,172,475"
DBC,11/01/2024,22.35,"672,122"
DBC,11/04/2024,22.73,"616,562"
DBC,11/05/2024,22.87,"509,314"
DBC,11/06/2024,22.62,"818,583"
DBC,11/07/2024,22.85,"1,471,782"
DBC,11/08/2024,22.5,"453,301"
DBC,11/11/2024,22.14,"1,303,686"
DBC,11/12/2024,22.02,"612,030"
DBC,11/13/2024,21.95,"652,133"
DBC,11/14/2024,21.93,"625,805"
DBC,11/15/2024,21.82,"458,010"
DBC,11/18/2024,22.32,"651,533"
DBC,11/19/2024,22.39,"794,920"
DBC,11/20/2024,22.38,"521,486"
DBC,11/21/2024,22.54,"619,861"
DBC,11/22/2024,22.56,"534,799"
DBC,11/25/2024,22.24,"609,826"
DBC,11/26/2024,22.24,"1,010,486"
DBC,11/27/2024,22.12,"560,696"
DBC,11/29/2024,22.14,"418,979"
DBC,12/02/2024,21.98,"563,044"
DBC,12/03/2024,22.23,"482,273"
DBC,12/04/2024,22.11,"875,666"
DBC,12/05/2024,22.08,"407,071"
DBC,12/06/2024,21.91,"438,193"
DBC,12/09/2024,22.12,"698,390"
DBC,12/10/2024,22.17,"864,169"
DBC,12/11/2024,22.45,"539,814"
DBC,12/12/2024,22.36,"360,680"
DBC,12/13/2024,22.35,"1,165,719"
DBC,12/16/2024,22.23,"832,865"
DBC,12/17/2024,22.08,"386,297"
DBC,12/18/2024,21.88,"1,348,899"
DBC,12/19/2024,21.88,"2,166,518"
DBC,12/20/2024,22.02,"1,507,266"
DBC,12/23/2024,20.92,"1,414,167"
DBC,12/24/2024,21.04,"549,518"
DBC,12/25/2024,,
DBC,12/26/2024,20.98,"1,139,713"
DBC,12/27/2024,21.08,"1,418,373"
DBC,12/30/2024,21.27,"938,723"
DBC,12/31/2024,21.38,"778,424"
GLD,01/03/2011,138,"11,510,130"
GLD,01/04/2011,134.75,"26,154,219"
GLD,01/05/2011,134.37,"16,700,803"
GLD,01/06/2011,133.83,"15,969,284"
GLD,01/07/2011,133.58,"16,761,763"
GLD,01/10/2011,134.12,"8,429,805"
GLD,01/11/2011,134.91,"10,271,745"
GLD,01/12/2011,135.46,"10,789,629"
GLD,01/13/2011,134.05,"14,302,771"
GLD,01/14/2011,132.69,"21,226,577"
GLD,01/18/2011,133.43,"11,599,761"
GLD,01/19/2011,133.72,"11,795,120"
GLD,01/20/2011,131.2,"24,362,816"
GLD,01/21/2011,131.03,"19,490,781"
GLD,01/24/2011,130.36,"15,127,193"
GLD,01/25/2011,130.1,"22,224,453"
GLD,01/26/2011,131.16,"20,548,378"
GLD,01/27/2011,127.925,"33,046,905"
GLD,01/28/2011,130.28,"28,096,040"
GLD,01/31/2011,129.87,"14,670,003"
GLD,02/01/2011,130.8,"15,365,935"
GLD,02/02/2011,130.45,"10,085,188"
GLD,02/03/2011,132.2,"17,414,644"
GLD,02/04/2011,131.66,"15,216,143"
GLD,02/07/2011,131.68,"7,179,160"
GLD,02/08/2011,133.14,"16,227,189"
GLD,02/09/2011,133.07,"10,181,224"
GLD,02/10/2011,132.85,"8,105,118"
GLD,02/11/2011,132.3225,"9,889,307"
GLD,02/14/2011,132.95,"8,702,449"
GLD,02/15/2011,133.97,"10,112,863"
GLD,02/16/2011,134.1,"12,824,186"
GLD,02/17/2011,135.04,"11,332,106"
GLD,02/18/2011,135.41,"15,890,885"
GLD,02/22/2011,136.29,"16,678,988"
GLD,02/23/2011,137.51,"15,692,882"
GLD,02/24/2011,136.48,"18,791,224"
GLD,02/25/2011,137.384,"10,352,844"
GLD,02/28/2011,137.661,"8,851,010"
GLD,03/01/2011,140.03,"17,438,079"
GLD,03/02/2011,139.917,"15,726,535"
GLD,03/03/2011,138.09,"16,490,282"
GLD,03/04/2011,139.35,"17,457,270"
GLD,03/07/2011,139.721,"14,070,014"
GLD,03/08/2011,139.36,"10,730,492"
GLD,03/09/2011,139.41,"8,736,435"
GLD,03/10/2011,137.77,"15,565,465"
GLD,03/11/2011,138.22,"10,417,498"
GLD,03/14/2011,138.86,"10,243,570"
GLD,03/15/2011,136.27,"23,465,119"
GLD,03/16/2011,136.24,"13,394,013"
GLD,03/17/2011,136.97,"9,123,203"
GLD,03/18/2011,138.37,"18,602,096"
GLD,03/21/2011,139.14,"13,743,637"
GLD,03/22/2011,139.05,"9,558,224"
GLD,03/23/2011,140.34,"11,542,850"
GLD,03/24/2011,139.22,"17,016,550"
GLD,03/25/2011,139.26,"13,191,940"
GLD,03/28/2011,138.54,"7,663,554"
GLD,03/29/2011,138.21,"6,349,737"
GLD,03/30/2011,138.67,"10,756,661"
GLD,03/31/2011,139.86,"15,235,892"
GLD,04/01/2011,139.19,"15,739,869"
GLD,04/04/2011,139.84,"9,685,075"
GLD,04/05/2011,142.05,"18,334,050"
GLD,04/06/2011,142.38,"10,718,685"
GLD,04/07/2011,142.51,"9,489,975"
GLD,04/08/2011,143.66,"13,129,839"
GLD,04/11/2011,142.64,"10,114,504"
GLD,04/12/2011,141.61,"14,950,515"
GLD,04/13/2011,141.9,"13,888,851"
GLD,04/14/2011,143.81,"14,174,210"
GLD,04/15/2011,145.05,"19,127,264"
GLD,04/18/2011,145.93,"17,343,166"
GLD,04/19/2011,145.93,"10,957,381"
GLD,04/20/2011,146.5,"13,718,219"
GLD,04/21/2011,146.74,"10,114,153"
GLD,04/25/2011,146.87,"15,596,861"
GLD,04/26/2011,146.38,"16,244,107"
GLD,04/27/2011,149.2,"21,945,936"
GLD,04/28/2011,149.82,"20,759,394"
GLD,04/29/2011,152.37,"27,601,219"
GLD,05/02/2011,150.414,"24,094,088"
GLD,05/03/2011,149.88,"24,215,603"
GLD,05/04/2011,147.73,"35,111,689"
GLD,05/05/2011,143.47,"51,284,423"
GLD,05/06/2011,145.3,"24,185,173"
GLD,05/09/2011,147.38,"13,854,767"
GLD,05/10/2011,147.9,"11,285,468"
GLD,05/11/2011,146.54,"21,386,897"
GLD,05/12/2011,146.59,"18,730,319"
GLD,05/13/2011,145.63,"17,270,054"
GLD,05/16/2011,145.37,"10,069,235"
GLD,05/17/2011,144.74,"17,203,669"
GLD,05/18/2011,145.6,"10,508,325"
GLD,05/19/2011,145.65,"8,098,799"
GLD,05/20/2011,147.49,"23,188,966"
GLD,05/23/2011,147.83,"15,946,475"
GLD,05/24/2011,148.59,"14,947,994"
GLD,05/25/2011,148.58,"10,973,704"
GLD,05/26/2011,148.22,"9,791,500"
GLD,05/27/2011,149.7,"10,188,109"
GLD,05/31/2011,149.64,"10,503,838"
GLD,06/01/2011,149.91,"18,365,341"
GLD,06/02/2011,149.5,"13,553,078"
GLD,06/03/2011,150.22,"12,608,508"
GLD,06/06/2011,150.48,"11,479,094"
GLD,06/07/2011,150.42,"10,145,082"
GLD,06/08/2011,149.81,"9,612,425"
GLD,06/09/2011,150.56,"7,651,641"
GLD,06/10/2011,149.24,"12,346,106"
GLD,06/13/2011,147.77,"12,998,003"
GLD,06/14/2011,148.67,"10,942,927"
GLD,06/15/2011,149.12,"14,550,668"
GLD,06/16/2011,148.97,"11,034,916"
GLD,06/17/2011,149.94,"19,206,784"
GLD,06/20/2011,150.03,"10,463,337"
GLD,06/21/2011,150.76,"12,445,105"
GLD,06/22/2011,150.99,"14,117,349"
GLD,06/23/2011,148.339,"24,869,557"
GLD,06/24/2011,146.26,"19,304,388"
GLD,06/27/2011,145.73,"11,604,328"
GLD,06/28/2011,146.24,"8,813,790"
GLD,06/29/2011,147.18,"12,626,822"
GLD,06/30/2011,146.001,"12,669,716"
GLD,07/01/2011,144.93,"16,367,169"
GLD,07/05/2011,147.63,"11,281,735"
GLD,07/06/2011,148.91,"14,506,240"
GLD,07/07/2011,149.15,"9,524,064"
GLD,07/08/2011,150.25,"13,663,009"
GLD,07/11/2011,151.59,"20,451,123"
GLD,07/12/2011,152.77,"24,037,692"
GLD,07/13/2011,154.14,"26,350,982"
GLD,07/14/2011,154.54,"17,617,975"
GLD,07/15/2011,155.2,"18,452,394"
GLD,07/18/2011,156.57,"17,133,327"
GLD,07/19/2011,154.66,"22,879,895"
GLD,07/20/2011,156.02,"14,568,748"
GLD,07/21/2011,154.83,"18,422,861"
GLD,07/22/2011,156.12,"11,378,645"
GLD,07/25/2011,157.34,"13,036,138"
GLD,07/26/2011,157.77,"11,743,605"
GLD,07/27/2011,157.19,"18,301,580"
GLD,07/28/2011,157.32,"11,374,919"
GLD,07/29/2011,158.29,"17,129,123"
GLD,08/01/2011,157.72,"14,825,641"
GLD,08/02/2011,161.52,"24,284,494"
GLD,08/03/2011,161.49,"27,823,655"
GLD,08/04/2011,160.64,"40,380,211"
GLD,08/05/2011,161.75,"24,557,387"
GLD,08/08/2011,167.119,"43,002,318"
GLD,08/09/2011,168.61,"55,765,741"
GLD,08/10/2011,174.58,"44,797,110"
GLD,08/11/2011,170.75,"49,888,259"
GLD,08/12/2011,169.97,"29,225,984"
GLD,08/15/2011,171.8,"17,807,884"
GLD,08/16/2011,173.92,"19,657,949"
GLD,08/17/2011,174.42,"16,481,984"
GLD,08/18/2011,177.72,"25,514,219"
GLD,08/19/2011,179.95,"34,407,682"
GLD,08/22/2011,184.59,"27,482,590"
GLD,08/23/2011,177.67,"55,265,337"
GLD,08/24/2011,171.646,"70,700,292"
GLD,08/25/2011,172.36,"43,273,653"
GLD,08/26/2011,177.47,"38,672,980"
GLD,08/29/2011,173.89,"25,265,460"
GLD,08/30/2011,179.1,"23,440,934"
GLD,08/31/2011,177.72,"16,060,319"
GLD,09/01/2011,177.87,"13,900,453"
GLD,09/02/2011,183.238,"19,920,590"
GLD,09/06/2011,182.9,"30,277,991"
GLD,09/07/2011,177.08,"30,759,967"
GLD,09/08/2011,181.81,"20,741,274"
GLD,09/09/2011,180.7,"25,434,733"
GLD,09/12/2011,176.67,"21,812,792"
GLD,09/13/2011,178.54,"17,246,373"
GLD,09/14/2011,177.21,"18,122,800"
GLD,09/15/2011,174.4,"20,896,954"
GLD,09/16/2011,176.03,"20,699,071"
GLD,09/19/2011,173.31,"18,301,050"
GLD,09/20/2011,175.78,"12,677,437"
GLD,09/21/2011,173.59,"16,434,951"
GLD,09/22/2011,169.05,"32,476,260"
GLD,09/23/2011,159.8,"52,986,827"
GLD,09/26/2011,157.58,"42,373,773"
GLD,09/27/2011,160.63,"25,124,126"
GLD,09/28/2011,156.22,"21,775,951"
GLD,09/29/2011,157.7,"17,340,742"
GLD,09/30/2011,158.06,"16,770,756"
GLD,10/03/2011,160.96,"14,200,306"
GLD,10/04/2011,157.644,"24,048,220"
GLD,10/05/2011,159.46,"15,141,854"
GLD,10/06/2011,160.49,"12,399,274"
GLD,10/07/2011,159.18,"12,977,972"
GLD,10/10/2011,163.266,"8,984,403"
GLD,10/11/2011,162.1,"8,263,355"
GLD,10/12/2011,163.26,"10,875,099"
GLD,10/13/2011,162.3,"8,334,961"
GLD,10/14/2011,163.4,"9,744,928"
GLD,10/17/2011,162.62,"8,765,694"
GLD,10/18/2011,161.84,"15,390,775"
GLD,10/19/2011,159.87,"8,535,872"
GLD,10/20/2011,157.77,"17,367,428"
GLD,10/21/2011,159.52,"13,335,534"
GLD,10/24/2011,161.02,"10,199,743"
GLD,10/25/2011,165.59,"22,130,728"
GLD,10/26/2011,167.4,"17,116,284"
GLD,10/27/2011,169.55,"15,795,106"
GLD,10/28/2011,169.62,"9,362,855"
GLD,10/31/2011,167.34,"8,441,563"
GLD,11/01/2011,167.38,"15,335,334"
GLD,11/02/2011,169.06,"14,544,693"
GLD,11/03/2011,171.72,"17,610,378"
GLD,11/04/2011,170.85,"11,062,343"
GLD,11/07/2011,174.98,"20,141,408"
GLD,11/08/2011,173.53,"16,062,242"
GLD,11/09/2011,172.07,"12,313,842"
GLD,11/10/2011,171.14,"11,848,636"
GLD,11/11/2011,173.96,"8,730,988"
GLD,11/14/2011,173.2,"5,893,507"
GLD,11/15/2011,173.36,"9,174,027"
GLD,11/16/2011,171.51,"15,099,443"
GLD,11/17/2011,167.1,"28,468,872"
GLD,11/18/2011,167.62,"14,172,895"
GLD,11/21/2011,163.5,"22,035,781"
GLD,11/22/2011,165.31,"12,098,350"
GLD,11/23/2011,164.83,"11,486,855"
GLD,11/25/2011,163.4,"6,097,917"
GLD,11/28/2011,166.63,"12,006,665"
GLD,11/29/2011,166.88,"9,198,815"
GLD,11/30/2011,170.13,"11,821,550"
GLD,12/01/2011,169.63,"11,614,142"
GLD,12/02/2011,169.82,"8,434,991"
GLD,12/05/2011,167.32,"10,256,256"
GLD,12/06/2011,168.18,"10,388,141"
GLD,12/07/2011,169.4,"10,361,267"
GLD,12/08/2011,165.976,"11,734,425"
GLD,12/09/2011,166.4,"8,354,152"
GLD,12/12/2011,161.99,"15,339,343"
GLD,12/13/2011,158.45,"25,040,377"
GLD,12/14/2011,152.89,"42,334,374"
GLD,12/15/2011,152.33,"21,521,849"
GLD,12/16/2011,155.23,"18,126,351"
GLD,12/19/2011,154.87,"12,547,275"
GLD,12/20/2011,156.98,"9,142,414"
GLD,12/21/2011,157.16,"12,005,865"
GLD,12/22/2011,156.04,"9,891,935"
GLD,12/23/2011,156.31,"3,565,685"
GLD,12/27/2011,154.91,"4,924,081"
GLD,12/28/2011,151.03,"16,436,044"
GLD,12/29/2011,150.34,"19,812,135"
GLD,12/30/2011,151.99,"10,853,357"
GLD,01/03/2012,155.92,"13,385,730"
GLD,01/04/2012,156.71,"11,549,683"
GLD,01/05/2012,157.78,"11,621,502"
GLD,01/06/2012,157.2,"9,792,731"
GLD,01/09/2012,156.5,"8,774,676"
GLD,01/10/2012,158.64,"8,371,402"
GLD,01/11/2012,159.67,"7,971,270"
GLD,01/12/2012,160.38,"8,605,949"
GLD,01/13/2012,159.26,"8,911,829"
GLD,01/17/2012,160.5,"8,313,292"
GLD,01/18/2012,161.6,"9,341,192"
GLD,01/19/2012,161.22,"8,119,449"
GLD,01/20/2012,162.07,"11,618,831"
GLD,01/23/2012,163.16,"8,839,091"
GLD,01/24/2012,162.01,"7,502,856"
GLD,01/25/2012,166.42,"28,957,659"
GLD,01/26/2012,167.27,"19,143,722"
GLD,01/27/2012,168.97,"13,031,828"
GLD,01/30/2012,168.03,"8,437,990"
GLD,01/31/2012,169.31,"11,192,474"
GLD,02/01/2012,169.56,"7,734,104"
GLD,02/02/2012,171.05,"11,517,557"
GLD,02/03/2012,167.64,"23,362,530"
GLD,02/06/2012,167.18,"8,807,402"
GLD,02/07/2012,169.7,"11,620,888"
GLD,02/08/2012,168.5,"10,655,466"
GLD,02/09/2012,168.02,"16,085,109"
GLD,02/10/2012,167.14,"10,327,533"
GLD,02/13/2012,167.51,"7,092,270"
GLD,02/14/2012,167.12,"7,871,503"
GLD,02/15/2012,168.108,"11,639,880"
GLD,02/16/2012,168,"10,733,911"
GLD,02/17/2012,167.35,"7,287,087"
GLD,02/21/2012,171.02,"13,611,184"
GLD,02/22/2012,172.94,"16,676,496"
GLD,02/23/2012,173.02,"11,654,196"
GLD,02/24/2012,172.231,"9,295,621"
GLD,02/27/2012,171.7,"7,348,145"
GLD,02/28/2012,173.49,"12,422,425"
GLD,02/29/2012,164.286,"44,149,002"
GLD,03/01/2012,166.61,"19,208,830"
GLD,03/02/2012,166.34,"9,301,039"
GLD,03/05/2012,165.65,"12,076,852"
GLD,03/06/2012,162.7,"15,541,537"
GLD,03/07/2012,163.63,"9,557,174"
GLD,03/08/2012,165.28,"8,861,838"
GLD,03/09/2012,166.3799,"13,700,545"
GLD,03/12/2012,165.07,"6,532,962"
GLD,03/13/2012,162.3,"20,046,965"
GLD,03/14/2012,159.57,"28,826,491"
GLD,03/15/2012,161.08,"12,693,247"
GLD,03/16/2012,161.3,"12,549,955"
GLD,03/19/2012,161.59,"9,923,616"
GLD,03/20/2012,160.13,"11,646,213"
GLD,03/21/2012,160.21,"6,676,989"
GLD,03/22/2012,159.57,"11,110,266"
GLD,03/23/2012,161.5329,"10,689,781"
GLD,03/26/2012,164.4,"13,226,682"
GLD,03/27/2012,163.24,"10,915,616"
GLD,03/28/2012,161.51,"11,015,052"
GLD,03/29/2012,161.28,"11,029,511"
GLD,03/30/2012,162.12,"7,534,085"
GLD,04/02/2012,162.94,"7,546,838"
GLD,04/03/2012,159.89,"16,825,944"
GLD,04/04/2012,157.21,"15,982,621"
GLD,04/05/2012,158.31,"8,969,414"
GLD,04/09/2012,159.37,"8,252,560"
GLD,04/10/2012,161.1,"14,290,537"
GLD,04/11/2012,161.065,"10,006,795"
GLD,04/12/2012,162.7,"9,232,566"
GLD,04/13/2012,160.85,"10,041,541"
GLD,04/16/2012,160.46,"6,672,052"
GLD,04/17/2012,160.27,"7,587,036"
GLD,04/18/2012,159.31,"7,465,205"
GLD,04/19/2012,159.43,"9,917,181"
GLD,04/20/2012,159.54,"9,149,353"
GLD,04/23/2012,159.07,"8,880,963"
GLD,04/24/2012,159.3,"5,201,496"
GLD,04/25/2012,159.62,"15,099,487"
GLD,04/26/2012,161.03,"10,919,976"
GLD,04/27/2012,161.38,"8,379,248"
GLD,04/30/2012,161.88,"8,013,886"
GLD,05/01/2012,161.32,"7,418,787"
GLD,05/02/2012,160.59,"5,637,825"
GLD,05/03/2012,158.97,"13,176,788"
GLD,05/04/2012,159.47,"11,390,544"
GLD,05/07/2012,159.08,"4,927,777"
GLD,05/08/2012,156,"17,858,262"
GLD,05/09/2012,154.47,"13,870,520"
GLD,05/10/2012,154.77,"7,462,416"
GLD,05/11/2012,153.56,"8,286,155"
GLD,05/14/2012,151.33,"13,392,856"
GLD,05/15/2012,149.74,"13,363,036"
GLD,05/16/2012,149.46,"16,759,153"
GLD,05/17/2012,152.8,"18,086,330"
GLD,05/18/2012,154.55,"12,996,222"
GLD,05/21/2012,154.65,"7,542,312"
GLD,05/22/2012,152.08,"11,309,547"
GLD,05/23/2012,151.62,"18,854,416"
GLD,05/24/2012,151.41,"9,701,115"
GLD,05/25/2012,152.68,"6,214,306"
GLD,05/29/2012,151.02,"11,246,608"
GLD,05/30/2012,151.91,"16,771,048"
GLD,05/31/2012,151.62,"10,116,274"
GLD,06/01/2012,157.5,"27,408,031"
GLD,06/04/2012,157.32,"11,463,574"
GLD,06/05/2012,157.14,"8,095,217"
GLD,06/06/2012,157.21,"15,771,539"
GLD,06/07/2012,154.5,"18,925,632"
GLD,06/08/2012,154.73,"11,077,296"
GLD,06/11/2012,155.36,"9,166,593"
GLD,06/12/2012,156.4594,"13,248,766"
GLD,06/13/2012,157.12,"10,111,309"
GLD,06/14/2012,157.75,"11,508,275"
GLD,06/15/2012,157.84,"13,099,905"
GLD,06/18/2012,157.93,"6,733,818"
GLD,06/19/2012,157.16,"6,946,950"
GLD,06/20/2012,155.97,"16,975,699"
GLD,06/21/2012,152.015,"14,449,902"
GLD,06/22/2012,152.64,"6,755,920"
GLD,06/25/2012,153.76,"6,190,122"
GLD,06/26/2012,152.62,"6,123,864"
GLD,06/27/2012,152.83,"4,840,649"
GLD,06/28/2012,151.05,"8,757,976"
GLD,06/29/2012,155.19,"10,378,677"
GLD,07/02/2012,155.09,"3,656,938"
GLD,07/03/2012,157.46,"5,037,638"
GLD,07/05/2012,155.68,"5,363,448"
GLD,07/06/2012,153.71,"7,047,172"
GLD,07/09/2012,154.04,"4,469,753"
GLD,07/10/2012,152.15,"9,747,832"
GLD,07/11/2012,152.99,"6,841,266"
GLD,07/12/2012,152.59,"11,401,938"
GLD,07/13/2012,154.14,"5,081,627"
GLD,07/16/2012,154.21,"5,712,180"
GLD,07/17/2012,153.47,"13,025,511"
GLD,07/18/2012,153.05,"6,810,530"
GLD,07/19/2012,153.38,"6,074,072"
GLD,07/20/2012,153.67,"8,584,144"
GLD,07/23/2012,153.03,"5,258,026"
GLD,07/24/2012,153.52,"6,538,898"
GLD,07/25/2012,155.67,"9,359,439"
GLD,07/26/2012,156.77,"7,343,552"
GLD,07/27/2012,157.54,"9,772,627"
GLD,07/30/2012,157.43,"7,212,323"
GLD,07/31/2012,156.49,"10,922,929"
GLD,08/01/2012,155.14,"12,715,531"
GLD,08/02/2012,154.13,"11,541,460"
GLD,08/03/2012,155.55,"10,670,687"
GLD,08/06/2012,156.3,"4,611,957"
GLD,08/07/2012,156.28,"5,926,075"
GLD,08/08/2012,156.48,"3,621,101"
GLD,08/09/2012,156.99,"3,181,289"
GLD,08/10/2012,157.18,"4,607,931"
GLD,08/13/2012,155.99,"4,574,544"
GLD,08/14/2012,155.13,"5,077,288"
GLD,08/15/2012,155.63,"4,993,836"
GLD,08/16/2012,156.56,"8,839,173"
GLD,08/17/2012,156.72,"7,812,003"
GLD,08/20/2012,157.26,"7,847,653"
GLD,08/21/2012,158.83,"11,840,966"
GLD,08/22/2012,160.54,"13,605,891"
GLD,08/23/2012,161.89,"17,237,596"
GLD,08/24/2012,161.97,"8,498,884"
GLD,08/27/2012,161.36,"5,381,661"
GLD,08/28/2012,161.64,"5,076,681"
GLD,08/29/2012,160.59,"9,287,659"
GLD,08/30/2012,160.52,"5,814,388"
GLD,08/31/2012,164.22,"18,026,335"
GLD,09/04/2012,164.48,"12,040,823"
GLD,09/05/2012,164.31,"8,404,698"
GLD,09/06/2012,164.89,"12,967,068"
GLD,09/07/2012,168.44,"19,140,036"
GLD,09/10/2012,167.29,"7,765,406"
GLD,09/11/2012,167.9,"7,524,037"
GLD,09/12/2012,167.92,"9,946,205"
GLD,09/13/2012,171.31,"28,336,807"
GLD,09/14/2012,171.8,"16,848,732"
GLD,09/17/2012,170.4,"11,284,774"
GLD,09/18/2012,171.72,"12,486,512"
GLD,09/19/2012,171.74,"9,126,852"
GLD,09/20/2012,171.47,"8,707,693"
GLD,09/21/2012,171.96,"13,362,739"
GLD,09/24/2012,171.05,"9,181,995"
GLD,09/25/2012,170.77,"10,365,205"
GLD,09/26/2012,169.81,"12,068,149"
GLD,09/27/2012,172.34,"10,540,851"
GLD,09/28/2012,171.89,"9,683,631"
GLD,10/01/2012,172.295,"10,679,408"
GLD,10/02/2012,172.1,"7,057,027"
GLD,10/03/2012,172.41,"5,653,766"
GLD,10/04/2012,173.61,"10,379,222"
GLD,10/05/2012,172.62,"8,871,226"
GLD,10/08/2012,172.05,"3,750,943"
GLD,10/09/2012,170.99,"7,755,671"
GLD,10/10/2012,170.84,"7,365,329"
GLD,10/11/2012,171.32,"5,716,851"
GLD,10/12/2012,170.06,"8,267,221"
GLD,10/15/2012,168.35,"10,711,012"
GLD,10/16/2012,169.42,"6,208,398"
GLD,10/17/2012,169.54,"5,203,352"
GLD,10/18/2012,168.7891,"6,612,656"
GLD,10/19/2012,166.97,"13,861,459"
GLD,10/22/2012,167.58,"6,371,628"
GLD,10/23/2012,165.4258,"11,892,484"
GLD,10/24/2012,164.8603,"10,794,799"
GLD,10/25/2012,166.02,"7,015,538"
GLD,10/26/2012,165.93,"6,441,756"
GLD,10/31/2012,166.83,"4,682,926"
GLD,11/01/2012,166.07,"6,021,021"
GLD,11/02/2012,162.6,"14,763,525"
GLD,11/05/2012,163.23,"6,158,684"
GLD,11/06/2012,166.3,"16,051,729"
GLD,11/07/2012,166.49,"13,198,270"
GLD,11/08/2012,167.99,"8,828,984"
GLD,11/09/2012,167.82,"7,361,849"
GLD,11/12/2012,167.45,"5,652,156"
GLD,11/13/2012,167.1,"6,471,314"
GLD,11/14/2012,167.14,"8,513,623"
GLD,11/15/2012,166.09,"10,023,202"
GLD,11/16/2012,165.88,"6,944,889"
GLD,11/19/2012,167.87,"6,771,690"
GLD,11/20/2012,167.39,"5,502,104"
GLD,11/21/2012,167.56,"3,811,125"
GLD,11/23/2012,169.61,"6,110,069"
GLD,11/26/2012,169.43,"5,377,750"
GLD,11/27/2012,168.71,"7,320,515"
GLD,11/28/2012,166.55,"12,881,772"
GLD,11/29/2012,167.1817,"7,447,145"
GLD,11/30/2012,166.05,"8,414,250"
GLD,12/03/2012,166.1267,"6,364,533"
GLD,12/04/2012,164.42,"10,212,309"
GLD,12/05/2012,164.12,"10,649,108"
GLD,12/06/2012,164.5,"7,301,571"
GLD,12/07/2012,165.165,"7,290,613"
GLD,12/10/2012,165.8,"4,649,159"
GLD,12/11/2012,165.65,"4,725,750"
GLD,12/12/2012,165.77,"14,172,339"
GLD,12/13/2012,164.37,"9,333,254"
GLD,12/14/2012,164.13,"5,352,140"
GLD,12/17/2012,164.44,"8,177,388"
GLD,12/18/2012,162.08,"24,000,528"
GLD,12/19/2012,161.69,"12,995,517"
GLD,12/20/2012,159.73,"25,148,775"
GLD,12/21/2012,160.33,"13,445,841"
GLD,12/24/2012,160.62,"3,699,741"
GLD,12/26/2012,160.78,"4,967,628"
GLD,12/27/2012,161.16,"8,938,697"
GLD,12/28/2012,160.54,"6,854,193"
GLD,12/31/2012,162.0204,"11,789,684"
GLD,01/02/2013,163.17,"10,436,878"
GLD,01/03/2013,161.2,"16,117,494"
GLD,01/04/2013,160.44,"19,179,855"
GLD,01/07/2013,159.43,"9,362,473"
GLD,01/08/2013,160.56,"7,696,233"
GLD,01/09/2013,160.49,"8,337,073"
GLD,01/10/2013,161.98,"11,432,561"
GLD,01/11/2013,161.06,"13,676,627"
GLD,01/14/2013,161.54,"7,289,790"
GLD,01/15/2013,162.558,"10,085,279"
GLD,01/16/2013,162.65,"9,219,229"
GLD,01/17/2013,163.35,"14,913,402"
GLD,01/18/2013,163.09,"10,038,832"
GLD,01/22/2013,163.67,"8,590,883"
GLD,01/23/2013,163.21,"6,698,624"
GLD,01/24/2013,161.42,"13,191,991"
GLD,01/25/2013,160.65,"9,037,761"
GLD,01/28/2013,160.29,"8,497,269"
GLD,01/29/2013,160.99,"7,366,469"
GLD,01/30/2013,162.19,"12,015,935"
GLD,01/31/2013,161.2,"9,336,017"
GLD,02/01/2013,161.45,"12,904,577"
GLD,02/04/2013,162,"7,360,341"
GLD,02/05/2013,161.96,"8,979,388"
GLD,02/06/2013,162.39,"6,147,987"
GLD,02/07/2013,161.84,"12,828,577"
GLD,02/08/2013,161.57,"6,086,536"
GLD,02/11/2013,159.7,"12,147,328"
GLD,02/12/2013,159.89,"7,632,726"
GLD,02/13/2013,159.05,"8,962,733"
GLD,02/14/2013,158.348,"12,415,060"
GLD,02/15/2013,155.76,"23,374,857"
GLD,02/19/2013,155.33,"11,809,396"
GLD,02/20/2013,151.44,"30,923,937"
GLD,02/21/2013,152.62,"17,970,034"
GLD,02/22/2013,152.97,"10,093,910"
GLD,02/25/2013,154.34,"9,488,190"
GLD,02/26/2013,156.22,"18,182,736"
GLD,02/27/2013,154.57,"9,604,799"
GLD,02/28/2013,153,"14,866,488"
GLD,03/01/2013,152.44,"11,179,550"
GLD,03/04/2013,152.3,"6,643,752"
GLD,03/05/2013,152.38,"10,805,639"
GLD,03/06/2013,153.23,"10,862,679"
GLD,03/07/2013,152.69,"6,593,847"
GLD,03/08/2013,152.71,"11,860,089"
GLD,03/11/2013,152.99,"4,810,698"
GLD,03/12/2013,154.19,"7,265,976"
GLD,03/13/2013,153.66,"7,436,946"
GLD,03/14/2013,153.68,"11,420,238"
GLD,03/15/2013,154.001,"5,701,573"
GLD,03/18/2013,155.38,"9,303,073"
GLD,03/19/2013,156.08,"11,027,603"
GLD,03/20/2013,155.37,"8,221,933"
GLD,03/21/2013,156.246,"4,992,610"
GLD,03/22/2013,155.55,"4,746,376"
GLD,03/25/2013,155.24,"6,820,543"
GLD,03/26/2013,154.72,"7,389,042"
GLD,03/27/2013,155.36,"6,718,518"
GLD,03/28/2013,154.47,"6,851,500"
GLD,04/01/2013,154.67,"4,289,036"
GLD,04/02/2013,152.43,"9,398,854"
GLD,04/03/2013,150.73,"15,740,715"
GLD,04/04/2013,150.29,"12,429,897"
GLD,04/05/2013,152.81,"14,491,938"
GLD,04/08/2013,152.16,"6,246,884"
GLD,04/09/2013,153.34,"7,047,106"
GLD,04/10/2013,150.75,"18,515,671"
GLD,04/11/2013,151.05,"8,063,117"
GLD,04/12/2013,143.95,"55,601,767"
GLD,04/15/2013,131.31,"93,804,143"
GLD,04/16/2013,132.8,"45,650,754"
GLD,04/17/2013,132.87,"25,444,017"
GLD,04/18/2013,134.3,"20,044,070"
GLD,04/19/2013,135.47,"15,666,375"
GLD,04/22/2013,137.9,"16,572,848"
GLD,04/23/2013,136.88,"14,650,666"
GLD,04/24/2013,138.3699,"10,372,520"
GLD,04/25/2013,141.63,"18,895,395"
GLD,04/26/2013,140.91,"19,313,588"
GLD,04/29/2013,142.3,"11,006,186"
GLD,04/30/2013,142.77,"11,287,217"
GLD,05/01/2013,141.11,"13,939,146"
GLD,05/02/2013,141.92,"11,504,268"
GLD,05/03/2013,142.09,"11,671,919"
GLD,05/06/2013,142.15,"7,734,080"
GLD,05/07/2013,140.38,"13,630,084"
GLD,05/08/2013,142.46,"11,163,083"
GLD,05/09/2013,140.81,"8,265,283"
GLD,05/10/2013,139.6,"14,657,797"
GLD,05/13/2013,138.43,"6,719,359"
GLD,05/14/2013,137.81,"9,897,149"
GLD,05/15/2013,134.63,"19,068,467"
GLD,05/16/2013,134.09,"12,761,978"
GLD,05/17/2013,131.07,"20,349,768"
GLD,05/20/2013,135.12,"21,593,907"
GLD,05/21/2013,132.88,"14,542,459"
GLD,05/22/2013,131.94,"25,982,357"
GLD,05/23/2013,134.61,"10,272,774"
GLD,05/24/2013,133.76,"5,522,984"
GLD,05/28/2013,133.49,"12,466,648"
GLD,05/29/2013,134.83,"8,765,194"
GLD,05/30/2013,136.7,"8,612,081"
GLD,05/31/2013,133.92,"9,726,565"
GLD,06/03/2013,136.51,"9,176,632"
GLD,06/04/2013,135.23,"5,506,215"
GLD,06/05/2013,135.52,"7,444,993"
GLD,06/06/2013,136.53,"9,848,311"
GLD,06/07/2013,133.28,"11,057,790"
GLD,06/10/2013,133.94,"6,142,740"
GLD,06/11/2013,133.25,"7,201,203"
GLD,06/12/2013,134.25,"6,552,182"
GLD,06/13/2013,133.74,"7,164,767"
GLD,06/14/2013,134.43,"4,279,367"
GLD,06/17/2013,133.77,"4,077,112"
GLD,06/18/2013,132.13,"7,381,824"
GLD,06/19/2013,130.59,"13,017,729"
GLD,06/20/2013,123.6,"28,872,053"
GLD,06/21/2013,125.05,"16,602,084"
GLD,06/24/2013,123.93,"12,751,715"
GLD,06/25/2013,123.47,"9,373,477"
GLD,06/26/2013,118.28,"24,748,762"
GLD,06/27/2013,115.94,"30,001,808"
GLD,06/28/2013,119.11,"32,986,544"
GLD,07/01/2013,121.13,"15,952,483"
GLD,07/02/2013,120.05,"10,553,431"
GLD,07/03/2013,120.74,"6,750,238"
GLD,07/05/2013,118.09,"11,593,512"
GLD,07/08/2013,119.51,"8,654,731"
GLD,07/09/2013,120.62,"8,203,008"
GLD,07/10/2013,120.95,"14,697,064"
GLD,07/11/2013,124.24,"11,282,193"
GLD,07/12/2013,124.13,"6,584,026"
GLD,07/15/2013,124.18,"4,134,878"
GLD,07/16/2013,124.89,"5,579,678"
GLD,07/17/2013,123.32,"10,887,041"
GLD,07/18/2013,124.01,"6,152,047"
GLD,07/19/2013,125.11,"5,768,261"
GLD,07/22/2013,128.84,"10,858,299"
GLD,07/23/2013,129.71,"8,826,014"
GLD,07/24/2013,127.48,"9,979,036"
GLD,07/25/2013,128.67,"4,725,104"
GLD,07/26/2013,128.78,"6,149,386"
GLD,07/29/2013,128.47,"3,558,052"
GLD,07/30/2013,128.12,"4,489,261"
GLD,07/31/2013,127.96,"16,016,251"
GLD,08/01/2013,126.61,"10,564,258"
GLD,08/02/2013,126.36,"6,466,232"
GLD,08/05/2013,125.7,"4,007,090"
GLD,08/06/2013,123.97,"6,021,417"
GLD,08/07/2013,124.15,"5,306,329"
GLD,08/08/2013,126.86,"8,661,287"
GLD,08/09/2013,126.86,"6,194,029"
GLD,08/12/2013,129.13,"7,422,561"
GLD,08/13/2013,127.74,"7,339,540"
GLD,08/14/2013,129,"8,713,159"
GLD,08/15/2013,131.69,"17,226,250"
GLD,08/16/2013,132.58,"14,447,036"
GLD,08/19/2013,132.01,"8,120,303"
GLD,08/20/2013,132.45,"7,809,099"
GLD,08/21/2013,132.07,"10,726,614"
GLD,08/22/2013,132.81,"5,742,699"
GLD,08/23/2013,134.9,"11,623,318"
GLD,08/26/2013,135.45,"7,692,077"
GLD,08/27/2013,136.75,"11,283,235"
GLD,08/28/2013,136.71,"13,652,143"
GLD,08/29/2013,135.87,"7,943,156"
GLD,08/30/2013,134.62,"7,689,483"
GLD,09/03/2013,136.42,"8,101,531"
GLD,09/04/2013,134.66,"7,789,181"
GLD,09/05/2013,132.2,"11,126,269"
GLD,09/06/2013,134.15,"8,449,142"
GLD,09/09/2013,133.91,"5,090,471"
GLD,09/10/2013,131.74,"8,433,006"
GLD,09/11/2013,131.7,"5,049,932"
GLD,09/12/2013,127.67,"12,943,984"
GLD,09/13/2013,127.82,"12,060,317"
GLD,09/16/2013,126.45,"9,987,682"
GLD,09/17/2013,126.5,"8,135,454"
GLD,09/18/2013,132.01,"24,825,331"
GLD,09/19/2013,131.75,"14,353,863"
GLD,09/20/2013,127.96,"19,558,103"
GLD,09/23/2013,127.55,"7,425,634"
GLD,09/24/2013,127.66,"7,350,109"
GLD,09/25/2013,128.79,"7,519,080"
GLD,09/26/2013,127.79,"9,492,821"
GLD,09/27/2013,128.97,"7,454,162"
GLD,09/30/2013,128.18,"8,982,403"
GLD,10/01/2013,124.59,"16,721,143"
GLD,10/02/2013,127.06,"11,997,201"
GLD,10/03/2013,127.18,"11,632,916"
GLD,10/04/2013,126.53,"6,924,926"
GLD,10/07/2013,127.64,"6,737,848"
GLD,10/08/2013,127.4,"6,999,743"
GLD,10/09/2013,126.11,"10,707,749"
GLD,10/10/2013,124.27,"10,523,560"
GLD,10/11/2013,122.6,"15,972,630"
GLD,10/14/2013,122.83,"6,118,213"
GLD,10/15/2013,123.73,"8,384,160"
GLD,10/16/2013,123.54,"8,525,277"
GLD,10/17/2013,127.42,"11,785,088"
GLD,10/18/2013,126.85,"5,350,480"
GLD,10/21/2013,126.98,"3,395,173"
GLD,10/22/2013,129.34,"8,852,593"
GLD,10/23/2013,128.69,"5,099,155"
GLD,10/24/2013,129.9,"10,225,798"
GLD,10/25/2013,130.46,"8,771,039"
GLD,10/28/2013,130.56,"6,817,414"
GLD,10/29/2013,129.77,"5,334,537"
GLD,10/30/2013,129.6,"8,895,989"
GLD,10/31/2013,127.74,"7,753,276"
GLD,11/01/2013,126.95,"9,571,847"
GLD,11/04/2013,126.81,"3,819,272"
GLD,11/05/2013,126.56,"4,942,373"
GLD,11/06/2013,127.2,"3,544,927"
GLD,11/07/2013,126.16,"7,700,172"
GLD,11/08/2013,124.279,"8,427,259"
GLD,11/11/2013,123.87,"3,277,698"
GLD,11/12/2013,122.45,"7,705,623"
GLD,11/13/2013,122.85,"5,966,976"
GLD,11/14/2013,124.27,"7,669,667"
GLD,11/15/2013,124.32,"4,664,240"
GLD,11/18/2013,122.9,"6,241,279"
GLD,11/19/2013,122.95,"3,666,451"
GLD,11/20/2013,120.12,"14,281,010"
GLD,11/21/2013,119.94,"7,562,937"
GLD,11/22/2013,119.92,"6,776,461"
GLD,11/25/2013,120.46,"7,271,846"
GLD,11/26/2013,119.82,"9,053,320"
GLD,11/27/2013,119.46,"6,144,568"
GLD,11/29/2013,120.7,"2,364,671"
GLD,12/02/2013,117.58,"10,297,128"
GLD,12/03/2013,117.96,"7,004,847"
GLD,12/04/2013,119.96,"9,110,691"
GLD,12/05/2013,118.3,"10,254,676"
GLD,12/06/2013,118.55,"7,910,040"
GLD,12/09/2013,119.72,"5,510,392"
GLD,12/10/2013,121.82,"9,164,469"
GLD,12/11/2013,120.86,"9,934,908"
GLD,12/12/2013,118.29,"8,810,811"
GLD,12/13/2013,119.38,"6,484,891"
GLD,12/16/2013,119.69,"8,193,324"
GLD,12/17/2013,118.65,"8,589,144"
GLD,12/18/2013,117.61,"16,265,046"
GLD,12/19/2013,114.82,"15,984,757"
GLD,12/20/2013,115.94,"14,697,716"
GLD,12/23/2013,115.57,"6,244,146"
GLD,12/24/2013,116.1,"3,353,940"
GLD,12/26/2013,116.74,"3,868,528"
GLD,12/27/2013,117.12,"4,207,991"
GLD,12/30/2013,115.39,"6,713,023"
GLD,12/31/2013,116.12,"12,838,233"
GLD,01/02/2014,118,"7,570,508"
GLD,01/03/2014,119.29,"5,879,119"
GLD,01/06/2014,119.5,"10,107,731"
GLD,01/07/2014,118.82,"6,435,823"
GLD,01/08/2014,118.12,"7,432,317"
GLD,01/09/2014,118.46,"3,972,991"
GLD,01/10/2014,120.26,"7,994,809"
GLD,01/13/2014,121.02,"5,877,632"
GLD,01/14/2014,119.89,"7,506,301"
GLD,01/15/2014,119.66,"5,476,409"
GLD,01/16/2014,119.79,"3,950,105"
GLD,01/17/2014,120.93,"7,926,430"
GLD,01/21/2014,119.7,"6,765,085"
GLD,01/22/2014,119.19,"4,898,314"
GLD,01/23/2014,121.79,"11,038,741"
GLD,01/24/2014,122.29,"8,540,453"
GLD,01/27/2014,120.96,"7,533,917"
GLD,01/28/2014,120.95,"5,156,327"
GLD,01/29/2014,122.47,"12,262,531"
GLD,01/30/2014,119.77,"8,752,038"
GLD,01/31/2014,120.09,"7,984,890"
GLD,02/03/2014,121.32,"9,270,176"
GLD,02/04/2014,120.99,"7,029,192"
GLD,02/05/2014,121.29,"6,801,879"
GLD,02/06/2014,121.24,"4,748,431"
GLD,02/07/2014,122.17,"6,683,018"
GLD,02/10/2014,122.92,"7,937,659"
GLD,02/11/2014,124.36,"11,558,005"
GLD,02/12/2014,124.43,"6,654,131"
GLD,02/13/2014,125.49,"9,263,314"
GLD,02/14/2014,127.15,"11,180,946"
GLD,02/18/2014,127.4,"7,690,800"
GLD,02/19/2014,126.27,"9,390,584"
GLD,02/20/2014,127.6,"10,578,232"
GLD,02/21/2014,127.58,"7,306,796"
GLD,02/24/2014,128.99,"12,116,210"
GLD,02/25/2014,129.21,"5,787,114"
GLD,02/26/2014,128.11,"7,057,157"
GLD,02/27/2014,128.2,"5,067,646"
GLD,02/28/2014,127.62,"10,588,738"
GLD,03/03/2014,130.29,"11,785,006"
GLD,03/04/2014,128.68,"6,350,420"
GLD,03/05/2014,128.89,"4,880,728"
GLD,03/06/2014,130.17,"5,417,902"
GLD,03/07/2014,129.09,"7,577,498"
GLD,03/10/2014,129.13,"4,170,499"
GLD,03/11/2014,129.86,"7,295,113"
GLD,03/12/2014,131.76,"11,107,630"
GLD,03/13/2014,132.21,"8,007,721"
GLD,03/14/2014,133.1,"11,949,426"
GLD,03/17/2014,131.64,"14,630,110"
GLD,03/18/2014,130.62,"6,424,385"
GLD,03/19/2014,128.09,"12,932,862"
GLD,03/20/2014,127.86,"7,690,848"
GLD,03/21/2014,128.47,"7,246,489"
GLD,03/24/2014,126.18,"13,076,493"
GLD,03/25/2014,126.41,"6,567,962"
GLD,03/26/2014,125.41,"8,581,634"
GLD,03/27/2014,124.59,"7,315,310"
GLD,03/28/2014,124.56,"7,253,673"
GLD,03/31/2014,123.61,"12,379,151"
GLD,04/01/2014,123.39,"5,998,286"
GLD,04/02/2014,124.32,"4,907,847"
GLD,04/03/2014,123.92,"3,659,603"
GLD,04/04/2014,125.57,"7,278,979"
GLD,04/07/2014,124.91,"3,969,823"
GLD,04/08/2014,126.09,"6,946,163"
GLD,04/09/2014,126.32,"5,307,863"
GLD,04/10/2014,127.01,"5,008,847"
GLD,04/11/2014,126.93,"4,699,538"
GLD,04/14/2014,127.85,"6,680,185"
GLD,04/15/2014,125.49,"9,970,175"
GLD,04/16/2014,125.54,"4,072,028"
GLD,04/17/2014,124.75,"5,902,491"
GLD,04/21/2014,124.24,"6,579,161"
GLD,04/22/2014,123.78,"6,899,367"
GLD,04/23/2014,123.76,"3,741,184"
GLD,04/24/2014,124.56,"8,755,120"
GLD,04/25/2014,125.43,"7,025,124"
GLD,04/28/2014,124.88,"4,898,101"
GLD,04/29/2014,124.86,"5,241,798"
GLD,04/30/2014,124.22,"10,354,278"
GLD,05/01/2014,123.8,"6,687,796"
GLD,05/02/2014,125.06,"9,914,822"
GLD,05/05/2014,126.22,"5,202,763"
GLD,05/06/2014,125.98,"3,488,007"
GLD,05/07/2014,124.17,"8,471,166"
GLD,05/08/2014,124.17,"3,696,147"
GLD,05/09/2014,124.1,"3,119,978"
GLD,05/12/2014,124.94,"4,025,958"
GLD,05/13/2014,124.6,"2,643,478"
GLD,05/14/2014,125.81,"4,018,583"
GLD,05/15/2014,124.77,"5,862,519"
GLD,05/16/2014,124.5,"4,052,154"
GLD,05/19/2014,124.58,"3,903,200"
GLD,05/20/2014,124.69,"3,771,117"
GLD,05/21/2014,124.39,"6,848,002"
GLD,05/22/2014,124.67,"3,458,801"
GLD,05/23/2014,124.51,"2,206,288"
GLD,05/27/2014,121.85,"10,905,402"
GLD,05/28/2014,121.2,"6,741,191"
GLD,05/29/2014,120.94,"5,555,563"
GLD,05/30/2014,120.43,"8,753,575"
GLD,06/02/2014,119.7,"5,923,679"
GLD,06/03/2014,120.01,"5,010,345"
GLD,06/04/2014,119.76,"3,861,805"
GLD,06/05/2014,120.66,"4,183,681"
GLD,06/06/2014,120.61,"4,808,750"
GLD,06/09/2014,120.65,"2,789,577"
GLD,06/10/2014,121.39,"3,561,677"
GLD,06/11/2014,121.41,"3,573,593"
GLD,06/12/2014,122.64,"7,394,697"
GLD,06/13/2014,122.96,"4,026,822"
GLD,06/16/2014,122.42,"5,833,646"
GLD,06/17/2014,122.28,"4,035,098"
GLD,06/18/2014,122.67,"4,604,909"
GLD,06/19/2014,126.94,"24,374,779"
GLD,06/20/2014,126.5,"9,955,149"
GLD,06/23/2014,126.85,"5,142,796"
GLD,06/24/2014,126.98,"6,355,294"
GLD,06/25/2014,126.99,"6,695,428"
GLD,06/26/2014,126.73,"5,531,190"
GLD,06/27/2014,126.66,"4,200,393"
GLD,06/30/2014,128.04,"18,143,018"
GLD,07/01/2014,127.7,"8,148,345"
GLD,07/02/2014,127.7,"5,742,612"
GLD,07/03/2014,127.16,"4,922,466"
GLD,07/07/2014,127.02,"4,636,886"
GLD,07/08/2014,127.07,"6,220,335"
GLD,07/09/2014,127.84,"8,369,851"
GLD,07/10/2014,128.54,"6,314,294"
GLD,07/11/2014,128.78,"4,322,535"
GLD,07/14/2014,125.72,"11,469,917"
GLD,07/15/2014,124.53,"10,548,113"
GLD,07/16/2014,124.97,"4,104,117"
GLD,07/17/2014,127.0899,"11,430,637"
GLD,07/18/2014,126.13,"6,461,677"
GLD,07/21/2014,126.34,"3,303,835"
GLD,07/22/2014,125.74,"3,887,606"
GLD,07/23/2014,125.62,"3,045,018"
GLD,07/24/2014,124.35,"8,118,607"
GLD,07/25/2014,125.791,"5,644,498"
GLD,07/28/2014,125.58,"3,213,705"
GLD,07/29/2014,125.2,"5,270,794"
GLD,07/30/2014,124.83,"5,622,346"
GLD,07/31/2014,123.39,"9,898,582"
GLD,08/01/2014,124.38,"7,397,317"
GLD,08/04/2014,123.99,"6,500,560"
GLD,08/05/2014,123.87,"8,342,542"
GLD,08/06/2014,125.67,"9,327,849"
GLD,08/07/2014,126.18,"7,298,926"
GLD,08/08/2014,126.19,"5,729,316"
GLD,08/11/2014,125.96,"3,165,498"
GLD,08/12/2014,125.99,"4,613,407"
GLD,08/13/2014,126.2,"3,969,676"
GLD,08/14/2014,126.31,"3,348,451"
GLD,08/15/2014,125.483,"13,071,958"
GLD,08/18/2014,124.96,"4,953,347"
GLD,08/19/2014,124.68,"4,878,772"
GLD,08/20/2014,124.22,"4,395,911"
GLD,08/21/2014,122.88,"8,010,459"
GLD,08/22/2014,123.19,"4,739,968"
GLD,08/25/2014,122.74,"5,019,903"
GLD,08/26/2014,123.35,"3,891,112"
GLD,08/27/2014,123.3199,"2,576,944"
GLD,08/28/2014,124,"3,297,757"
GLD,08/29/2014,123.86,"3,684,122"
GLD,09/02/2014,121.65,"10,128,581"
GLD,09/03/2014,122.15,"3,415,925"
GLD,09/04/2014,121.48,"7,310,640"
GLD,09/05/2014,122.06,"3,490,704"
GLD,09/08/2014,120.73,"7,508,620"
GLD,09/09/2014,120.87,"6,157,321"
GLD,09/10/2014,120.26,"7,022,579"
GLD,09/11/2014,119.472,"7,618,266"
GLD,09/12/2014,118.38,"8,129,457"
GLD,09/15/2014,118.64,"4,778,579"
GLD,09/16/2014,118.83,"6,544,481"
GLD,09/17/2014,117.54,"8,328,712"
GLD,09/18/2014,117.78,"5,368,874"
GLD,09/19/2014,117.09,"10,931,243"
GLD,09/22/2014,116.85,"7,602,075"
GLD,09/23/2014,117.6,"4,667,327"
GLD,09/24/2014,117.05,"5,518,416"
GLD,09/25/2014,117.39,"7,640,357"
GLD,09/26/2014,117.06,"4,185,425"
GLD,09/29/2014,117.03,"4,051,047"
GLD,09/30/2014,116.21,"10,174,560"
GLD,10/01/2014,116.77,"7,024,201"
GLD,10/02/2014,116.74,"6,352,009"
GLD,10/03/2014,114.61,"11,304,593"
GLD,10/06/2014,116.03,"7,647,060"
GLD,10/07/2014,116.36,"5,278,476"
GLD,10/08/2014,117.4701,"10,675,551"
GLD,10/09/2014,117.64,"6,612,637"
GLD,10/10/2014,117.59,"4,653,307"
GLD,10/13/2014,118.52,"5,397,633"
GLD,10/14/2014,118.59,"5,180,665"
GLD,10/15/2014,118.99,"9,460,425"
GLD,10/16/2014,119.22,"6,550,140"
GLD,10/17/2014,118.99,"8,060,834"
GLD,10/20/2014,119.8,"3,034,916"
GLD,10/21/2014,120.02,"4,568,269"
GLD,10/22/2014,119.34,"3,741,487"
GLD,10/23/2014,118.52,"6,423,205"
GLD,10/24/2014,118.35,"3,611,311"
GLD,10/27/2014,118.06,"2,445,376"
GLD,10/28/2014,118.1,"3,262,626"
GLD,10/29/2014,116.41,"7,900,772"
GLD,10/30/2014,115.19,"7,852,239"
GLD,10/31/2014,112.66,"18,209,615"
GLD,11/03/2014,112.15,"6,605,175"
GLD,11/04/2014,112.22,"6,430,111"
GLD,11/05/2014,109.79,"13,560,114"
GLD,11/06/2014,109.88,"7,019,854"
GLD,11/07/2014,112.97,"10,916,540"
GLD,11/10/2014,110.46,"8,548,523"
GLD,11/11/2014,112.04,"8,603,165"
GLD,11/12/2014,111.5,"5,133,300"
GLD,11/13/2014,111.67,"4,874,598"
GLD,11/14/2014,114.47,"14,173,586"
GLD,11/17/2014,114.05,"5,440,990"
GLD,11/18/2014,115.05,"5,586,694"
GLD,11/19/2014,113.68,"11,997,742"
GLD,11/20/2014,114.86,"5,607,779"
GLD,11/21/2014,115.39,"6,564,258"
GLD,11/24/2014,115.11,"4,695,022"
GLD,11/25/2014,115.38,"9,051,813"
GLD,11/26/2014,115.16,"3,184,017"
GLD,11/28/2014,112.11,"9,616,332"
GLD,12/01/2014,116.58,"15,643,964"
GLD,12/02/2014,115.14,"6,378,105"
GLD,12/03/2014,116.33,"5,758,821"
GLD,12/04/2014,115.88,"3,623,615"
GLD,12/05/2014,114.43,"6,330,980"
GLD,12/08/2014,115.78,"5,224,491"
GLD,12/09/2014,118.19,"10,467,158"
GLD,12/10/2014,117.96,"4,277,427"
GLD,12/11/2014,117.69,"5,214,467"
GLD,12/12/2014,117.41,"4,736,535"
GLD,12/15/2014,114.39,"8,795,987"
GLD,12/16/2014,114.95,"9,173,964"
GLD,12/17/2014,114.27,"9,097,329"
GLD,12/18/2014,115.15,"5,258,103"
GLD,12/19/2014,114.77,"4,652,333"
GLD,12/22/2014,112.55,"7,483,195"
GLD,12/23/2014,112.74,"7,763,327"
GLD,12/24/2014,112.77,"1,501,552"
GLD,12/26/2014,114.83,"3,765,581"
GLD,12/29/2014,113.67,"12,963,725"
GLD,12/30/2014,115.2,"7,987,311"
GLD,12/31/2014,113.58,"7,624,198"
GLD,01/02/2015,114.08,"7,109,594"
GLD,01/05/2015,115.8,"8,177,350"
GLD,01/06/2015,117.12,"11,238,313"
GLD,01/07/2015,116.43,"6,434,196"
GLD,01/08/2015,115.94,"7,033,675"
GLD,01/09/2015,117.26,"7,962,886"
GLD,01/12/2015,118.56,"8,318,211"
GLD,01/13/2015,118.16,"7,693,200"
GLD,01/14/2015,117.97,"7,727,403"
GLD,01/15/2015,120.94,"17,692,548"
GLD,01/16/2015,122.52,"14,428,223"
GLD,01/20/2015,124.2,"14,968,636"
GLD,01/21/2015,124.23,"11,082,739"
GLD,01/22/2015,125.23,"10,518,355"
GLD,01/23/2015,124.23,"6,270,911"
GLD,01/26/2015,122.99,"6,768,646"
GLD,01/27/2015,124.4,"9,584,838"
GLD,01/28/2015,123.42,"8,470,574"
GLD,01/29/2015,120.76,"11,997,964"
GLD,01/30/2015,123.45,"14,555,862"
GLD,02/02/2015,122.42,"8,885,189"
GLD,02/03/2015,121.05,"8,255,863"
GLD,02/04/2015,121.58,"5,386,747"
GLD,02/05/2015,121.79,"6,879,945"
GLD,02/06/2015,118.64,"13,206,906"
GLD,02/09/2015,119.17,"5,237,181"
GLD,02/10/2015,118.47,"4,086,321"
GLD,02/11/2015,117.07,"6,784,397"
GLD,02/12/2015,117.34,"4,344,444"
GLD,02/13/2015,117.98,"4,108,870"
GLD,02/17/2015,116.01,"7,225,154"
GLD,02/18/2015,116.34,"8,336,029"
GLD,02/19/2015,115.94,"6,528,724"
GLD,02/20/2015,115.28,"6,681,734"
GLD,02/23/2015,115.43,"4,812,393"
GLD,02/24/2015,115.26,"7,612,919"
GLD,02/25/2015,115.7,"5,032,535"
GLD,02/26/2015,116.07,"4,025,356"
GLD,02/27/2015,116.16,"8,255,636"
GLD,03/02/2015,115.68,"7,993,280"
GLD,03/03/2015,115.47,"4,738,347"
GLD,03/04/2015,115.11,"4,762,403"
GLD,03/05/2015,115,"5,872,197"
GLD,03/06/2015,111.86,"11,190,846"
GLD,03/09/2015,111.97,"5,534,011"
GLD,03/10/2015,111.42,"7,019,781"
GLD,03/11/2015,110.75,"6,550,445"
GLD,03/12/2015,110.72,"6,631,459"
GLD,03/13/2015,110.88,"4,557,576"
GLD,03/16/2015,110.81,"3,265,305"
GLD,03/17/2015,110.21,"8,923,264"
GLD,03/18/2015,112.37,"12,448,040"
GLD,03/19/2015,112.29,"6,537,743"
GLD,03/20/2015,113.57,"8,033,444"
GLD,03/23/2015,114.29,"4,240,258"
GLD,03/24/2015,114.57,"2,979,338"
GLD,03/25/2015,114.73,"3,021,437"
GLD,03/26/2015,115.48,"5,495,161"
GLD,03/27/2015,115.06,"4,921,741"
GLD,03/30/2015,113.75,"4,383,858"
GLD,03/31/2015,113.66,"4,383,314"
GLD,04/01/2015,115.6,"7,324,008"
GLD,04/02/2015,115.28,"3,884,072"
GLD,04/06/2015,116.69,"5,914,163"
GLD,04/07/2015,116.11,"2,468,498"
GLD,04/08/2015,115.47,"5,568,527"
GLD,04/09/2015,114.67,"4,707,044"
GLD,04/10/2015,115.966,"3,932,404"
GLD,04/13/2015,115.14,"3,190,149"
GLD,04/14/2015,114.44,"3,651,459"
GLD,04/15/2015,115.43,"3,655,950"
GLD,04/16/2015,115.03,"3,132,336"
GLD,04/17/2015,115.6,"3,496,313"
GLD,04/20/2015,114.72,"3,932,756"
GLD,04/21/2015,115.38,"3,317,715"
GLD,04/22/2015,113.83,"5,695,960"
GLD,04/23/2015,114.66,"3,459,495"
GLD,04/24/2015,113.05,"7,152,913"
GLD,04/27/2015,115.33,"7,487,557"
GLD,04/28/2015,116.33,"8,054,361"
GLD,04/29/2015,115.51,"7,170,477"
GLD,04/30/2015,113.47,"9,440,253"
GLD,05/01/2015,113.08,"7,597,006"
GLD,05/04/2015,114.1,"3,648,052"
GLD,05/05/2015,114.42,"3,856,520"
GLD,05/06/2015,114.36,"3,280,733"
GLD,05/07/2015,113.42,"5,455,090"
GLD,05/08/2015,113.97,"9,964,072"
GLD,05/11/2015,113.53,"2,916,745"
GLD,05/12/2015,114.5,"3,256,715"
GLD,05/13/2015,116.55,"11,768,224"
GLD,05/14/2015,117.18,"6,923,017"
GLD,05/15/2015,117.53,"4,447,333"
GLD,05/18/2015,117.52,"5,079,850"
GLD,05/19/2015,115.89,"5,052,147"
GLD,05/20/2015,116.08,"4,432,556"
GLD,05/21/2015,115.69,"2,514,693"
GLD,05/22/2015,115.6,"1,780,191"
GLD,05/26/2015,113.91,"5,769,580"
GLD,05/27/2015,113.89,"2,681,069"
GLD,05/28/2015,114.02,"5,266,016"
GLD,05/29/2015,114.1,"3,407,489"
GLD,06/01/2015,114,"8,254,034"
GLD,06/02/2015,114.46,"3,988,639"
GLD,06/03/2015,113.64,"4,886,054"
GLD,06/04/2015,112.84,"5,566,618"
GLD,06/05/2015,112.24,"5,561,283"
GLD,06/08/2015,112.57,"3,122,078"
GLD,06/09/2015,112.82,"3,529,924"
GLD,06/10/2015,113.78,"5,452,863"
GLD,06/11/2015,113.26,"4,434,731"
GLD,06/12/2015,113.23,"2,998,483"
GLD,06/15/2015,113.73,"5,055,086"
GLD,06/16/2015,113.32,"4,033,268"
GLD,06/17/2015,113.85,"6,455,983"
GLD,06/18/2015,115.32,"8,041,255"
GLD,06/19/2015,115.12,"4,611,647"
GLD,06/22/2015,113.64,"5,763,662"
GLD,06/23/2015,112.89,"4,522,797"
GLD,06/24/2015,112.59,"2,975,539"
GLD,06/25/2015,112.44,"2,904,711"
GLD,06/26/2015,112.56,"4,392,589"
GLD,06/29/2015,113.07,"5,820,226"
GLD,06/30/2015,112.37,"7,897,042"
GLD,07/01/2015,111.98,"4,409,026"
GLD,07/02/2015,111.76,"3,838,553"
GLD,07/06/2015,112.06,"4,259,775"
GLD,07/07/2015,110.76,"9,073,403"
GLD,07/08/2015,111.09,"5,694,941"
GLD,07/09/2015,111.36,"3,802,857"
GLD,07/10/2015,111.49,"3,594,918"
GLD,07/13/2015,110.99,"4,279,310"
GLD,07/14/2015,110.74,"2,600,955"
GLD,07/15/2015,110.16,"9,286,201"
GLD,07/16/2015,109.76,"4,629,683"
GLD,07/17/2015,108.65,"14,858,273"
GLD,07/20/2015,105.7,"15,751,735"
GLD,07/21/2015,105.37,"10,519,791"
GLD,07/22/2015,104.8,"8,349,201"
GLD,07/23/2015,104.33,"5,779,289"
GLD,07/24/2015,105.35,"11,572,679"
GLD,07/27/2015,104.86,"10,690,142"
GLD,07/28/2015,105.02,"5,549,222"
GLD,07/29/2015,105.17,"5,616,909"
GLD,07/30/2015,104.27,"6,651,960"
GLD,07/31/2015,104.93,"6,689,175"
GLD,08/03/2015,104.1,"3,528,596"
GLD,08/04/2015,104.31,"3,241,016"
GLD,08/05/2015,103.93,"5,041,015"
GLD,08/06/2015,104.39,"3,908,124"
GLD,08/07/2015,104.65,"4,400,915"
GLD,08/10/2015,105.72,"5,892,602"
GLD,08/11/2015,106.26,"4,060,892"
GLD,08/12/2015,107.75,"10,022,547"
GLD,08/13/2015,106.86,"4,761,682"
GLD,08/14/2015,106.85,"3,509,238"
GLD,08/17/2015,107.13,"5,769,080"
GLD,08/18/2015,107.11,"4,121,839"
GLD,08/19/2015,108.55,"7,035,087"
GLD,08/20/2015,110.44,"12,549,017"
GLD,08/21/2015,111.13,"13,917,638"
GLD,08/24/2015,110.53,"18,388,730"
GLD,08/25/2015,109.16,"9,974,186"
GLD,08/26/2015,107.67,"10,856,643"
GLD,08/27/2015,107.73,"8,102,071"
GLD,08/28/2015,108.7,"7,558,923"
GLD,08/31/2015,108.82,"4,532,081"
GLD,09/01/2015,109.2,"7,077,848"
GLD,09/02/2015,108.62,"4,115,731"
GLD,09/03/2015,107.84,"3,913,100"
GLD,09/04/2015,107.49,"4,025,022"
GLD,09/08/2015,107.52,"5,982,061"
GLD,09/09/2015,106.13,"8,855,138"
GLD,09/10/2015,106.38,"6,203,955"
GLD,09/11/2015,106.16,"4,023,894"
GLD,09/14/2015,106.22,"2,350,848"
GLD,09/15/2015,105.9,"2,904,958"
GLD,09/16/2015,107.31,"5,315,633"
GLD,09/17/2015,108.41,"8,403,849"
GLD,09/18/2015,109.21,"6,794,284"
GLD,09/21/2015,108.53,"4,104,752"
GLD,09/22/2015,107.79,"5,483,262"
GLD,09/23/2015,108.22,"2,744,177"
GLD,09/24/2015,110.49,"11,024,343"
GLD,09/25/2015,109.81,"5,209,493"
GLD,09/28/2015,108.42,"3,809,622"
GLD,09/29/2015,107.98,"4,043,592"
GLD,09/30/2015,106.86,"7,405,576"
GLD,10/01/2015,106.73,"4,278,592"
GLD,10/02/2015,108.99,"7,730,647"
GLD,10/05/2015,108.77,"5,490,200"
GLD,10/06/2015,109.86,"7,513,898"
GLD,10/07/2015,109.7,"5,355,489"
GLD,10/08/2015,109.14,"5,038,194"
GLD,10/09/2015,110.87,"7,907,263"
GLD,10/12/2015,111.31,"6,257,945"
GLD,10/13/2015,111.86,"5,149,627"
GLD,10/14/2015,113.81,"10,207,765"
GLD,10/15/2015,113.29,"14,083,929"
GLD,10/16/2015,112.49,"7,328,038"
GLD,10/19/2015,112.02,"3,959,383"
GLD,10/20/2015,112.73,"4,903,225"
GLD,10/21/2015,111.73,"3,908,787"
GLD,10/22/2015,111.69,"3,436,365"
GLD,10/23/2015,111.5,"4,868,351"
GLD,10/26/2015,111.43,"2,573,512"
GLD,10/27/2015,111.68,"2,646,105"
GLD,10/28/2015,110.78,"8,201,197"
GLD,10/29/2015,109.72,"5,150,835"
GLD,10/30/2015,109.3,"5,543,162"
GLD,11/02/2015,108.59,"5,843,311"
GLD,11/03/2015,106.98,"7,145,264"
GLD,11/04/2015,105.97,"7,617,813"
GLD,11/05/2015,105.64,"5,931,124"
GLD,11/06/2015,104.1,"8,831,874"
GLD,11/09/2015,104.4,"4,129,199"
GLD,11/10/2015,104.18,"4,450,764"
GLD,11/11/2015,103.83,"3,527,590"
GLD,11/12/2015,103.85,"6,300,546"
GLD,11/13/2015,103.56,"3,224,207"
GLD,11/16/2015,103.71,"2,951,244"
GLD,11/17/2015,102.34,"8,593,070"
GLD,11/18/2015,102.43,"5,043,766"
GLD,11/19/2015,103.56,"5,087,639"
GLD,11/20/2015,103.09,"5,971,643"
GLD,11/23/2015,102.26,"4,042,473"
GLD,11/24/2015,102.94,"3,479,620"
GLD,11/25/2015,102.46,"2,931,291"
GLD,11/27/2015,101.25,"4,993,553"
GLD,11/30/2015,101.92,"6,772,983"
GLD,12/01/2015,102.28,"4,645,916"
GLD,12/02/2015,100.69,"10,223,492"
GLD,12/03/2015,101.76,"6,499,935"
GLD,12/04/2015,104.02,"10,670,249"
GLD,12/07/2015,102.67,"4,393,461"
GLD,12/08/2015,102.84,"3,412,291"
GLD,12/09/2015,102.64,"6,026,283"
GLD,12/10/2015,102.55,"3,853,545"
GLD,12/11/2015,103.11,"6,798,411"
GLD,12/14/2015,101.79,"5,563,778"
GLD,12/15/2015,101.52,"6,831,064"
GLD,12/16/2015,102.75,"8,292,194"
GLD,12/17/2015,100.5,"10,156,223"
GLD,12/18/2015,102.04,"8,345,864"
GLD,12/21/2015,103.15,"6,378,892"
GLD,12/22/2015,102.61,"4,123,512"
GLD,12/23/2015,102.31,"2,821,380"
GLD,12/24/2015,103.05,"1,710,153"
GLD,12/28/2015,102.27,"3,356,190"
GLD,12/29/2015,102.2,"2,832,238"
GLD,12/30/2015,101.42,"3,744,959"
GLD,12/31/2015,101.46,"3,823,564"
GLD,01/04/2016,102.89,"6,439,982"
GLD,01/05/2016,103.18,"3,500,272"
GLD,01/06/2016,104.67,"9,316,599"
GLD,01/07/2016,106.15,"11,730,376"
GLD,01/08/2016,105.68,"7,678,153"
GLD,01/11/2016,104.74,"6,272,359"
GLD,01/12/2016,104.21,"5,540,231"
GLD,01/13/2016,104.72,"7,324,203"
GLD,01/14/2016,103.02,"9,989,065"
GLD,01/15/2016,104.08,"10,052,735"
GLD,01/19/2016,103.98,"4,588,405"
GLD,01/20/2016,105.37,"10,120,876"
GLD,01/21/2016,105.49,"5,425,032"
GLD,01/22/2016,105,"4,185,326"
GLD,01/25/2016,106.08,"6,819,409"
GLD,01/26/2016,107.29,"8,443,381"
GLD,01/27/2016,107.69,"8,273,353"
GLD,01/28/2016,106.54,"5,914,192"
GLD,01/29/2016,106.9492,"8,098,682"
GLD,02/01/2016,108.05,"10,471,814"
GLD,02/02/2016,108.09,"6,656,018"
GLD,02/03/2016,109.25,"15,785,215"
GLD,02/04/2016,110.57,"13,213,681"
GLD,02/05/2016,112.32,"14,777,267"
GLD,02/08/2016,113.83,"28,341,176"
GLD,02/09/2016,113.58,"18,156,696"
GLD,02/10/2016,114.46,"13,311,118"
GLD,02/11/2016,119.0592,"49,138,983"
GLD,02/12/2016,118.36,"16,981,163"
GLD,02/16/2016,114.77,"14,601,662"
GLD,02/17/2016,115.48,"10,582,440"
GLD,02/18/2016,118.29,"13,586,529"
GLD,02/19/2016,117.58,"15,191,950"
GLD,02/22/2016,115.49,"10,677,842"
GLD,02/23/2016,117.22,"9,033,429"
GLD,02/24/2016,117.61,"17,938,767"
GLD,02/25/2016,117.92,"12,500,275"
GLD,02/26/2016,117.11,"12,505,077"
GLD,02/29/2016,118.64,"11,517,545"
GLD,03/01/2016,117.77,"14,139,278"
GLD,03/02/2016,118.68,"8,903,045"
GLD,03/03/2016,120.73,"18,724,053"
GLD,03/04/2016,120.54,"16,261,054"
GLD,03/07/2016,121.14,"9,358,611"
GLD,03/08/2016,120.58,"11,530,989"
GLD,03/09/2016,119.58,"8,672,862"
GLD,03/10/2016,121.5,"18,104,896"
GLD,03/11/2016,119.41,"10,812,322"
GLD,03/14/2016,117.87,"14,236,159"
GLD,03/15/2016,117.96,"9,941,816"
GLD,03/16/2016,120.59,"17,333,961"
GLD,03/17/2016,120.13,"9,914,349"
GLD,03/18/2016,119.8,"16,965,893"
GLD,03/21/2016,118.96,"7,240,640"
GLD,03/22/2016,119.31,"6,786,752"
GLD,03/23/2016,116.61,"15,993,672"
GLD,03/24/2016,116.33,"6,280,937"
GLD,03/28/2016,116.6,"3,879,076"
GLD,03/29/2016,118.76,"14,472,350"
GLD,03/30/2016,117.1,"10,769,071"
GLD,03/31/2016,117.64,"9,348,249"
GLD,04/01/2016,116.93,"10,405,379"
GLD,04/04/2016,116.15,"7,643,738"
GLD,04/05/2016,117.66,"8,865,906"
GLD,04/06/2016,116.94,"7,549,435"
GLD,04/07/2016,118.61,"11,900,452"
GLD,04/08/2016,118.43,"9,078,874"
GLD,04/11/2016,120.03,"9,845,964"
GLD,04/12/2016,120.05,"9,689,464"
GLD,04/13/2016,118.77,"8,841,545"
GLD,04/14/2016,117.11,"13,165,804"
GLD,04/15/2016,117.92,"7,838,146"
GLD,04/18/2016,117.74,"5,809,803"
GLD,04/19/2016,119.58,"21,031,520"
GLD,04/20/2016,118.97,"10,233,193"
GLD,04/21/2016,119.42,"14,612,767"
GLD,04/22/2016,117.89,"10,047,007"
GLD,04/25/2016,118.23,"4,369,353"
GLD,04/26/2016,118.7,"9,906,835"
GLD,04/27/2016,119.04,"7,976,411"
GLD,04/28/2016,121.29,"15,133,641"
GLD,04/29/2016,123.65,"19,043,902"
GLD,05/02/2016,123.24,"12,137,459"
GLD,05/03/2016,122.96,"9,063,588"
GLD,05/04/2016,122.21,"9,398,242"
GLD,05/05/2016,122.07,"8,846,907"
GLD,05/06/2016,123.18,"11,366,823"
GLD,05/09/2016,120.65,"9,236,166"
GLD,05/10/2016,120.98,"9,844,957"
GLD,05/11/2016,122.12,"7,590,081"
GLD,05/12/2016,121.16,"7,447,120"
GLD,05/13/2016,121.71,"7,672,825"
GLD,05/16/2016,121.8,"7,103,042"
GLD,05/17/2016,122.22,"8,619,848"
GLD,05/18/2016,120.1,"13,381,728"
GLD,05/19/2016,119.87,"14,339,652"
GLD,05/20/2016,119.71,"10,379,355"
GLD,05/23/2016,119.37,"8,628,234"
GLD,05/24/2016,117.3,"12,772,047"
GLD,05/25/2016,116.98,"10,499,963"
GLD,05/26/2016,116.58,"5,893,510"
GLD,05/27/2016,115.62,"8,686,689"
GLD,05/31/2016,116.06,"8,187,605"
GLD,06/01/2016,115.94,"8,399,598"
GLD,06/02/2016,115.67,"4,591,562"
GLD,06/03/2016,118.88,"14,605,056"
GLD,06/06/2016,118.92,"9,887,863"
GLD,06/07/2016,118.82,"4,602,865"
GLD,06/08/2016,120.58,"11,661,736"
GLD,06/09/2016,121.25,"12,173,954"
GLD,06/10/2016,121.74,"13,939,966"
GLD,06/13/2016,122.64,"12,594,223"
GLD,06/14/2016,122.77,"11,651,694"
GLD,06/15/2016,123.68,"15,053,005"
GLD,06/16/2016,122.38,"26,635,004"
GLD,06/17/2016,123.95,"15,573,825"
GLD,06/20/2016,123.21,"11,866,200"
GLD,06/21/2016,120.84,"14,585,633"
GLD,06/22/2016,120.9,"7,861,000"
GLD,06/23/2016,120.11,"10,704,904"
GLD,06/24/2016,126.01,"35,782,892"
GLD,06/27/2016,126.68,"21,400,484"
GLD,06/28/2016,125.32,"16,001,451"
GLD,06/29/2016,125.84,"12,218,444"
GLD,06/30/2016,126.47,"15,981,577"
GLD,07/01/2016,128.41,"14,940,706"
GLD,07/05/2016,129.47,"19,026,247"
GLD,07/06/2016,130.23,"17,376,671"
GLD,07/07/2016,129.74,"16,508,526"
GLD,07/08/2016,130.52,"17,634,218"
GLD,07/11/2016,129.29,"10,855,630"
GLD,07/12/2016,127.15,"26,459,620"
GLD,07/13/2016,128.32,"7,377,686"
GLD,07/14/2016,127.33,"12,132,423"
GLD,07/15/2016,126.84,"13,892,073"
GLD,07/18/2016,127.04,"8,489,677"
GLD,07/19/2016,127.21,"5,170,665"
GLD,07/20/2016,125.39,"11,777,708"
GLD,07/21/2016,127.3,"9,399,212"
GLD,07/22/2016,126.35,"7,716,032"
GLD,07/25/2016,125.47,"13,139,408"
GLD,07/26/2016,126,"7,613,155"
GLD,07/27/2016,128.03,"17,066,363"
GLD,07/28/2016,127.66,"9,261,756"
GLD,07/29/2016,128.98,"13,708,194"
GLD,08/01/2016,129.22,"7,109,898"
GLD,08/02/2016,130.27,"7,652,767"
GLD,08/03/2016,129.65,"5,010,703"
GLD,08/04/2016,129.87,"4,908,131"
GLD,08/05/2016,127.55,"16,205,122"
GLD,08/08/2016,127.44,"6,773,804"
GLD,08/09/2016,127.96,"7,500,421"
GLD,08/10/2016,128.56,"6,196,202"
GLD,08/11/2016,127.67,"9,763,821"
GLD,08/12/2016,127.4,"15,395,846"
GLD,08/15/2016,127.84,"4,530,841"
GLD,08/16/2016,128.47,"8,678,143"
GLD,08/17/2016,128.5,"12,034,752"
GLD,08/18/2016,129.11,"9,500,636"
GLD,08/19/2016,127.97,"10,660,119"
GLD,08/22/2016,127.78,"8,627,222"
GLD,08/23/2016,127.76,"9,038,482"
GLD,08/24/2016,126.34,"13,539,655"
GLD,08/25/2016,126.23,"5,926,294"
GLD,08/26/2016,126.05,"17,967,738"
GLD,08/29/2016,126.3,"5,562,409"
GLD,08/30/2016,125.03,"9,877,044"
GLD,08/31/2016,124.78,"13,324,105"
GLD,09/01/2016,125.29,"12,877,745"
GLD,09/02/2016,126.57,"11,318,572"
GLD,09/06/2016,128.71,"15,115,279"
GLD,09/07/2016,128.27,"8,859,847"
GLD,09/08/2016,127.59,"10,561,791"
GLD,09/09/2016,126.75,"12,485,597"
GLD,09/12/2016,126.59,"11,140,336"
GLD,09/13/2016,125.75,"8,866,372"
GLD,09/14/2016,126.18,"5,820,694"
GLD,09/15/2016,125.37,"12,978,856"
GLD,09/16/2016,125.06,"18,995,065"
GLD,09/19/2016,125.32,"4,959,637"
GLD,09/20/2016,125.44,"5,672,021"
GLD,09/21/2016,127.27,"13,646,448"
GLD,09/22/2016,127.57,"15,188,007"
GLD,09/23/2016,127.65,"7,702,291"
GLD,09/26/2016,127.55,"5,842,740"
GLD,09/27/2016,126.62,"6,220,662"
GLD,09/28/2016,126.22,"6,757,652"
GLD,09/29/2016,126.07,"7,448,407"
GLD,09/30/2016,125.64,"11,204,261"
GLD,10/03/2016,125.32,"9,044,105"
GLD,10/04/2016,120.97,"24,372,722"
GLD,10/05/2016,120.78,"14,718,120"
GLD,10/06/2016,119.66,"17,917,672"
GLD,10/07/2016,119.74,"17,907,270"
GLD,10/10/2016,120.16,"4,514,368"
GLD,10/11/2016,119.55,"6,065,330"
GLD,10/12/2016,119.74,"4,848,622"
GLD,10/13/2016,120.03,"7,184,647"
GLD,10/14/2016,119.36,"6,577,309"
GLD,10/17/2016,119.68,"4,777,878"
GLD,10/18/2016,120.42,"4,919,730"
GLD,10/19/2016,121.11,"6,019,772"
GLD,10/20/2016,120.74,"6,496,724"
GLD,10/21/2016,120.83,"6,707,783"
GLD,10/24/2016,120.56,"5,481,119"
GLD,10/25/2016,121.47,"6,141,110"
GLD,10/26/2016,120.79,"3,905,914"
GLD,10/27/2016,121.01,"4,335,994"
GLD,10/28/2016,121.58,"11,639,887"
GLD,10/31/2016,121.94,"7,722,055"
GLD,11/01/2016,122.73,"13,384,307"
GLD,11/02/2016,123.64,"15,692,420"
GLD,11/03/2016,124.3,"10,093,107"
GLD,11/04/2016,124.39,"8,594,613"
GLD,11/07/2016,122.15,"10,014,986"
GLD,11/08/2016,121.64,"9,480,647"
GLD,11/09/2016,121.56,"18,236,450"
GLD,11/10/2016,119.75,"22,267,962"
GLD,11/11/2016,117.1,"20,381,828"
GLD,11/14/2016,116.11,"20,729,377"
GLD,11/15/2016,117.12,"9,348,572"
GLD,11/16/2016,116.77,"5,486,129"
GLD,11/17/2016,116.17,"10,342,274"
GLD,11/18/2016,115.15,"10,444,285"
GLD,11/21/2016,115.58,"6,654,155"
GLD,11/22/2016,115.54,"6,391,928"
GLD,11/23/2016,113.25,"20,982,117"
GLD,11/25/2016,112.61,"5,345,889"
GLD,11/28/2016,113.8,"5,655,402"
GLD,11/29/2016,113.27,"7,438,616"
GLD,11/30/2016,111.75,"10,925,538"
GLD,12/01/2016,111.54,"10,236,970"
GLD,12/02/2016,112.14,"7,416,468"
GLD,12/05/2016,111.54,"10,187,891"
GLD,12/06/2016,111.43,"5,533,689"
GLD,12/07/2016,111.83,"4,901,840"
GLD,12/08/2016,111.57,"5,977,792"
GLD,12/09/2016,110.4,"10,507,697"
GLD,12/12/2016,110.82,"6,156,717"
GLD,12/13/2016,110.45,"7,961,600"
GLD,12/14/2016,108.83,"12,933,647"
GLD,12/15/2016,107.34,"14,427,539"
GLD,12/16/2016,108.05,"10,602,807"
GLD,12/19/2016,108.59,"5,339,066"
GLD,12/20/2016,107.79,"7,321,100"
GLD,12/21/2016,107.85,"5,188,680"
GLD,12/22/2016,107.59,"4,942,759"
GLD,12/23/2016,107.93,"5,012,242"
GLD,12/27/2016,108.56,"3,685,504"
GLD,12/28/2016,108.86,"5,091,228"
GLD,12/29/2016,110.29,"7,563,896"
GLD,12/30/2016,109.61,"8,873,725"
GLD,01/03/2017,110.47,"7,527,353"
GLD,01/04/2017,110.86,"4,904,119"
GLD,01/05/2017,112.58,"9,606,761"
GLD,01/06/2017,111.75,"7,686,070"
GLD,01/09/2017,112.67,"5,674,636"
GLD,01/10/2017,113.15,"6,093,404"
GLD,01/11/2017,113.5,"9,918,689"
GLD,01/12/2017,113.91,"8,457,319"
GLD,01/13/2017,114.21,"7,261,454"
GLD,01/17/2017,115.85,"9,142,370"
GLD,01/18/2017,114.87,"6,498,109"
GLD,01/19/2017,114.77,"6,437,008"
GLD,01/20/2017,115.05,"12,261,510"
GLD,01/23/2017,115.79,"6,373,102"
GLD,01/24/2017,115.27,"5,798,840"
GLD,01/25/2017,114.32,"6,697,523"
GLD,01/26/2017,113.26,"5,390,463"
GLD,01/27/2017,113.49,"6,706,570"
GLD,01/30/2017,113.97,"7,687,782"
GLD,01/31/2017,115.55,"10,421,882"
GLD,02/01/2017,115.2,"6,932,889"
GLD,02/02/2017,115.84,"7,189,461"
GLD,02/03/2017,116.13,"9,455,464"
GLD,02/06/2017,117.7,"8,547,843"
GLD,02/07/2017,117.46,"8,621,039"
GLD,02/08/2017,118.19,"9,633,443"
GLD,02/09/2017,117.29,"8,177,210"
GLD,02/10/2017,117.6,"9,072,146"
GLD,02/13/2017,116.8,"7,354,924"
GLD,02/14/2017,116.93,"6,927,842"
GLD,02/15/2017,117.45,"7,088,419"
GLD,02/16/2017,118.08,"6,378,650"
GLD,02/17/2017,117.68,"7,338,065"
GLD,02/21/2017,117.75,"6,166,875"
GLD,02/22/2017,117.91,"6,057,179"
GLD,02/23/2017,118.94,"7,523,304"
GLD,02/24/2017,119.7,"9,808,957"
GLD,02/27/2017,119.12,"9,263,499"
GLD,02/28/2017,119.23,"8,727,832"
GLD,03/01/2017,119.06,"8,679,637"
GLD,03/02/2017,117.58,"10,986,262"
GLD,03/03/2017,117.51,"10,665,818"
GLD,03/06/2017,116.72,"4,883,547"
GLD,03/07/2017,115.78,"6,846,277"
GLD,03/08/2017,115.06,"7,620,924"
GLD,03/09/2017,114.47,"6,410,916"
GLD,03/10/2017,114.72,"7,929,500"
GLD,03/13/2017,114.74,"5,807,391"
GLD,03/14/2017,114.12,"5,301,810"
GLD,03/15/2017,116.25,"13,524,082"
GLD,03/16/2017,116.73,"9,322,018"
GLD,03/17/2017,116.99,"4,683,039"
GLD,03/20/2017,117.5645,"4,000,202"
GLD,03/21/2017,118.54,"9,567,932"
GLD,03/22/2017,118.83,"7,287,350"
GLD,03/23/2017,118.67,"6,201,129"
GLD,03/24/2017,118.86,"6,879,634"
GLD,03/27/2017,119.53,"8,519,573"
GLD,03/28/2017,119.04,"7,112,787"
GLD,03/29/2017,119.33,"4,911,042"
GLD,03/30/2017,118.47,"6,894,572"
GLD,03/31/2017,118.72,"8,520,847"
GLD,04/03/2017,119.35,"6,105,704"
GLD,04/04/2017,119.62,"4,687,301"
GLD,04/05/2017,119.62,"8,105,952"
GLD,04/06/2017,119.18,"4,633,470"
GLD,04/07/2017,119.46,"12,351,114"
GLD,04/10/2017,119.46,"4,623,673"
GLD,04/11/2017,121.19,"12,455,294"
GLD,04/12/2017,122.02,"9,502,540"
GLD,04/13/2017,122.6,"9,892,641"
GLD,04/17/2017,122.24,"8,469,580"
GLD,04/18/2017,122.82,"10,903,701"
GLD,04/19/2017,121.73,"8,472,702"
GLD,04/20/2017,121.96,"11,787,330"
GLD,04/21/2017,122.31,"15,608,031"
GLD,04/24/2017,121.48,"11,053,559"
GLD,04/25/2017,120.25,"10,344,784"
GLD,04/26/2017,120.84,"9,758,844"
GLD,04/27/2017,120.39,"8,266,954"
GLD,04/28/2017,120.77,"9,134,246"
GLD,05/01/2017,119.67,"9,331,809"
GLD,05/02/2017,119.65,"4,900,784"
GLD,05/03/2017,117.98,"10,811,052"
GLD,05/04/2017,116.79,"12,406,931"
GLD,05/05/2017,117.01,"7,127,199"
GLD,05/08/2017,116.75,"5,438,375"
GLD,05/09/2017,116.05,"6,801,280"
GLD,05/10/2017,116.04,"4,290,459"
GLD,05/11/2017,116.5,"6,274,368"
GLD,05/12/2017,116.83,"5,434,477"
GLD,05/15/2017,117.14,"5,019,589"
GLD,05/16/2017,117.65,"4,942,822"
GLD,05/17/2017,119.79,"13,936,876"
GLD,05/18/2017,118.81,"10,341,141"
GLD,05/19/2017,119.4,"6,787,254"
GLD,05/22/2017,119.9,"5,132,485"
GLD,05/23/2017,119.14,"8,305,434"
GLD,05/24/2017,119.61,"7,064,911"
GLD,05/25/2017,119.48,"4,105,092"
GLD,05/26/2017,120.54,"6,791,648"
GLD,05/30/2017,120.14,"4,507,493"
GLD,05/31/2017,120.62,"10,360,724"
GLD,06/01/2017,120.72,"8,702,543"
GLD,06/02/2017,121.61,"7,268,054"
GLD,06/05/2017,121.73,"3,979,162"
GLD,06/06/2017,123.1,"10,798,527"
GLD,06/07/2017,122.45,"9,039,175"
GLD,06/08/2017,121.65,"8,169,807"
GLD,06/09/2017,120.54,"7,054,664"
GLD,06/12/2017,120.36,"4,927,375"
GLD,06/13/2017,120.48,"3,786,628"
GLD,06/14/2017,119.82,"21,124,841"
GLD,06/15/2017,119.32,"6,796,668"
GLD,06/16/2017,119.34,"6,435,674"
GLD,06/19/2017,118.43,"6,786,973"
GLD,06/20/2017,118.18,"4,617,387"
GLD,06/21/2017,118.52,"4,723,749"
GLD,06/22/2017,118.92,"5,811,927"
GLD,06/23/2017,119.43,"9,258,628"
GLD,06/26/2017,118.36,"6,593,380"
GLD,06/27/2017,118.81,"5,759,344"
GLD,06/28/2017,118.9,"4,220,130"
GLD,06/29/2017,118.32,"7,705,165"
GLD,06/30/2017,118.02,"7,272,612"
GLD,07/03/2017,116.09,"12,145,049"
GLD,07/05/2017,116.52,"7,223,256"
GLD,07/06/2017,116.47,"4,443,390"
GLD,07/07/2017,115.28,"11,153,608"
GLD,07/10/2017,115.47,"4,970,886"
GLD,07/11/2017,115.62,"6,637,939"
GLD,07/12/2017,116.03,"4,654,361"
GLD,07/13/2017,115.82,"4,148,935"
GLD,07/14/2017,116.77,"5,788,219"
GLD,07/17/2017,117.29,"5,170,849"
GLD,07/18/2017,118.11,"7,158,573"
GLD,07/19/2017,118.08,"3,205,142"
GLD,07/20/2017,118.24,"5,571,648"
GLD,07/21/2017,119.26,"10,135,919"
GLD,07/24/2017,119.31,"3,654,331"
GLD,07/25/2017,118.92,"6,202,988"
GLD,07/26/2017,119.88,"8,527,944"
GLD,07/27/2017,119.79,"6,385,216"
GLD,07/28/2017,120.69,"7,393,606"
GLD,07/31/2017,120.75,"3,944,561"
GLD,08/01/2017,120.65,"7,365,056"
GLD,08/02/2017,120.4,"5,945,279"
GLD,08/03/2017,120.59,"4,275,576"
GLD,08/04/2017,119.65,"8,644,781"
GLD,08/07/2017,119.51,"3,010,138"
GLD,08/08/2017,119.86,"7,227,220"
GLD,08/09/2017,121.31,"9,186,236"
GLD,08/10/2017,122.21,"9,817,872"
GLD,08/11/2017,122.79,"8,019,519"
GLD,08/14/2017,121.92,"6,035,297"
GLD,08/15/2017,120.98,"6,731,340"
GLD,08/16/2017,121.87,"8,267,341"
GLD,08/17/2017,122.49,"8,183,805"
GLD,08/18/2017,122.3,"13,654,226"
GLD,08/21/2017,122.76,"5,549,687"
GLD,08/22/2017,122.21,"6,493,937"
GLD,08/23/2017,122.67,"5,038,391"
GLD,08/24/2017,122.29,"4,193,396"
GLD,08/25/2017,122.74,"12,398,247"
GLD,08/28/2017,124.69,"11,578,265"
GLD,08/29/2017,124.42,"9,861,471"
GLD,08/30/2017,124.36,"6,328,422"
GLD,08/31/2017,125.82,"11,775,530"
GLD,09/01/2017,126.06,"11,567,404"
GLD,09/05/2017,127.46,"11,813,065"
GLD,09/06/2017,126.81,"10,059,273"
GLD,09/07/2017,128.13,"10,219,719"
GLD,09/08/2017,127.97,"9,020,001"
GLD,09/11/2017,126.19,"9,126,591"
GLD,09/12/2017,126.56,"8,349,012"
GLD,09/13/2017,125.61,"8,490,963"
GLD,09/14/2017,126.16,"5,330,663"
GLD,09/15/2017,125.53,"8,375,074"
GLD,09/18/2017,124.36,"8,859,807"
GLD,09/19/2017,124.62,"5,826,537"
GLD,09/20/2017,123.62,"11,415,431"
GLD,09/21/2017,122.68,"7,757,897"
GLD,09/22/2017,123.24,"6,011,928"
GLD,09/25/2017,124.53,"10,257,209"
GLD,09/26/2017,123.14,"8,673,582"
GLD,09/27/2017,121.98,"6,903,944"
GLD,09/28/2017,122.21,"5,968,213"
GLD,09/29/2017,121.58,"10,207,991"
GLD,10/02/2017,120.77,"11,755,378"
GLD,10/03/2017,120.83,"3,728,655"
GLD,10/04/2017,121.17,"6,475,238"
GLD,10/05/2017,120.52,"6,205,423"
GLD,10/06/2017,121.09,"10,013,282"
GLD,10/09/2017,122.08,"5,264,116"
GLD,10/10/2017,122.4,"9,315,476"
GLD,10/11/2017,122.79,"5,649,430"
GLD,10/12/2017,122.89,"3,037,576"
GLD,10/13/2017,123.82,"6,820,348"
GLD,10/16/2017,122.97,"8,201,979"
GLD,10/17/2017,122.13,"7,041,261"
GLD,10/18/2017,121.67,"3,666,407"
GLD,10/19/2017,122.39,"5,567,279"
GLD,10/20/2017,121.61,"8,481,102"
GLD,10/23/2017,121.8,"5,069,650"
GLD,10/24/2017,121.33,"5,114,120"
GLD,10/25/2017,121.35,"4,282,369"
GLD,10/26/2017,120.33,"6,438,806"
GLD,10/27/2017,120.9,"6,664,180"
GLD,10/30/2017,121.13,"5,119,241"
GLD,10/31/2017,120.67,"3,910,495"
GLD,11/01/2017,121.11,"4,647,787"
GLD,11/02/2017,121.19,"5,369,504"
GLD,11/03/2017,120.62,"6,330,642"
GLD,11/06/2017,121.65,"6,953,772"
GLD,11/07/2017,121.21,"4,165,933"
GLD,11/08/2017,121.63,"5,565,212"
GLD,11/09/2017,122.13,"6,072,442"
GLD,11/10/2017,121.13,"7,116,200"
GLD,11/13/2017,121.31,"6,249,346"
GLD,11/14/2017,121.56,"6,188,992"
GLD,11/15/2017,121.41,"4,984,812"
GLD,11/16/2017,121.4,"2,796,545"
GLD,11/17/2017,122.86,"10,613,955"
GLD,11/20/2017,121.31,"8,356,673"
GLD,11/21/2017,121.51,"4,956,456"
GLD,11/22/2017,122.63,"5,211,832"
GLD,11/24/2017,122.32,"1,779,705"
GLD,11/27/2017,122.83,"4,961,215"
GLD,11/28/2017,122.81,"5,603,112"
GLD,11/29/2017,122.04,"6,138,941"
GLD,11/30/2017,121.1,"7,936,260"
GLD,12/01/2017,121.59,"13,080,101"
GLD,12/04/2017,121.18,"6,943,679"
GLD,12/05/2017,120.32,"10,041,159"
GLD,12/06/2017,120.07,"6,643,006"
GLD,12/07/2017,118.49,"12,900,240"
GLD,12/08/2017,118.48,"5,231,287"
GLD,12/11/2017,118.01,"4,522,244"
GLD,12/12/2017,118.15,"8,020,109"
GLD,12/13/2017,119.17,"10,086,657"
GLD,12/14/2017,118.93,"6,993,592"
GLD,12/15/2017,119.18,"7,531,964"
GLD,12/18/2017,119.73,"5,452,212"
GLD,12/19/2017,119.82,"4,018,885"
GLD,12/20/2017,120.14,"5,734,625"
GLD,12/21/2017,120.31,"4,823,709"
GLD,12/22/2017,120.94,"5,791,312"
GLD,12/26/2017,121.77,"8,224,411"
GLD,12/27/2017,122.23,"6,232,678"
GLD,12/28/2017,122.85,"5,732,725"
GLD,12/29/2017,123.65,"7,852,109"
GLD,01/02/2018,125.15,"11,762,515"
GLD,01/03/2018,124.82,"7,904,326"
GLD,01/04/2018,125.46,"7,329,718"
GLD,01/05/2018,125.33,"5,739,904"
GLD,01/08/2018,125.31,"3,566,707"
GLD,01/09/2018,124.73,"9,153,584"
GLD,01/10/2018,125.03,"14,809,303"
GLD,01/11/2018,125.44,"5,994,730"
GLD,01/12/2018,126.96,"9,258,570"
GLD,01/16/2018,127.17,"8,083,895"
GLD,01/17/2018,126.14,"10,130,509"
GLD,01/18/2018,125.86,"6,289,271"
GLD,01/19/2018,126.42,"8,773,753"
GLD,01/22/2018,126.65,"4,893,546"
GLD,01/23/2018,127.28,"6,190,410"
GLD,01/24/2018,128.83,"11,827,554"
GLD,01/25/2018,127.97,"15,219,664"
GLD,01/26/2018,128.07,"7,828,744"
GLD,01/29/2018,127.35,"6,956,392"
GLD,01/30/2018,126.8,"9,736,105"
GLD,01/31/2018,127.65,"13,418,904"
GLD,02/01/2018,128.07,"10,854,639"
GLD,02/02/2018,126.39,"16,789,214"
GLD,02/05/2018,126.71,"13,596,327"
GLD,02/06/2018,125.38,"17,672,450"
GLD,02/07/2018,124.79,"8,558,460"
GLD,02/08/2018,124.98,"7,343,637"
GLD,02/09/2018,124.77,"14,140,696"
GLD,02/12/2018,125.37,"6,984,852"
GLD,02/13/2018,126.08,"5,321,327"
GLD,02/14/2018,128.23,"16,416,413"
GLD,02/15/2018,128.38,"7,276,495"
GLD,02/16/2018,127.96,"7,956,921"
GLD,02/20/2018,126.24,"11,148,745"
GLD,02/21/2018,125.66,"7,908,753"
GLD,02/22/2018,126.3,"5,346,347"
GLD,02/23/2018,126.14,"4,239,709"
GLD,02/26/2018,126.45,"3,194,743"
GLD,02/27/2018,125.13,"7,082,301"
GLD,02/28/2018,125,"4,534,884"
GLD,03/01/2018,124.72,"12,910,071"
GLD,03/02/2018,125.39,"9,994,341"
GLD,03/05/2018,125.18,"5,778,343"
GLD,03/06/2018,126.53,"8,676,781"
GLD,03/07/2018,125.72,"5,158,674"
GLD,03/08/2018,125.42,"3,474,944"
GLD,03/09/2018,125.54,"5,066,833"
GLD,03/12/2018,125.54,"2,884,269"
GLD,03/13/2018,125.78,"4,798,303"
GLD,03/14/2018,125.7,"3,777,021"
GLD,03/15/2018,124.9,"6,130,124"
GLD,03/16/2018,124.6,"7,402,188"
GLD,03/19/2018,124.87,"4,335,420"
GLD,03/20/2018,124.31,"3,399,440"
GLD,03/21/2018,126.48,"12,532,035"
GLD,03/22/2018,125.98,"5,298,709"
GLD,03/23/2018,127.61,"12,025,882"
GLD,03/26/2018,128.28,"6,169,843"
GLD,03/27/2018,127.49,"6,180,707"
GLD,03/28/2018,125.73,"10,254,883"
GLD,03/29/2018,125.79,"7,117,156"
GLD,04/02/2018,127.26,"11,421,144"
GLD,04/03/2018,126.3,"6,083,717"
GLD,04/04/2018,126.45,"7,488,254"
GLD,04/05/2018,125.8,"5,332,957"
GLD,04/06/2018,126.39,"6,121,225"
GLD,04/09/2018,126.82,"4,189,864"
GLD,04/10/2018,127.12,"5,403,992"
GLD,04/11/2018,128.11,"12,348,564"
GLD,04/12/2018,126.62,"8,141,339"
GLD,04/13/2018,127.45,"6,821,338"
GLD,04/16/2018,127.63,"4,600,039"
GLD,04/17/2018,127.75,"4,184,077"
GLD,04/18/2018,127.85,"6,755,575"
GLD,04/19/2018,127.6,"8,736,103"
GLD,04/20/2018,126.63,"10,403,128"
GLD,04/23/2018,125.62,"6,921,519"
GLD,04/24/2018,126.23,"4,733,107"
GLD,04/25/2018,125.41,"5,985,694"
GLD,04/26/2018,124.97,"7,517,135"
GLD,04/27/2018,125.5,"5,653,996"
GLD,04/30/2018,124.59,"9,830,612"
GLD,05/01/2018,123.71,"7,551,577"
GLD,05/02/2018,123.65,"7,614,019"
GLD,05/03/2018,124.28,"4,857,387"
GLD,05/04/2018,124.54,"5,883,574"
GLD,05/07/2018,124.57,"3,397,508"
GLD,05/08/2018,124.59,"5,551,078"
GLD,05/09/2018,124.33,"4,405,593"
GLD,05/10/2018,125.18,"5,218,356"
GLD,05/11/2018,125,"4,299,164"
GLD,05/14/2018,124.49,"3,753,223"
GLD,05/15/2018,122.48,"10,911,900"
GLD,05/16/2018,122.29,"4,943,275"
GLD,05/17/2018,122.36,"7,781,336"
GLD,05/18/2018,122.41,"6,837,125"
GLD,05/21/2018,122.48,"4,126,673"
GLD,05/22/2018,122.41,"4,579,602"
GLD,05/23/2018,122.54,"7,007,256"
GLD,05/24/2018,123.59,"8,850,085"
GLD,05/25/2018,123.21,"7,920,650"
GLD,05/29/2018,123.19,"9,013,170"
GLD,05/30/2018,123.37,"4,573,697"
GLD,05/31/2018,123.1,"7,862,495"
GLD,06/01/2018,122.49,"8,059,121"
GLD,06/04/2018,122.37,"4,345,370"
GLD,06/05/2018,122.85,"6,864,209"
GLD,06/06/2018,122.92,"4,083,702"
GLD,06/07/2018,122.86,"3,700,745"
GLD,06/08/2018,123.01,"3,865,667"
GLD,06/11/2018,123.23,"3,201,179"
GLD,06/12/2018,122.82,"7,279,620"
GLD,06/13/2018,123.19,"5,867,744"
GLD,06/14/2018,123.38,"8,015,447"
GLD,06/15/2018,121.34,"14,536,993"
GLD,06/18/2018,121.11,"3,845,950"
GLD,06/19/2018,120.8,"4,925,832"
GLD,06/20/2018,120.26,"4,548,491"
GLD,06/21/2018,120.05,"5,681,906"
GLD,06/22/2018,120.34,"4,518,408"
GLD,06/25/2018,119.89,"9,300,195"
GLD,06/26/2018,119.26,"8,675,447"
GLD,06/27/2018,118.58,"6,480,501"
GLD,06/28/2018,118.22,"7,760,936"
GLD,06/29/2018,118.65,"8,002,828"
GLD,07/02/2018,117.46,"12,021,957"
GLD,07/03/2018,118.65,"8,900,973"
GLD,07/04/2018,,
GLD,07/05/2018,119.05,"4,951,873"
GLD,07/06/2018,118.86,"2,947,058"
GLD,07/09/2018,119.15,"4,075,297"
GLD,07/10/2018,118.93,"3,754,770"
GLD,07/11/2018,117.64,"6,974,791"
GLD,07/12/2018,118.13,"4,585,460"
GLD,07/13/2018,117.61,"5,444,284"
GLD,07/16/2018,117.55,"3,670,943"
GLD,07/17/2018,116.28,"7,939,635"
GLD,07/18/2018,116.31,"5,391,963"
GLD,07/19/2018,115.81,"14,227,628"
GLD,07/20/2018,116.56,"7,892,317"
GLD,07/23/2018,116,"6,247,368"
GLD,07/24/2018,116.04,"4,801,046"
GLD,07/25/2018,116.68,"5,480,914"
GLD,07/26/2018,115.77,"6,382,946"
GLD,07/27/2018,115.83,"5,242,099"
GLD,07/30/2018,115.65,"4,157,371"
GLD,07/31/2018,115.99,"5,508,456"
GLD,08/01/2018,115.14,"7,941,660"
GLD,08/02/2018,114.52,"6,204,210"
GLD,08/03/2018,114.92,"5,953,227"
GLD,08/06/2018,114.33,"5,811,614"
GLD,08/07/2018,114.59,"5,188,447"
GLD,08/08/2018,114.91,"3,809,872"
GLD,08/09/2018,114.74,"4,252,956"
GLD,08/10/2018,114.69,"6,757,857"
GLD,08/13/2018,112.96,"9,150,873"
GLD,08/14/2018,113.07,"7,086,193"
GLD,08/15/2018,111.19,"12,398,366"
GLD,08/16/2018,111.1,"7,484,637"
GLD,08/17/2018,112.13,"8,470,951"
GLD,08/20/2018,112.69,"5,313,403"
GLD,08/21/2018,113.02,"5,042,443"
GLD,08/22/2018,113.27,"6,215,910"
GLD,08/23/2018,112.2,"5,500,102"
GLD,08/24/2018,114.16,"9,214,703"
GLD,08/27/2018,114.59,"4,364,167"
GLD,08/28/2018,113.68,"6,101,386"
GLD,08/29/2018,114.2,"5,616,329"
GLD,08/30/2018,113.64,"5,431,837"
GLD,08/31/2018,113.51,"5,048,673"
GLD,09/03/2018,,
GLD,09/04/2018,112.93,"6,617,486"
GLD,09/05/2018,113.32,"4,459,202"
GLD,09/06/2018,113.54,"4,784,729"
GLD,09/07/2018,113.23,"3,714,023"
GLD,09/10/2018,113.15,"2,316,718"
GLD,09/11/2018,113.22,"3,791,338"
GLD,09/12/2018,114.17,"6,315,934"
GLD,09/13/2018,113.76,"5,636,023"
GLD,09/14/2018,113.02,"5,375,645"
GLD,09/17/2018,113.61,"4,727,254"
GLD,09/18/2018,113.44,"4,737,849"
GLD,09/19/2018,113.88,"4,223,199"
GLD,09/20/2018,114.27,"4,384,523"
GLD,09/21/2018,113.49,"6,831,550"
GLD,09/24/2018,113.47,"4,435,578"
GLD,09/25/2018,113.65,"3,004,824"
GLD,09/26/2018,113.05,"8,297,429"
GLD,09/27/2018,112.05,"7,683,739"
GLD,09/28/2018,112.76,"6,020,579"
GLD,10/01/2018,112.57,"3,893,012"
GLD,10/02/2018,113.87,"10,776,912"
GLD,10/03/2018,113.42,"6,674,517"
GLD,10/04/2018,113.48,"6,616,212"
GLD,10/05/2018,113.8,"7,994,440"
GLD,10/08/2018,112.54,"12,111,577"
GLD,10/09/2018,112.6,"8,352,697"
GLD,10/10/2018,112.88,"10,571,316"
GLD,10/11/2018,115.78,"26,810,920"
GLD,10/12/2018,115.23,"12,939,315"
GLD,10/15/2018,116,"11,828,366"
GLD,10/16/2018,115.8,"9,531,769"
GLD,10/17/2018,115.79,"7,078,639"
GLD,10/18/2018,115.92,"7,964,106"
GLD,10/19/2018,116.01,"7,453,947"
GLD,10/22/2018,115.71,"5,200,759"
GLD,10/23/2018,116.39,"12,704,177"
GLD,10/24/2018,116.66,"8,563,293"
GLD,10/25/2018,116.4,"8,303,495"
GLD,10/26/2018,116.77,"15,733,170"
GLD,10/29/2018,116.31,"8,732,486"
GLD,10/30/2018,115.8,"7,233,614"
GLD,10/31/2018,115.15,"11,409,346"
GLD,11/01/2018,116.63,"13,662,915"
GLD,11/02/2018,116.65,"8,796,962"
GLD,11/05/2018,116.37,"6,291,450"
GLD,11/06/2018,116.04,"7,270,793"
GLD,11/07/2018,116.03,"8,392,112"
GLD,11/08/2018,115.78,"7,638,817"
GLD,11/09/2018,114.48,"14,159,472"
GLD,11/12/2018,113.66,"7,499,046"
GLD,11/13/2018,113.7,"9,309,074"
GLD,11/14/2018,114.64,"13,950,218"
GLD,11/15/2018,114.77,"8,910,585"
GLD,11/16/2018,115.62,"8,576,955"
GLD,11/19/2018,115.67,"8,508,445"
GLD,11/20/2018,115.67,"9,075,193"
GLD,11/21/2018,115.86,"8,834,206"
GLD,11/22/2018,,
GLD,11/23/2018,115.77,"3,726,611"
GLD,11/26/2018,115.64,"4,018,622"
GLD,11/27/2018,114.95,"9,671,170"
GLD,11/28/2018,115.38,"13,789,016"
GLD,11/29/2018,115.74,"6,479,502"
GLD,11/30/2018,115.54,"8,169,579"
GLD,12/03/2018,116.41,"8,463,378"
GLD,12/04/2018,117.12,"7,186,437"
GLD,12/05/2018,,
GLD,12/06/2018,117.14,"9,267,628"
GLD,12/07/2018,118.09,"10,402,903"
GLD,12/10/2018,117.68,"8,118,110"
GLD,12/11/2018,117.54,"6,395,391"
GLD,12/12/2018,117.79,"4,136,781"
GLD,12/13/2018,117.53,"4,131,770"
GLD,12/14/2018,117.06,"7,501,660"
GLD,12/17/2018,117.87,"8,455,007"
GLD,12/18/2018,118.15,"7,542,875"
GLD,12/19/2018,117.43,"13,827,509"
GLD,12/20/2018,119.24,"18,615,143"
GLD,12/21/2018,118.72,"13,629,830"
GLD,12/24/2018,120.02,"9,736,359"
GLD,12/25/2018,,
GLD,12/26/2018,119.66,"14,293,459"
GLD,12/27/2018,120.57,"11,874,408"
GLD,12/28/2018,121.06,"6,864,842"
GLD,12/31/2018,121.25,"8,449,441"
GLD,01/01/2019,,
GLD,01/02/2019,121.33,"12,776,155"
GLD,01/03/2019,122.43,"15,440,840"
GLD,01/04/2019,121.44,"13,334,368"
GLD,01/07/2019,121.86,"7,473,641"
GLD,01/08/2019,121.53,"7,643,363"
GLD,01/09/2019,122.31,"10,555,933"
GLD,01/10/2019,121.59,"6,672,058"
GLD,01/11/2019,121.8,"8,622,666"
GLD,01/14/2019,122.09,"6,477,072"
GLD,01/15/2019,121.88,"7,512,779"
GLD,01/16/2019,122.27,"6,878,137"
GLD,01/17/2019,122.11,"8,558,523"
GLD,01/18/2019,121.02,"10,896,307"
GLD,01/21/2019,,
GLD,01/22/2019,121.45,"7,896,668"
GLD,01/23/2019,121.28,"5,224,918"
GLD,01/24/2019,121.09,"5,662,490"
GLD,01/25/2019,122.86,"11,103,309"
GLD,01/28/2019,123.29,"8,522,178"
GLD,01/29/2019,123.98,"11,610,204"
GLD,01/30/2019,124.69,"12,103,963"
GLD,01/31/2019,124.75,"10,209,516"
GLD,02/01/2019,124.5,"12,485,496"
GLD,02/04/2019,123.96,"6,879,187"
GLD,02/05/2019,124.28,"6,291,367"
GLD,02/06/2019,123.44,"6,595,100"
GLD,02/07/2019,123.74,"5,935,456"
GLD,02/08/2019,124.21,"4,235,221"
GLD,02/11/2019,123.6,"4,821,904"
GLD,02/12/2019,123.86,"4,271,869"
GLD,02/13/2019,123.37,"7,640,509"
GLD,02/14/2019,124.06,"6,276,529"
GLD,02/15/2019,124.8,"12,190,104"
GLD,02/18/2019,,
GLD,02/19/2019,126.7,"15,614,028"
GLD,02/20/2019,126.48,"8,889,665"
GLD,02/21/2019,125.05,"8,634,596"
GLD,02/22/2019,125.5,"5,439,375"
GLD,02/25/2019,125.37,"4,882,615"
GLD,02/26/2019,125.58,"5,153,511"
GLD,02/27/2019,124.69,"7,935,647"
GLD,02/28/2019,123.99,"7,811,731"
GLD,03/01/2019,121.88,"16,411,743"
GLD,03/04/2019,121.56,"10,272,586"
GLD,03/05/2019,121.72,"7,120,090"
GLD,03/06/2019,121.61,"4,820,443"
GLD,03/07/2019,121.51,"6,088,768"
GLD,03/08/2019,122.84,"10,427,747"
GLD,03/11/2019,122.24,"6,708,655"
GLD,03/12/2019,122.98,"6,289,860"
GLD,03/13/2019,123.84,"7,377,297"
GLD,03/14/2019,122.41,"6,778,443"
GLD,03/15/2019,122.97,"9,412,061"
GLD,03/18/2019,123.04,"7,783,205"
GLD,03/19/2019,123.38,"6,558,693"
GLD,03/20/2019,124.18,"11,304,912"
GLD,03/21/2019,123.68,"7,739,775"
GLD,03/22/2019,123.97,"5,874,016"
GLD,03/25/2019,124.92,"7,288,343"
GLD,03/26/2019,124.3,"5,056,224"
GLD,03/27/2019,123.65,"6,595,016"
GLD,03/28/2019,121.9,"11,878,328"
GLD,03/29/2019,122.01,"7,094,201"
GLD,04/01/2019,121.53,"13,559,963"
GLD,04/02/2019,121.98,"4,474,953"
GLD,04/03/2019,121.8,"6,152,734"
GLD,04/04/2019,122.11,"7,508,760"
GLD,04/05/2019,121.98,"5,114,493"
GLD,04/08/2019,122.51,"4,271,034"
GLD,04/09/2019,123.15,"4,648,392"
GLD,04/10/2019,123.53,"6,344,767"
GLD,04/11/2019,121.95,"11,694,503"
GLD,04/12/2019,121.83,"5,272,844"
GLD,04/15/2019,121.6,"4,252,774"
GLD,04/16/2019,120.51,"10,097,802"
GLD,04/17/2019,120.28,"4,693,864"
GLD,04/18/2019,120.37,"4,090,401"
GLD,04/19/2019,,
GLD,04/22/2019,120.37,"2,251,185"
GLD,04/23/2019,120.12,"5,574,897"
GLD,04/24/2019,120.47,"4,173,034"
GLD,04/25/2019,120.57,"4,836,857"
GLD,04/26/2019,121.37,"6,022,715"
GLD,04/29/2019,120.83,"4,469,721"
GLD,04/30/2019,121.2,"4,758,567"
GLD,05/01/2019,120.4,"12,331,836"
GLD,05/02/2019,119.94,"6,759,844"
GLD,05/03/2019,120.65,"8,414,504"
GLD,05/06/2019,120.81,"3,479,563"
GLD,05/07/2019,121.21,"4,010,654"
GLD,05/08/2019,120.91,"4,178,965"
GLD,05/09/2019,121.2,"5,015,785"
GLD,05/10/2019,121.43,"4,586,301"
GLD,05/13/2019,122.67,"11,130,908"
GLD,05/14/2019,122.46,"5,556,105"
GLD,05/15/2019,122.39,"10,298,968"
GLD,05/16/2019,121.51,"6,349,454"
GLD,05/17/2019,120.65,"6,589,382"
GLD,05/20/2019,120.64,"4,345,803"
GLD,05/21/2019,120.36,"3,845,702"
GLD,05/22/2019,120.24,"3,741,805"
GLD,05/23/2019,121.17,"6,054,721"
GLD,05/24/2019,121.3,"2,324,653"
GLD,05/27/2019,,
GLD,05/28/2019,120.83,"4,303,495"
GLD,05/29/2019,120.87,"4,133,202"
GLD,05/30/2019,121.69,"7,757,033"
GLD,05/31/2019,123.33,"15,367,001"
GLD,06/03/2019,125.11,"14,173,636"
GLD,06/04/2019,125.15,"7,997,062"
GLD,06/05/2019,125.47,"7,637,880"
GLD,06/06/2019,125.88,"5,551,778"
GLD,06/07/2019,126.59,"8,145,853"
GLD,06/10/2019,125.33,"5,409,983"
GLD,06/11/2019,125.18,"4,757,841"
GLD,06/12/2019,125.83,"5,756,153"
GLD,06/13/2019,126.6,"5,374,818"
GLD,06/14/2019,126.56,"9,226,446"
GLD,06/17/2019,126.48,"4,763,345"
GLD,06/18/2019,127.12,"10,309,646"
GLD,06/19/2019,127.89,"11,660,649"
GLD,06/20/2019,131.11,"18,636,339"
GLD,06/21/2019,131.98,"15,068,037"
GLD,06/24/2019,133.94,"17,851,801"
GLD,06/25/2019,134.2,"24,772,241"
GLD,06/26/2019,132.97,"12,016,402"
GLD,06/27/2019,132.84,"8,412,764"
GLD,06/28/2019,133.2,"8,076,966"
GLD,07/01/2019,130.62,"13,369,815"
GLD,07/02/2019,133.41,"13,282,139"
GLD,07/03/2019,133.63,"6,351,547"
GLD,07/04/2019,,
GLD,07/05/2019,132.14,"11,536,581"
GLD,07/08/2019,131.29,"8,028,884"
GLD,07/09/2019,131.75,"6,633,439"
GLD,07/10/2019,133.83,"13,920,593"
GLD,07/11/2019,132.7,"7,535,133"
GLD,07/12/2019,133.53,"6,309,451"
GLD,07/15/2019,133.53,"4,026,583"
GLD,07/16/2019,132.4,"7,965,981"
GLD,07/17/2019,134.58,"11,288,279"
GLD,07/18/2019,136.48,"18,466,488"
GLD,07/19/2019,134.47,"18,079,195"
GLD,07/22/2019,134.45,"7,570,898"
GLD,07/23/2019,133.69,"9,981,379"
GLD,07/24/2019,134.37,"6,715,167"
GLD,07/25/2019,133.42,"11,708,240"
GLD,07/26/2019,133.64,"6,249,928"
GLD,07/29/2019,134.53,"9,162,417"
GLD,07/30/2019,134.98,"9,458,733"
GLD,07/31/2019,133.21,"18,797,199"
GLD,08/01/2019,136.41,"27,719,822"
GLD,08/02/2019,135.89,"13,753,222"
GLD,08/05/2019,137.79,"17,519,817"
GLD,08/06/2019,138.91,"9,471,209"
GLD,08/07/2019,141.02,"26,671,092"
GLD,08/08/2019,141.73,"13,108,554"
GLD,08/09/2019,141.26,"9,485,912"
GLD,08/12/2019,142.63,"15,263,998"
GLD,08/13/2019,141.78,"29,930,394"
GLD,08/14/2019,142.75,"20,672,858"
GLD,08/15/2019,143.7,"13,501,099"
GLD,08/16/2019,142.78,"12,184,492"
GLD,08/19/2019,141.11,"10,558,366"
GLD,08/20/2019,142.21,"7,479,375"
GLD,08/21/2019,141.76,"8,118,733"
GLD,08/22/2019,141.4,"6,847,647"
GLD,08/23/2019,144.17,"20,290,539"
GLD,08/26/2019,144.19,"12,200,810"
GLD,08/27/2019,145.57,"12,857,588"
GLD,08/28/2019,145.16,"11,454,605"
GLD,08/29/2019,144.12,"14,764,572"
GLD,08/30/2019,143.75,"9,642,584"
GLD,09/02/2019,,
GLD,09/03/2019,145.75,"15,621,873"
GLD,09/04/2019,146.66,"11,292,000"
GLD,09/05/2019,143.14,"20,297,877"
GLD,09/06/2019,141.92,"14,175,216"
GLD,09/09/2019,141.39,"11,323,819"
GLD,09/10/2019,140.18,"12,629,208"
GLD,09/11/2019,141.03,"7,453,049"
GLD,09/12/2019,141.32,"12,673,707"
GLD,09/13/2019,140.15,"13,451,701"
GLD,09/16/2019,141.32,"8,094,567"
GLD,09/17/2019,141.6,"7,046,430"
GLD,09/18/2019,140.71,"15,071,647"
GLD,09/19/2019,141.28,"8,062,589"
GLD,09/20/2019,142.95,"12,276,521"
GLD,09/23/2019,143.75,"9,036,267"
GLD,09/24/2019,144.51,"10,620,690"
GLD,09/25/2019,141.83,"11,997,855"
GLD,09/26/2019,141.79,"8,803,139"
GLD,09/27/2019,141.06,"9,665,953"
GLD,09/30/2019,138.87,"15,530,068"
GLD,10/01/2019,139.63,"12,502,406"
GLD,10/02/2019,141.26,"11,944,623"
GLD,10/03/2019,141.9,"12,407,863"
GLD,10/04/2019,141.9,"9,689,966"
GLD,10/07/2019,140.69,"6,162,696"
GLD,10/08/2019,141.92,"10,485,490"
GLD,10/09/2019,142.05,"7,052,811"
GLD,10/10/2019,140.81,"9,331,584"
GLD,10/11/2019,140.03,"11,425,535"
GLD,10/14/2019,140.59,"4,009,169"
GLD,10/15/2019,139.61,"9,131,732"
GLD,10/16/2019,140.41,"10,363,893"
GLD,10/17/2019,140.61,"6,224,288"
GLD,10/18/2019,140.46,"6,416,213"
GLD,10/21/2019,139.79,"8,314,307"
GLD,10/22/2019,140.2,"3,885,045"
GLD,10/23/2019,140.53,"4,160,001"
GLD,10/24/2019,141.53,"6,275,566"
GLD,10/25/2019,141.86,"6,011,459"
GLD,10/28/2019,140.64,"5,442,028"
GLD,10/29/2019,140.25,"3,835,427"
GLD,10/30/2019,141.02,"6,992,869"
GLD,10/31/2019,142.43,"7,050,926"
GLD,11/01/2019,142.56,"8,089,975"
GLD,11/04/2019,142.15,"4,740,282"
GLD,11/05/2019,139.85,"11,782,250"
GLD,11/06/2019,140.45,"6,416,469"
GLD,11/07/2019,138.27,"15,214,223"
GLD,11/08/2019,137.39,"10,378,201"
GLD,11/11/2019,137.06,"7,038,053"
GLD,11/12/2019,137.43,"6,451,809"
GLD,11/13/2019,137.98,"8,809,752"
GLD,11/14/2019,138.56,"5,220,927"
GLD,11/15/2019,138.21,"10,106,940"
GLD,11/18/2019,138.62,"5,722,188"
GLD,11/19/2019,138.69,"4,825,641"
GLD,11/20/2019,138.76,"6,894,534"
GLD,11/21/2019,138,"4,197,208"
GLD,11/22/2019,137.74,"3,620,534"
GLD,11/25/2019,137.08,"6,418,042"
GLD,11/26/2019,137.74,"4,725,594"
GLD,11/27/2019,137.01,"4,113,152"
GLD,11/28/2019,,
GLD,11/29/2019,137.86,"4,516,421"
GLD,12/02/2019,137.79,"8,278,535"
GLD,12/03/2019,139.11,"8,502,989"
GLD,12/04/2019,138.92,"6,326,512"
GLD,12/05/2019,139,"5,674,471"
GLD,12/06/2019,137.62,"8,748,968"
GLD,12/09/2019,137.58,"2,814,342"
GLD,12/10/2019,137.97,"3,241,771"
GLD,12/11/2019,138.92,"6,117,701"
GLD,12/12/2019,138.43,"8,816,618"
GLD,12/13/2019,139.05,"6,979,801"
GLD,12/16/2019,139.04,"4,647,211"
GLD,12/17/2019,139.01,"4,288,118"
GLD,12/18/2019,139.02,"3,608,069"
GLD,12/19/2019,139.38,"4,975,164"
GLD,12/20/2019,139.52,"4,481,503"
GLD,12/23/2019,139.95,"5,182,388"
GLD,12/24/2019,141.27,"5,303,698"
GLD,12/25/2019,,
GLD,12/26/2019,142.38,"8,343,019"
GLD,12/27/2019,142.33,"5,120,441"
GLD,12/30/2019,142.63,"4,812,117"
GLD,12/31/2019,142.9,"5,314,467"
GLD,01/01/2020,,
GLD,01/02/2020,143.95,"7,736,828"
GLD,01/03/2020,145.86,"12,285,501"
GLD,01/06/2020,147.39,"14,409,912"
GLD,01/07/2020,147.97,"8,401,088"
GLD,01/08/2020,146.86,"22,276,323"
GLD,01/09/2020,146.03,"10,304,334"
GLD,01/10/2020,146.91,"6,183,992"
GLD,01/13/2020,145.82,"7,603,649"
GLD,01/14/2020,145.69,"6,607,124"
GLD,01/15/2020,146.54,"6,510,029"
GLD,01/16/2020,146.31,"6,069,101"
GLD,01/17/2020,146.58,"11,121,140"
GLD,01/20/2020,,
GLD,01/21/2020,146.74,"6,086,149"
GLD,01/22/2020,146.79,"4,778,186"
GLD,01/23/2020,147.12,"8,419,778"
GLD,01/24/2020,147.98,"9,919,871"
GLD,01/27/2020,148.99,"9,988,069"
GLD,01/28/2020,147.66,"7,543,088"
GLD,01/29/2020,148.46,"5,023,827"
GLD,01/30/2020,148.47,"9,119,545"
GLD,01/31/2020,149.33,"14,788,263"
GLD,02/03/2020,148.36,"9,115,075"
GLD,02/04/2020,146.43,"10,525,585"
GLD,02/05/2020,146.61,"6,160,661"
GLD,02/06/2020,147.4,"4,819,778"
GLD,02/07/2020,147.79,"6,379,311"
GLD,02/10/2020,148.17,"5,793,599"
GLD,02/11/2020,147.66,"5,179,392"
GLD,02/12/2020,147.54,"5,040,584"
GLD,02/13/2020,148.38,"7,082,098"
GLD,02/14/2020,149,"5,345,393"
GLD,02/17/2020,,
GLD,02/18/2020,150.91,"11,527,580"
GLD,02/19/2020,151.79,"9,269,784"
GLD,02/20/2020,152.41,"8,457,348"
GLD,02/21/2020,154.7,"16,353,292"
GLD,02/24/2020,156.09,"27,170,954"
GLD,02/25/2020,153.3,"28,091,497"
GLD,02/26/2020,153.97,"17,983,155"
GLD,02/27/2020,154,"27,878,524"
GLD,02/28/2020,148.38,"42,707,124"
GLD,03/02/2020,149.2,"16,295,360"
GLD,03/03/2020,153.89,"28,687,689"
GLD,03/04/2020,154.16,"12,315,472"
GLD,03/05/2020,157.49,"17,973,475"
GLD,03/06/2020,157.55,"26,973,448"
GLD,03/09/2020,157.81,"24,868,674"
GLD,03/10/2020,154.48,"18,811,547"
GLD,03/11/2020,153.93,"18,353,302"
GLD,03/12/2020,147.79,"32,893,430"
GLD,03/13/2020,143.28,"35,177,244"
GLD,03/16/2020,141.64,"24,495,962"
GLD,03/17/2020,143.56,"24,490,276"
GLD,03/18/2020,140.7,"21,953,448"
GLD,03/19/2020,138.04,"20,828,884"
GLD,03/20/2020,140.11,"20,056,048"
GLD,03/23/2020,146.3,"28,275,212"
GLD,03/24/2020,153.4,"20,743,472"
GLD,03/25/2020,151.3,"16,457,183"
GLD,03/26/2020,153.24,"12,778,236"
GLD,03/27/2020,152.25,"9,824,572"
GLD,03/30/2020,152.92,"12,080,881"
GLD,03/31/2020,148.05,"13,319,495"
GLD,04/01/2020,149.45,"11,827,400"
GLD,04/02/2020,151.9,"9,188,303"
GLD,04/03/2020,152.65,"8,469,099"
GLD,04/06/2020,156.88,"14,739,272"
GLD,04/07/2020,156.04,"9,195,370"
GLD,04/08/2020,154.65,"7,600,804"
GLD,04/09/2020,158.69,"18,123,039"
GLD,04/10/2020,,
GLD,04/13/2020,161.41,"20,549,213"
GLD,04/14/2020,162.68,"17,095,086"
GLD,04/15/2020,161.85,"12,141,890"
GLD,04/16/2020,161.71,"9,233,164"
GLD,04/17/2020,158.57,"14,652,737"
GLD,04/20/2020,159.7,"10,688,689"
GLD,04/21/2020,158.61,"12,478,080"
GLD,04/22/2020,161.73,"12,937,093"
GLD,04/23/2020,163.34,"14,928,503"
GLD,04/24/2020,162.64,"11,203,587"
GLD,04/27/2020,161.56,"9,033,533"
GLD,04/28/2020,160.84,"10,382,975"
GLD,04/29/2020,161.73,"12,232,348"
GLD,04/30/2020,158.8,"13,633,483"
GLD,05/01/2020,159.78,"10,914,334"
GLD,05/04/2020,160.34,"7,986,191"
GLD,05/05/2020,161.02,"10,563,066"
GLD,05/06/2020,158.95,"13,351,959"
GLD,05/07/2020,161.39,"13,696,493"
GLD,05/08/2020,160.42,"12,244,561"
GLD,05/11/2020,159.42,"11,209,822"
GLD,05/12/2020,160.04,"10,405,991"
GLD,05/13/2020,161.58,"10,950,397"
GLD,05/14/2020,163.01,"17,084,368"
GLD,05/15/2020,163.93,"13,918,816"
GLD,05/18/2020,162.69,"14,137,907"
GLD,05/19/2020,164.26,"8,531,719"
GLD,05/20/2020,164.65,"10,666,071"
GLD,05/21/2020,162.25,"11,790,992"
GLD,05/22/2020,163.21,"8,540,909"
GLD,05/25/2020,,
GLD,05/26/2020,160.89,"13,972,012"
GLD,05/27/2020,161.18,"13,063,451"
GLD,05/28/2020,161.72,"9,761,610"
GLD,05/29/2020,162.91,"12,584,009"
GLD,06/01/2020,163.66,"8,155,048"
GLD,06/02/2020,162.6,"10,388,908"
GLD,06/03/2020,159.6,"17,000,510"
GLD,06/04/2020,161.28,"10,094,024"
GLD,06/05/2020,158.01,"16,021,182"
GLD,06/08/2020,159.72,"9,244,440"
GLD,06/09/2020,161.26,"9,045,618"
GLD,06/10/2020,163.57,"13,009,343"
GLD,06/11/2020,162.39,"11,673,902"
GLD,06/12/2020,162.62,"6,895,361"
GLD,06/15/2020,162.33,"8,538,826"
GLD,06/16/2020,162.25,"7,969,781"
GLD,06/17/2020,162.56,"4,758,210"
GLD,06/18/2020,162.24,"5,397,628"
GLD,06/19/2020,164.03,"12,187,390"
GLD,06/22/2020,165.09,"12,385,635"
GLD,06/23/2020,166.48,"12,137,343"
GLD,06/24/2020,165.9,"10,901,444"
GLD,06/25/2020,165.8,"7,093,774"
GLD,06/26/2020,166.54,"9,753,492"
GLD,06/29/2020,166.63,"6,735,695"
GLD,06/30/2020,167.37,"12,762,295"
GLD,07/01/2020,166.62,"13,214,759"
GLD,07/02/2020,166.98,"8,753,455"
GLD,07/03/2020,,
GLD,07/06/2020,167.98,"7,265,701"
GLD,07/07/2020,169.04,"11,633,122"
GLD,07/08/2020,170.09,"11,662,726"
GLD,07/09/2020,169.63,"13,327,389"
GLD,07/10/2020,169.19,"8,218,013"
GLD,07/13/2020,169.4,"11,095,948"
GLD,07/14/2020,170.19,"9,812,736"
GLD,07/15/2020,170.34,"7,533,752"
GLD,07/16/2020,168.73,"10,242,371"
GLD,07/17/2020,170.12,"10,296,037"
GLD,07/20/2020,170.94,"10,095,548"
GLD,07/21/2020,173,"12,864,620"
GLD,07/22/2020,175.63,"18,712,467"
GLD,07/23/2020,177.18,"23,006,824"
GLD,07/24/2020,178.7,"15,601,327"
GLD,07/27/2020,182.23,"21,115,604"
GLD,07/28/2020,183.75,"21,164,633"
GLD,07/29/2020,185.13,"25,640,100"
GLD,07/30/2020,183.76,"18,061,227"
GLD,07/31/2020,185.43,"15,885,010"
GLD,08/03/2020,185.64,"12,896,999"
GLD,08/04/2020,189.59,"20,773,210"
GLD,08/05/2020,191.35,"27,193,718"
GLD,08/06/2020,193.89,"20,640,119"
GLD,08/07/2020,190.81,"24,570,160"
GLD,08/10/2020,190.15,"19,047,223"
GLD,08/11/2020,179.94,"45,354,997"
GLD,08/12/2020,179.1,"28,779,419"
GLD,08/13/2020,183.33,"18,596,773"
GLD,08/14/2020,182.54,"11,791,981"
GLD,08/17/2020,186.5,"15,709,818"
GLD,08/18/2020,188.18,"16,291,627"
GLD,08/19/2020,182.24,"24,646,942"
GLD,08/20/2020,183.5,"16,692,201"
GLD,08/21/2020,182.03,"12,713,741"
GLD,08/24/2020,181,"11,605,788"
GLD,08/25/2020,181.22,"10,056,066"
GLD,08/26/2020,183.36,"12,715,762"
GLD,08/27/2020,181.24,"16,299,207"
GLD,08/28/2020,184.39,"13,200,826"
GLD,08/31/2020,184.83,"10,251,152"
GLD,09/01/2020,185.05,"10,689,058"
GLD,09/02/2020,182.62,"11,536,946"
GLD,09/03/2020,181.14,"12,176,904"
GLD,09/04/2020,181.64,"11,567,864"
GLD,09/07/2020,,
GLD,09/08/2020,181.29,"13,229,196"
GLD,09/09/2020,183.05,"8,424,118"
GLD,09/10/2020,182.46,"9,143,612"
GLD,09/11/2020,182.45,"7,662,287"
GLD,09/14/2020,183.89,"9,709,501"
GLD,09/15/2020,183.45,"7,993,693"
GLD,09/16/2020,183.97,"12,717,630"
GLD,09/17/2020,182.96,"8,836,188"
GLD,09/18/2020,183.2,"9,959,667"
GLD,09/21/2020,179.52,"17,436,121"
GLD,09/22/2020,178.65,"7,977,916"
GLD,09/23/2020,174.79,"18,134,030"
GLD,09/24/2020,175.44,"11,759,192"
GLD,09/25/2020,174.94,"6,779,192"
GLD,09/28/2020,176.7,"7,109,746"
GLD,09/29/2020,178.19,"8,762,004"
GLD,09/30/2020,177.12,"8,371,844"
GLD,10/01/2020,178.7,"10,402,833"
GLD,10/02/2020,178.54,"7,488,503"
GLD,10/05/2020,179.41,"6,969,605"
GLD,10/06/2020,177.3,"8,632,761"
GLD,10/07/2020,177.22,"6,410,899"
GLD,10/08/2020,177.85,"6,530,845"
GLD,10/09/2020,181.08,"15,979,775"
GLD,10/12/2020,180.56,"4,842,997"
GLD,10/13/2020,177.72,"8,384,295"
GLD,10/14/2020,178.27,"9,100,896"
GLD,10/15/2020,178.92,"6,821,291"
GLD,10/16/2020,178.3,"7,262,158"
GLD,10/19/2020,178.39,"6,084,398"
GLD,10/20/2020,179.25,"7,124,678"
GLD,10/21/2020,180.6,"7,548,086"
GLD,10/22/2020,178.83,"8,376,974"
GLD,10/23/2020,178.64,"5,919,276"
GLD,10/26/2020,178.55,"5,105,103"
GLD,10/27/2020,179.02,"5,826,871"
GLD,10/28/2020,176.13,"11,734,083"
GLD,10/29/2020,175.4,"8,474,453"
GLD,10/30/2020,176.2,"7,304,589"
GLD,11/02/2020,177.91,"6,498,368"
GLD,11/03/2020,178.92,"7,577,196"
GLD,11/04/2020,178.82,"11,117,259"
GLD,11/05/2020,182.93,"16,102,775"
GLD,11/06/2020,183.19,"10,378,266"
GLD,11/09/2020,175.08,"29,800,706"
GLD,11/10/2020,175.66,"11,728,459"
GLD,11/11/2020,174.9,"9,008,471"
GLD,11/12/2020,175.96,"7,182,263"
GLD,11/13/2020,177.16,"6,470,910"
GLD,11/16/2020,177.15,"8,358,474"
GLD,11/17/2020,176.5,"8,229,142"
GLD,11/18/2020,175.49,"7,384,661"
GLD,11/19/2020,175.16,"6,965,056"
GLD,11/20/2020,175.69,"6,380,936"
GLD,11/23/2020,172.23,"15,510,552"
GLD,11/24/2020,169.59,"19,503,992"
GLD,11/25/2020,169.51,"10,286,575"
GLD,11/26/2020,,
GLD,11/27/2020,167.79,"10,569,141"
GLD,11/30/2020,166.67,"13,209,977"
GLD,12/01/2020,170.18,"13,555,209"
GLD,12/02/2020,171.46,"9,199,741"
GLD,12/03/2020,172.81,"10,457,274"
GLD,12/04/2020,172.32,"10,098,639"
GLD,12/07/2020,174.89,"10,555,101"
GLD,12/08/2020,175.5,"6,348,418"
GLD,12/09/2020,172.5,"10,743,185"
GLD,12/10/2020,172.17,"6,564,030"
GLD,12/11/2020,172.49,"6,084,848"
GLD,12/14/2020,171.54,"7,644,419"
GLD,12/15/2020,173.94,"6,848,629"
GLD,12/16/2020,174.9,"8,174,737"
GLD,12/17/2020,176.74,"9,475,790"
GLD,12/18/2020,176.44,"6,789,888"
GLD,12/21/2020,175.88,"8,168,924"
GLD,12/22/2020,174.49,"9,447,403"
GLD,12/23/2020,175.65,"6,542,767"
GLD,12/24/2020,176.35,"3,695,443"
GLD,12/25/2020,,
GLD,12/28/2020,175.71,"7,778,685"
GLD,12/29/2020,176.35,"5,983,741"
GLD,12/30/2020,177.7,"5,914,039"
GLD,12/31/2020,178.36,"7,540,757"
GLD,01/01/2021,,
GLD,01/04/2021,182.33,"14,331,436"
GLD,01/05/2021,182.87,"12,718,753"
GLD,01/06/2021,179.9,"18,453,495"
GLD,01/07/2021,179.48,"7,110,214"
GLD,01/08/2021,173.34,"24,399,895"
GLD,01/11/2021,173,"8,579,195"
GLD,01/12/2021,174.12,"9,798,480"
GLD,01/13/2021,173.37,"14,110,299"
GLD,01/14/2021,173.28,"13,522,670"
GLD,01/15/2021,171.13,"16,172,494"
GLD,01/18/2021,,
GLD,01/19/2021,172.58,"7,485,700"
GLD,01/20/2021,175.39,"9,456,038"
GLD,01/21/2021,175.28,"7,250,164"
GLD,01/22/2021,173.9,"7,269,592"
GLD,01/25/2021,174.05,"5,936,770"
GLD,01/26/2021,173.62,"4,685,568"
GLD,01/27/2021,172.52,"9,036,528"
GLD,01/28/2021,172.68,"9,392,363"
GLD,01/29/2021,172.61,"11,252,816"
GLD,02/01/2021,174.23,"9,079,082"
GLD,02/02/2021,172.11,"7,221,689"
GLD,02/03/2021,171.85,"4,658,060"
GLD,02/04/2021,168.15,"13,736,624"
GLD,02/05/2021,169.81,"6,538,458"
GLD,02/08/2021,171.52,"6,887,535"
GLD,02/09/2021,172.08,"5,131,799"
GLD,02/10/2021,172.71,"6,112,812"
GLD,02/11/2021,171.21,"5,994,522"
GLD,02/12/2021,170.69,"6,018,930"
GLD,02/15/2021,,
GLD,02/16/2021,168.24,"14,761,087"
GLD,02/17/2021,166.33,"11,425,421"
GLD,02/18/2021,166.32,"7,498,157"
GLD,02/19/2021,167.01,"8,273,502"
GLD,02/22/2021,169.51,"10,083,290"
GLD,02/23/2021,169.12,"8,616,789"
GLD,02/24/2021,169,"8,890,612"
GLD,02/25/2021,165.82,"16,359,418"
GLD,02/26/2021,161.81,"23,730,391"
GLD,03/01/2021,161.53,"13,828,347"
GLD,03/02/2021,162.41,"11,424,608"
GLD,03/03/2021,160.62,"13,059,936"
GLD,03/04/2021,159.04,"13,870,077"
GLD,03/05/2021,159.14,"12,068,139"
GLD,03/08/2021,157.49,"12,134,854"
GLD,03/09/2021,160.84,"10,382,555"
GLD,03/10/2021,161.66,"7,962,003"
GLD,03/11/2021,161.52,"6,749,209"
GLD,03/12/2021,161.49,"8,608,514"
GLD,03/15/2021,162.2,"8,110,140"
GLD,03/16/2021,162.35,"7,547,417"
GLD,03/17/2021,163.51,"12,626,689"
GLD,03/18/2021,162.56,"8,731,762"
GLD,03/19/2021,163.24,"6,868,892"
GLD,03/22/2021,163,"5,239,970"
GLD,03/23/2021,161.81,"6,048,301"
GLD,03/24/2021,162.37,"6,183,666"
GLD,03/25/2021,161.78,"8,398,596"
GLD,03/26/2021,162.24,"6,153,894"
GLD,03/29/2021,160.31,"8,409,316"
GLD,03/30/2021,157.57,"8,353,246"
GLD,03/31/2021,159.96,"10,623,771"
GLD,04/01/2021,161.98,"7,105,228"
GLD,04/02/2021,,
GLD,04/05/2021,161.92,"6,163,799"
GLD,04/06/2021,163.22,"6,761,166"
GLD,04/07/2021,162.76,"5,436,014"
GLD,04/08/2021,164.51,"6,574,524"
GLD,04/09/2021,163.27,"6,657,898"
GLD,04/12/2021,162.28,"4,896,669"
GLD,04/13/2021,163.43,"6,995,903"
GLD,04/14/2021,162.72,"6,312,296"
GLD,04/15/2021,165.35,"8,250,646"
GLD,04/16/2021,166.35,"10,057,602"
GLD,04/19/2021,165.89,"5,721,727"
GLD,04/20/2021,166.48,"6,531,979"
GLD,04/21/2021,168.13,"8,380,178"
GLD,04/22/2021,167.04,"7,680,140"
GLD,04/23/2021,166.4,"7,107,484"
GLD,04/26/2021,166.84,"4,786,613"
GLD,04/27/2021,166.42,"5,363,499"
GLD,04/28/2021,166.91,"6,932,217"
GLD,04/29/2021,166.22,"9,067,627"
GLD,04/30/2021,165.66,"6,248,711"
GLD,05/03/2021,167.81,"9,014,708"
GLD,05/04/2021,166.58,"10,267,411"
GLD,05/05/2021,167.27,"5,949,985"
GLD,05/06/2021,170.06,"13,574,072"
GLD,05/07/2021,171.59,"14,748,628"
GLD,05/10/2021,172.11,"8,276,584"
GLD,05/11/2021,172.14,"8,348,213"
GLD,05/12/2021,170.43,"12,666,262"
GLD,05/13/2021,171.13,"8,078,266"
GLD,05/14/2021,172.69,"9,686,777"
GLD,05/17/2021,174.7,"11,956,831"
GLD,05/18/2021,175.04,"7,294,010"
GLD,05/19/2021,175.16,"20,741,106"
GLD,05/20/2021,175.96,"9,802,799"
GLD,05/21/2021,176.04,"7,677,190"
GLD,05/24/2021,176.35,"5,557,339"
GLD,05/25/2021,177.95,"8,986,945"
GLD,05/26/2021,177.64,"8,495,383"
GLD,05/27/2021,177.71,"7,992,951"
GLD,05/28/2021,178.38,"9,968,324"
GLD,05/31/2021,,
GLD,06/01/2021,177.9,"9,143,250"
GLD,06/02/2021,178.77,"6,613,106"
GLD,06/03/2021,175.27,"10,153,899"
GLD,06/04/2021,177.16,"8,375,264"
GLD,06/07/2021,177.87,"7,709,094"
GLD,06/08/2021,177.32,"5,905,832"
GLD,06/09/2021,176.98,"6,346,094"
GLD,06/10/2021,177.74,"9,896,612"
GLD,06/11/2021,175.74,"7,836,860"
GLD,06/14/2021,174.71,"7,733,645"
GLD,06/15/2021,174.05,"7,550,154"
GLD,06/16/2021,171.11,"16,919,749"
GLD,06/17/2021,165.85,"27,232,236"
GLD,06/18/2021,164.93,"15,744,310"
GLD,06/21/2021,166.95,"8,370,991"
GLD,06/22/2021,166.25,"7,223,919"
GLD,06/23/2021,166.14,"8,474,276"
GLD,06/24/2021,166.04,"6,903,352"
GLD,06/25/2021,166.59,"7,473,679"
GLD,06/28/2021,166.58,"6,508,902"
GLD,06/29/2021,164.83,"7,451,415"
GLD,06/30/2021,165.63,"7,955,839"
GLD,07/01/2021,166.2,"7,430,497"
GLD,07/02/2021,167.29,"7,873,574"
GLD,07/05/2021,,
GLD,07/06/2021,168.12,"7,932,050"
GLD,07/07/2021,168.76,"7,108,909"
GLD,07/08/2021,168.65,"7,244,275"
GLD,07/09/2021,169.21,"4,997,398"
GLD,07/12/2021,169,"7,315,422"
GLD,07/13/2021,169.22,"7,040,277"
GLD,07/14/2021,171.04,"8,830,335"
GLD,07/15/2021,171.07,"6,520,126"
GLD,07/16/2021,169.41,"9,460,348"
GLD,07/19/2021,169.61,"6,707,365"
GLD,07/20/2021,169.39,"6,540,058"
GLD,07/21/2021,168.76,"4,622,581"
GLD,07/22/2021,169.09,"4,793,605"
GLD,07/23/2021,168.56,"5,831,463"
GLD,07/26/2021,168.16,"5,229,817"
GLD,07/27/2021,168.44,"6,300,183"
GLD,07/28/2021,169.29,"7,905,846"
GLD,07/29/2021,171.17,"8,119,591"
GLD,07/30/2021,169.82,"7,391,706"
GLD,08/02/2021,169.61,"10,783,240"
GLD,08/03/2021,169.49,"5,402,340"
GLD,08/04/2021,169.53,"9,796,349"
GLD,08/05/2021,168.86,"7,893,245"
GLD,08/06/2021,164.64,"13,547,643"
GLD,08/09/2021,161.72,"11,546,973"
GLD,08/10/2021,161.77,"6,870,766"
GLD,08/11/2021,164,"7,382,417"
GLD,08/12/2021,164.04,"5,222,080"
GLD,08/13/2021,166.39,"7,466,887"
GLD,08/16/2021,167.22,"7,781,796"
GLD,08/17/2021,166.97,"7,106,992"
GLD,08/18/2021,167.1,"7,697,931"
GLD,08/19/2021,166.61,"6,934,268"
GLD,08/20/2021,166.7,"7,154,348"
GLD,08/23/2021,168.73,"8,190,548"
GLD,08/24/2021,168.65,"4,519,173"
GLD,08/25/2021,167.48,"5,588,751"
GLD,08/26/2021,167.67,"4,371,866"
GLD,08/27/2021,170.19,"10,036,431"
GLD,08/30/2021,169.35,"3,768,628"
GLD,08/31/2021,169.69,"6,336,002"
GLD,09/01/2021,169.7,"4,764,866"
GLD,09/02/2021,169.25,"4,601,128"
GLD,09/03/2021,171.06,"8,353,646"
GLD,09/06/2021,,
GLD,09/07/2021,167.71,"10,007,697"
GLD,09/08/2021,167.29,"6,575,990"
GLD,09/09/2021,168.03,"6,641,424"
GLD,09/10/2021,167.18,"7,426,272"
GLD,09/13/2021,167.74,"5,474,323"
GLD,09/14/2021,168.82,"7,922,917"
GLD,09/15/2021,167.83,"5,624,883"
GLD,09/16/2021,164.03,"11,780,399"
GLD,09/17/2021,163.77,"8,369,679"
GLD,09/20/2021,164.94,"7,566,577"
GLD,09/21/2021,166.04,"7,181,458"
GLD,09/22/2021,165.42,"9,777,794"
GLD,09/23/2021,163.51,"8,451,899"
GLD,09/24/2021,163.3,"6,937,521"
GLD,09/27/2021,163.64,"4,942,989"
GLD,09/28/2021,162.05,"9,282,755"
GLD,09/29/2021,161.32,"8,360,656"
GLD,09/30/2021,164.22,"10,574,824"
GLD,10/01/2021,164.59,"6,654,686"
GLD,10/04/2021,165.36,"7,651,658"
GLD,10/05/2021,164.59,"5,617,283"
GLD,10/06/2021,165.03,"6,067,156"
GLD,10/07/2021,164.16,"4,791,505"
GLD,10/08/2021,164.23,"8,536,109"
GLD,10/11/2021,163.92,"3,820,087"
GLD,10/12/2021,164.66,"5,453,049"
GLD,10/13/2021,167.59,"11,118,291"
GLD,10/14/2021,168,"5,083,847"
GLD,10/15/2021,165.33,"8,699,223"
GLD,10/18/2021,164.92,"4,029,594"
GLD,10/19/2021,165.45,"6,588,473"
GLD,10/20/2021,166.9,"5,022,036"
GLD,10/21/2021,166.75,"4,412,389"
GLD,10/22/2021,167.77,"10,703,927"
GLD,10/25/2021,168.93,"4,881,346"
GLD,10/26/2021,167.68,"6,658,890"
GLD,10/27/2021,168.12,"5,823,080"
GLD,10/28/2021,168.08,"7,000,717"
GLD,10/29/2021,166.65,"7,531,872"
GLD,11/01/2021,167.52,"4,975,560"
GLD,11/02/2021,167.16,"3,760,736"
GLD,11/03/2021,165.77,"9,055,208"
GLD,11/04/2021,167.65,"6,656,097"
GLD,11/05/2021,169.84,"9,368,948"
GLD,11/08/2021,170.45,"4,966,135"
GLD,11/09/2021,171.29,"5,781,180"
GLD,11/10/2021,173.15,"11,461,779"
GLD,11/11/2021,174.12,"5,959,640"
GLD,11/12/2021,174.45,"7,894,848"
GLD,11/15/2021,174.18,"5,630,808"
GLD,11/16/2021,172.92,"8,667,323"
GLD,11/17/2021,174.5,"6,523,061"
GLD,11/18/2021,173.94,"6,253,445"
GLD,11/19/2021,172.61,"8,787,253"
GLD,11/22/2021,168.74,"13,100,511"
GLD,11/23/2021,167.28,"8,053,370"
GLD,11/24/2021,167.12,"5,359,457"
GLD,11/25/2021,,
GLD,11/26/2021,166.85,"9,605,192"
GLD,11/29/2021,166.62,"7,394,940"
GLD,11/30/2021,165.5,"12,925,270"
GLD,12/01/2021,166.16,"7,825,484"
GLD,12/02/2021,165.24,"9,604,118"
GLD,12/03/2021,166.63,"9,507,938"
GLD,12/06/2021,166.22,"4,813,624"
GLD,12/07/2021,166.81,"4,900,713"
GLD,12/08/2021,166.9,"4,288,935"
GLD,12/09/2021,165.88,"4,913,771"
GLD,12/10/2021,166.58,"6,450,614"
GLD,12/13/2021,167,"6,610,673"
GLD,12/14/2021,165.44,"8,637,879"
GLD,12/15/2021,166.15,"14,231,184"
GLD,12/16/2021,168.16,"11,186,197"
GLD,12/17/2021,167.8,"9,867,792"
GLD,12/20/2021,167.09,"6,972,959"
GLD,12/21/2021,167.02,"4,548,504"
GLD,12/22/2021,168.59,"4,672,941"
GLD,12/23/2021,168.97,"4,551,124"
GLD,12/24/2021,,
GLD,12/27/2021,169.37,"4,763,297"
GLD,12/28/2021,168.64,"4,545,714"
GLD,12/29/2021,168.59,"5,889,714"
GLD,12/30/2021,169.8,"5,426,311"
GLD,12/31/2021,170.96,"7,039,330"
GLD,01/03/2022,168.33,"9,014,423"
GLD,01/04/2022,169.57,"6,965,598"
GLD,01/05/2022,169.06,"8,715,585"
GLD,01/06/2022,166.99,"10,902,661"
GLD,01/07/2022,167.75,"8,191,936"
GLD,01/10/2022,168.26,"7,026,475"
GLD,01/11/2022,170.29,"8,368,980"
GLD,01/12/2022,170.74,"6,280,745"
GLD,01/13/2022,170.16,"7,034,202"
GLD,01/14/2022,169.67,"7,865,900"
GLD,01/17/2022,,
GLD,01/18/2022,169.39,"9,323,046"
GLD,01/19/2022,172.08,"15,784,477"
GLD,01/20/2022,171.65,"9,570,477"
GLD,01/21/2022,171.09,"10,982,517"
GLD,01/24/2022,172.03,"15,735,970"
GLD,01/25/2022,172.58,"17,382,097"
GLD,01/26/2022,169.79,"17,799,403"
GLD,01/27/2022,167.6,"15,875,306"
GLD,01/28/2022,167.1,"9,782,484"
GLD,01/31/2022,168.09,"8,539,265"
GLD,02/01/2022,168.23,"9,763,909"
GLD,02/02/2022,168.84,"9,085,285"
GLD,02/03/2022,168.6,"10,650,800"
GLD,02/04/2022,168.86,"9,619,611"
GLD,02/07/2022,170.11,"7,796,866"
GLD,02/08/2022,170.63,"5,801,993"
GLD,02/09/2022,171.21,"8,002,766"
GLD,02/10/2022,170.56,"10,693,524"
GLD,02/11/2022,173.81,"25,741,494"
GLD,02/14/2022,174.74,"13,650,704"
GLD,02/15/2022,173.08,"12,607,006"
GLD,02/16/2022,174.86,"12,772,069"
GLD,02/17/2022,177.25,"18,612,546"
GLD,02/18/2022,177.12,"12,760,663"
GLD,02/21/2022,,
GLD,02/22/2022,177.49,"14,960,494"
GLD,02/23/2022,178.29,"11,772,201"
GLD,02/24/2022,177.14,"32,725,999"
GLD,02/25/2022,176.55,"11,530,929"
GLD,02/28/2022,178.38,"16,055,844"
GLD,03/01/2022,181.62,"21,942,127"
GLD,03/02/2022,179.73,"19,727,192"
GLD,03/03/2022,180.8,"14,826,051"
GLD,03/04/2022,183.68,"22,412,092"
GLD,03/07/2022,186.41,"27,951,785"
GLD,03/08/2022,191.51,"47,347,678"
GLD,03/09/2022,185.82,"26,839,671"
GLD,03/10/2022,186.4,"18,455,213"
GLD,03/11/2022,185.09,"14,824,715"
GLD,03/14/2022,182.3,"13,186,389"
GLD,03/15/2022,178.89,"16,962,273"
GLD,03/16/2022,180.01,"17,548,090"
GLD,03/17/2022,180.89,"10,954,139"
GLD,03/18/2022,179.3,"13,996,452"
GLD,03/21/2022,180.67,"10,582,224"
GLD,03/22/2022,179.36,"9,621,751"
GLD,03/23/2022,181.81,"12,557,272"
GLD,03/24/2022,183.13,"10,970,070"
GLD,03/25/2022,182.38,"7,914,035"
GLD,03/28/2022,179.06,"9,489,725"
GLD,03/29/2022,179.14,"10,458,927"
GLD,03/30/2022,180.58,"8,361,286"
GLD,03/31/2022,180.65,"9,844,398"
GLD,04/01/2022,179.5,"13,034,395"
GLD,04/04/2022,180.37,"7,063,124"
GLD,04/05/2022,179.24,"10,828,531"
GLD,04/06/2022,179.66,"8,942,121"
GLD,04/07/2022,180.34,"10,140,585"
GLD,04/08/2022,181.47,"10,655,681"
GLD,04/11/2022,182.37,"10,071,319"
GLD,04/12/2022,183.77,"12,024,560"
GLD,04/13/2022,184.65,"8,651,635"
GLD,04/14/2022,184.04,"11,567,178"
GLD,04/15/2022,,
GLD,04/18/2022,184.61,"8,886,690"
GLD,04/19/2022,181.82,"12,585,622"
GLD,04/20/2022,182.71,"7,038,625"
GLD,04/21/2022,182.06,"9,639,834"
GLD,04/22/2022,180.29,"9,146,973"
GLD,04/25/2022,177.05,"13,073,688"
GLD,04/26/2022,177.32,"9,042,403"
GLD,04/27/2022,175.98,"8,854,721"
GLD,04/28/2022,176.93,"6,384,762"
GLD,04/29/2022,176.91,"7,719,702"
GLD,05/02/2022,173.63,"14,318,600"
GLD,05/03/2022,174.09,"7,214,348"
GLD,05/04/2022,175.8,"10,491,681"
GLD,05/05/2022,175.13,"12,794,160"
GLD,05/06/2022,175.42,"7,643,269"
GLD,05/09/2022,172.88,"10,742,410"
GLD,05/10/2022,171.42,"11,010,440"
GLD,05/11/2022,172.82,"9,179,592"
GLD,05/12/2022,170.17,"11,626,799"
GLD,05/13/2022,168.79,"13,031,057"
GLD,05/16/2022,170.4,"7,319,277"
GLD,05/17/2022,169.33,"6,441,110"
GLD,05/18/2022,169.42,"7,472,850"
GLD,05/19/2022,171.91,"10,580,267"
GLD,05/20/2022,172.03,"6,578,056"
GLD,05/23/2022,172.83,"5,518,503"
GLD,05/24/2022,174.13,"6,793,991"
GLD,05/25/2022,173.08,"4,595,917"
GLD,05/26/2022,172.76,"6,466,982"
GLD,05/27/2022,172.85,"3,847,871"
GLD,05/30/2022,,
GLD,05/31/2022,171.14,"6,243,967"
GLD,06/01/2022,172.23,"6,946,516"
GLD,06/02/2022,174.35,"5,623,129"
GLD,06/03/2022,172.58,"5,519,407"
GLD,06/06/2022,171.82,"3,766,042"
GLD,06/07/2022,172.94,"3,860,035"
GLD,06/08/2022,172.78,"5,140,816"
GLD,06/09/2022,172.23,"4,701,143"
GLD,06/10/2022,174.54,"16,856,138"
GLD,06/13/2022,169.93,"13,265,243"
GLD,06/14/2022,168.57,"7,347,935"
GLD,06/15/2022,170.77,"9,000,294"
GLD,06/16/2022,172.69,"8,823,558"
GLD,06/17/2022,171.27,"7,407,223"
GLD,06/20/2022,,
GLD,06/21/2022,170.63,"5,608,485"
GLD,06/22/2022,171.31,"6,558,656"
GLD,06/23/2022,170.26,"6,535,261"
GLD,06/24/2022,170.09,"6,143,081"
GLD,06/27/2022,169.9,"5,719,684"
GLD,06/28/2022,169.62,"2,984,450"
GLD,06/29/2022,169.49,"4,785,576"
GLD,06/30/2022,168.46,"9,144,391"
GLD,07/01/2022,168.32,"11,380,332"
GLD,07/04/2022,,
GLD,07/05/2022,164.75,"14,035,426"
GLD,07/06/2022,162.14,"11,861,144"
GLD,07/07/2022,162.23,"4,588,418"
GLD,07/08/2022,162.3,"4,584,112"
GLD,07/11/2022,161.43,"4,321,663"
GLD,07/12/2022,160.83,"5,375,081"
GLD,07/13/2022,161.6,"8,456,636"
GLD,07/14/2022,159.33,"12,213,614"
GLD,07/15/2022,159.01,"6,783,785"
GLD,07/18/2022,159.16,"5,791,779"
GLD,07/19/2022,159.54,"3,796,198"
GLD,07/20/2022,158.04,"4,795,846"
GLD,07/21/2022,160.27,"5,863,333"
GLD,07/22/2022,160.67,"5,733,753"
GLD,07/25/2022,160.23,"3,713,368"
GLD,07/26/2022,160.04,"2,672,764"
GLD,07/27/2022,161.67,"5,709,082"
GLD,07/28/2022,163.64,"5,606,353"
GLD,07/29/2022,164.1,"7,537,307"
GLD,08/01/2022,165.03,"4,666,912"
GLD,08/02/2022,164.05,"5,725,388"
GLD,08/03/2022,164.45,"4,417,759"
GLD,08/04/2022,167.17,"5,502,000"
GLD,08/05/2022,165.29,"6,023,291"
GLD,08/08/2022,166.69,"3,457,314"
GLD,08/09/2022,167.2,"3,205,505"
GLD,08/10/2022,166.78,"4,077,274"
GLD,08/11/2022,166.34,"4,445,977"
GLD,08/12/2022,167.87,"5,151,653"
GLD,08/15/2022,165.71,"5,236,292"
GLD,08/16/2022,165.42,"4,291,529"
GLD,08/17/2022,164.35,"5,569,071"
GLD,08/18/2022,163.92,"3,646,087"
GLD,08/19/2022,162.72,"8,172,954"
GLD,08/22/2022,161.64,"4,458,113"
GLD,08/23/2022,162.77,"4,425,075"
GLD,08/24/2022,163.25,"3,202,411"
GLD,08/25/2022,163.75,"2,857,488"
GLD,08/26/2022,161.76,"6,689,259"
GLD,08/29/2022,161.86,"4,702,256"
GLD,08/30/2022,160.51,"4,856,576"
GLD,08/31/2022,159.27,"5,438,641"
GLD,09/01/2022,157.87,"7,390,755"
GLD,09/02/2022,159.26,"5,196,908"
GLD,09/05/2022,,
GLD,09/06/2022,158.33,"4,863,819"
GLD,09/07/2022,159.94,"3,981,410"
GLD,09/08/2022,158.98,"4,607,118"
GLD,09/09/2022,159.82,"3,927,788"
GLD,09/12/2022,160.63,"4,537,530"
GLD,09/13/2022,158.54,"6,526,388"
GLD,09/14/2022,157.93,"6,091,085"
GLD,09/15/2022,154.98,"13,181,203"
GLD,09/16/2022,155.84,"7,141,210"
GLD,09/19/2022,155.96,"5,582,767"
GLD,09/20/2022,155.07,"5,943,724"
GLD,09/21/2022,155.79,"7,816,071"
GLD,09/22/2022,155.7,"5,975,237"
GLD,09/23/2022,153.01,"9,597,991"
GLD,09/26/2022,151.23,"8,240,501"
GLD,09/27/2022,151.54,"7,151,310"
GLD,09/28/2022,154.69,"8,977,243"
GLD,09/29/2022,154.66,"6,317,021"
GLD,09/30/2022,154.67,"6,832,430"
GLD,10/03/2022,158.43,"10,362,232"
GLD,10/04/2022,160.7,"8,024,496"
GLD,10/05/2022,159.81,"5,296,309"
GLD,10/06/2022,159.63,"5,712,627"
GLD,10/07/2022,157.88,"5,030,041"
GLD,10/10/2022,155.48,"6,110,794"
GLD,10/11/2022,155.16,"5,306,673"
GLD,10/12/2022,155.99,"3,998,472"
GLD,10/13/2022,154.91,"7,083,767"
GLD,10/14/2022,152.98,"5,474,648"
GLD,10/17/2022,153.42,"4,348,044"
GLD,10/18/2022,153.75,"4,528,441"
GLD,10/19/2022,151.69,"8,257,060"
GLD,10/20/2022,151.45,"5,019,849"
GLD,10/21/2022,154.15,"6,898,351"
GLD,10/24/2022,153.65,"4,673,274"
GLD,10/25/2022,154,"3,434,053"
GLD,10/26/2022,154.98,"4,451,056"
GLD,10/27/2022,154.74,"3,654,871"
GLD,10/28/2022,153.16,"4,645,440"
GLD,10/31/2022,151.91,"6,097,760"
GLD,11/01/2022,153.46,"4,603,597"
GLD,11/02/2022,152.39,"7,220,403"
GLD,11/03/2022,151.81,"5,378,810"
GLD,11/04/2022,156.47,"7,691,954"
GLD,11/07/2022,155.85,"4,425,710"
GLD,11/08/2022,159.45,"11,299,635"
GLD,11/09/2022,158.65,"6,040,627"
GLD,11/10/2022,163.48,"9,939,858"
GLD,11/11/2022,164.56,"4,622,422"
GLD,11/14/2022,164.92,"6,187,552"
GLD,11/15/2022,165.5,"9,903,495"
GLD,11/16/2022,165.12,"3,645,845"
GLD,11/17/2022,163.92,"4,578,129"
GLD,11/18/2022,162.79,"4,321,075"
GLD,11/21/2022,161.88,"4,766,512"
GLD,11/22/2022,162.07,"3,203,837"
GLD,11/23/2022,163.08,"4,167,005"
GLD,11/24/2022,,
GLD,11/25/2022,163.22,"1,436,508"
GLD,11/28/2022,161.93,"4,053,918"
GLD,11/29/2022,162.73,"2,620,637"
GLD,11/30/2022,164.81,"4,874,746"
GLD,12/01/2022,167.84,"8,625,780"
GLD,12/02/2022,167.26,"5,185,941"
GLD,12/05/2022,164.39,"5,436,175"
GLD,12/06/2022,164.84,"3,597,758"
GLD,12/07/2022,166.33,"4,610,697"
GLD,12/08/2022,166.47,"3,217,874"
GLD,12/09/2022,167.06,"5,431,272"
GLD,12/12/2022,165.68,"3,504,409"
GLD,12/13/2022,168.51,"6,750,199"
GLD,12/14/2022,168.1,"5,642,965"
GLD,12/15/2022,165.35,"8,370,909"
GLD,12/16/2022,166.79,"5,371,967"
GLD,12/19/2022,166.32,"3,940,525"
GLD,12/20/2022,169.08,"7,803,118"
GLD,12/21/2022,168.8,"3,990,060"
GLD,12/22/2022,166.76,"5,672,656"
GLD,12/23/2022,167.26,"2,912,300"
GLD,12/26/2022,,
GLD,12/27/2022,168.67,"6,885,715"
GLD,12/28/2022,167.91,"3,662,456"
GLD,12/29/2022,168.85,"3,345,874"
GLD,12/30/2022,169.64,"2,864,455"
GLD,01/02/2023,,
GLD,01/03/2023,171.06,"7,992,927"
GLD,01/04/2023,172.67,"7,574,633"
GLD,01/05/2023,170.52,"4,692,610"
GLD,01/06/2023,173.71,"7,888,954"
GLD,01/09/2023,174.1,"5,134,503"
GLD,01/10/2023,174.74,"4,398,411"
GLD,01/11/2023,174.62,"3,374,201"
GLD,01/12/2023,176.64,"6,936,919"
GLD,01/13/2023,178.76,"7,468,768"
GLD,01/16/2023,,
GLD,01/17/2023,177.59,"6,610,834"
GLD,01/18/2023,177.08,"5,384,664"
GLD,01/19/2023,179.89,"6,678,687"
GLD,01/20/2023,179.29,"5,754,818"
GLD,01/23/2023,179.63,"5,265,507"
GLD,01/24/2023,180.28,"4,604,628"
GLD,01/25/2023,181.11,"6,925,348"
GLD,01/26/2023,179.47,"5,860,129"
GLD,01/27/2023,179.22,"6,052,728"
GLD,01/30/2023,178.76,"4,210,726"
GLD,01/31/2023,179.41,"5,976,888"
GLD,02/01/2023,181.67,"7,996,005"
GLD,02/02/2023,177.9,"8,842,396"
GLD,02/03/2023,173.46,"13,674,441"
GLD,02/06/2023,173.82,"8,956,963"
GLD,02/07/2023,173.98,"6,794,153"
GLD,02/08/2023,174.41,"4,075,638"
GLD,02/09/2023,173.03,"5,361,340"
GLD,02/10/2023,173.36,"2,971,125"
GLD,02/13/2023,172.48,"3,970,786"
GLD,02/14/2023,172.61,"5,403,099"
GLD,02/15/2023,170.89,"5,435,337"
GLD,02/16/2023,170.75,"4,540,398"
GLD,02/17/2023,171.26,"4,809,799"
GLD,02/20/2023,,
GLD,02/21/2023,170.62,"4,035,933"
GLD,02/22/2023,169.66,"4,105,675"
GLD,02/23/2023,169.57,"5,073,479"
GLD,02/24/2023,168.35,"6,496,496"
GLD,02/27/2023,169.01,"4,509,151"
GLD,02/28/2023,169.78,"6,761,585"
GLD,03/01/2023,170.76,"6,590,468"
GLD,03/02/2023,170.66,"3,952,266"
GLD,03/03/2023,172.49,"6,894,466"
GLD,03/06/2023,171.62,"4,264,124"
GLD,03/07/2023,168.62,"8,713,268"
GLD,03/08/2023,168.54,"5,718,595"
GLD,03/09/2023,170.2,"5,582,980"
GLD,03/10/2023,173.87,"13,803,437"
GLD,03/13/2023,177.86,"20,554,417"
GLD,03/14/2023,176.83,"10,019,032"
GLD,03/15/2023,178.21,"14,546,095"
GLD,03/16/2023,178.57,"10,764,872"
GLD,03/17/2023,183.77,"24,156,266"
GLD,03/20/2023,183.84,"11,845,678"
GLD,03/21/2023,180.37,"10,734,493"
GLD,03/22/2023,183.44,"11,969,561"
GLD,03/23/2023,185.74,"11,347,149"
GLD,03/24/2023,183.65,"9,253,075"
GLD,03/27/2023,181.95,"6,925,046"
GLD,03/28/2023,183.44,"6,202,597"
GLD,03/29/2023,182.53,"4,996,493"
GLD,03/30/2023,184.18,"6,360,296"
GLD,03/31/2023,183.22,"8,003,334"
GLD,04/03/2023,184.54,"9,206,635"
GLD,04/04/2023,187.98,"13,765,361"
GLD,04/05/2023,187.83,"11,440,827"
GLD,04/06/2023,186.49,"6,648,428"
GLD,04/07/2023,,
GLD,04/10/2023,185.11,"6,408,114"
GLD,04/11/2023,186.28,"6,031,494"
GLD,04/12/2023,187.19,"10,000,948"
GLD,04/13/2023,189.72,"14,060,106"
GLD,04/14/2023,186.36,"13,272,541"
GLD,04/17/2023,185.53,"7,468,062"
GLD,04/18/2023,186.25,"8,056,928"
GLD,04/19/2023,185.36,"7,373,518"
GLD,04/20/2023,186.09,"5,789,908"
GLD,04/21/2023,184.25,"10,698,705"
GLD,04/24/2023,184.81,"8,303,396"
GLD,04/25/2023,185.75,"8,451,933"
GLD,04/26/2023,184.74,"8,203,595"
GLD,04/27/2023,184.75,"9,107,425"
GLD,04/28/2023,184.8,"6,700,418"
GLD,05/01/2023,183.97,"7,997,658"
GLD,05/02/2023,187.52,"13,554,921"
GLD,05/03/2023,189.11,"11,133,826"
GLD,05/04/2023,190.44,"14,146,787"
GLD,05/05/2023,187.46,"12,508,113"
GLD,05/08/2023,187.69,"6,075,441"
GLD,05/09/2023,189.02,"7,098,810"
GLD,05/10/2023,188.75,"9,392,097"
GLD,05/11/2023,187.13,"8,245,523"
GLD,05/12/2023,186.81,"7,087,462"
GLD,05/15/2023,187.21,"5,518,086"
GLD,05/16/2023,184.87,"9,527,806"
GLD,05/17/2023,184.23,"7,474,277"
GLD,05/18/2023,181.84,"8,812,591"
GLD,05/19/2023,183.64,"8,434,976"
GLD,05/22/2023,183.21,"4,834,298"
GLD,05/23/2023,183.43,"6,345,012"
GLD,05/24/2023,181.95,"6,732,940"
GLD,05/25/2023,180.2,"6,919,174"
GLD,05/26/2023,180.92,"5,823,674"
GLD,05/29/2023,,
GLD,05/30/2023,182.04,"4,906,066"
GLD,05/31/2023,182.32,"8,497,893"
GLD,06/01/2023,183.76,"7,300,542"
GLD,06/02/2023,181.05,"8,726,111"
GLD,06/05/2023,182.14,"6,403,343"
GLD,06/06/2023,182.34,"4,967,156"
GLD,06/07/2023,180.15,"9,066,528"
GLD,06/08/2023,182.53,"6,394,890"
GLD,06/09/2023,182.04,"4,380,811"
GLD,06/12/2023,181.88,"4,875,450"
GLD,06/13/2023,180.54,"5,126,686"
GLD,06/14/2023,180.64,"6,807,003"
GLD,06/15/2023,181.91,"6,739,009"
GLD,06/16/2023,181.63,"8,779,096"
GLD,06/19/2023,,
GLD,06/20/2023,179.75,"7,586,229"
GLD,06/21/2023,179.49,"6,702,339"
GLD,06/22/2023,177.71,"7,948,565"
GLD,06/23/2023,178.2,"5,419,784"
GLD,06/26/2023,178.51,"3,222,050"
GLD,06/27/2023,177.69,"5,036,916"
GLD,06/28/2023,177.28,"5,866,741"
GLD,06/29/2023,177.09,"6,862,511"
GLD,06/30/2023,178.27,"6,420,904"
GLD,07/03/2023,178.47,"4,085,711"
GLD,07/04/2023,,
GLD,07/05/2023,177.84,"5,652,091"
GLD,07/06/2023,177.31,"5,132,954"
GLD,07/07/2023,178.64,"5,201,148"
GLD,07/10/2023,178.78,"3,320,497"
GLD,07/11/2023,179.45,"2,819,610"
GLD,07/12/2023,181.88,"7,062,010"
GLD,07/13/2023,182.01,"4,527,900"
GLD,07/14/2023,181.43,"5,389,968"
GLD,07/17/2023,181.56,"4,152,919"
GLD,07/18/2023,183.64,"8,242,597"
GLD,07/19/2023,183.67,"3,911,565"
GLD,07/20/2023,182.74,"4,972,856"
GLD,07/21/2023,182.18,"3,845,361"
GLD,07/24/2023,181.4,"4,370,026"
GLD,07/25/2023,182.41,"4,090,149"
GLD,07/26/2023,183.3,"6,158,432"
GLD,07/27/2023,180.42,"7,592,752"
GLD,07/28/2023,181.86,"3,829,197"
GLD,07/31/2023,182.35,"5,496,890"
GLD,08/01/2023,180.46,"6,289,869"
GLD,08/02/2023,179.6,"6,348,266"
GLD,08/03/2023,179.54,"4,638,874"
GLD,08/04/2023,180.19,"5,326,191"
GLD,08/07/2023,179.78,"4,510,408"
GLD,08/08/2023,178.64,"6,162,879"
GLD,08/09/2023,177.79,"4,643,998"
GLD,08/10/2023,177.6,"5,934,598"
GLD,08/11/2023,177.6,"5,289,694"
GLD,08/14/2023,177.06,"9,554,477"
GLD,08/15/2023,176.59,"7,582,703"
GLD,08/16/2023,175.57,"6,559,418"
GLD,08/17/2023,175.3,"7,937,672"
GLD,08/18/2023,175.33,"6,253,027"
GLD,08/21/2023,175.81,"4,206,360"
GLD,08/22/2023,176.1,"5,892,540"
GLD,08/23/2023,177.89,"7,949,056"
GLD,08/24/2023,177.85,"5,526,428"
GLD,08/25/2023,177.62,"6,132,927"
GLD,08/28/2023,178.13,"4,740,683"
GLD,08/29/2023,179.87,"7,576,640"
GLD,08/30/2023,180.32,"6,593,692"
GLD,08/31/2023,180.02,"4,795,626"
GLD,09/01/2023,180.11,"4,970,732"
GLD,09/04/2023,,
GLD,09/05/2023,178.64,"7,056,834"
GLD,09/06/2023,177.83,"6,427,224"
GLD,09/07/2023,178.02,"3,257,213"
GLD,09/08/2023,178.08,"3,293,699"
GLD,09/11/2023,178.41,"3,689,085"
GLD,09/12/2023,177.49,"4,445,435"
GLD,09/13/2023,177.08,"3,874,788"
GLD,09/14/2023,177.17,"6,184,382"
GLD,09/15/2023,178.34,"5,620,888"
GLD,09/18/2023,179.39,"5,049,308"
GLD,09/19/2023,179.22,"4,225,102"
GLD,09/20/2023,179.35,"9,330,262"
GLD,09/21/2023,178.05,"7,573,300"
GLD,09/22/2023,178.62,"3,637,075"
GLD,09/25/2023,177.7,"5,582,074"
GLD,09/26/2023,176.28,"7,181,080"
GLD,09/27/2023,174.1,"10,919,579"
GLD,09/28/2023,173.23,"10,061,917"
GLD,09/29/2023,171.45,"10,427,383"
GLD,10/02/2023,169.65,"12,706,027"
GLD,10/03/2023,169.16,"11,459,840"
GLD,10/04/2023,169.14,"10,034,600"
GLD,10/05/2023,168.83,"6,970,219"
GLD,10/06/2023,169.7,"9,948,433"
GLD,10/09/2023,172.82,"10,201,547"
GLD,10/10/2023,172.53,"5,843,995"
GLD,10/11/2023,173.79,"7,128,002"
GLD,10/12/2023,173.26,"5,912,663"
GLD,10/13/2023,178.83,"18,802,885"
GLD,10/16/2023,177.96,"8,385,428"
GLD,10/17/2023,178.29,"8,231,866"
GLD,10/18/2023,180.87,"13,920,793"
GLD,10/19/2023,183.09,"13,406,560"
GLD,10/20/2023,183.59,"12,785,667"
GLD,10/23/2023,182.97,"9,479,805"
GLD,10/24/2023,182.95,"6,593,963"
GLD,10/25/2023,183.72,"10,087,016"
GLD,10/26/2023,184.01,"7,671,406"
GLD,10/27/2023,186.15,"14,102,828"
GLD,10/30/2023,185.1,"8,756,405"
GLD,10/31/2023,184.09,"10,104,569"
GLD,11/01/2023,183.51,"9,048,562"
GLD,11/02/2023,184.12,"7,343,699"
GLD,11/03/2023,184.79,"8,530,399"
GLD,11/06/2023,183.35,"8,274,666"
GLD,11/07/2023,182.59,"6,795,795"
GLD,11/08/2023,180.77,"6,738,304"
GLD,11/09/2023,181.49,"6,486,286"
GLD,11/10/2023,179.51,"7,611,618"
GLD,11/13/2023,180.51,"5,385,908"
GLD,11/14/2023,182.12,"6,831,639"
GLD,11/15/2023,181.64,"4,909,399"
GLD,11/16/2023,183.69,"8,253,348"
GLD,11/17/2023,183.67,"4,871,297"
GLD,11/20/2023,183.37,"5,393,464"
GLD,11/21/2023,185.35,"7,322,379"
GLD,11/22/2023,184.56,"4,338,209"
GLD,11/23/2023,,
GLD,11/24/2023,185.52,"2,445,058"
GLD,11/27/2023,186.77,"6,320,420"
GLD,11/28/2023,189.26,"10,901,890"
GLD,11/29/2023,189.54,"8,407,253"
GLD,11/30/2023,188.75,"7,558,123"
GLD,12/01/2023,192.01,"16,727,571"
GLD,12/04/2023,187.86,"18,460,544"
GLD,12/05/2023,187.15,"7,027,722"
GLD,12/06/2023,187.84,"5,778,604"
GLD,12/07/2023,188.15,"5,802,025"
GLD,12/08/2023,185.64,"7,883,204"
GLD,12/11/2023,183.59,"8,519,527"
GLD,12/12/2023,183.49,"5,056,911"
GLD,12/13/2023,187.63,"10,635,500"
GLD,12/14/2023,188.73,"9,107,157"
GLD,12/15/2023,187,"8,324,824"
GLD,12/18/2023,187.85,"5,357,987"
GLD,12/19/2023,189.13,"6,025,564"
GLD,12/20/2023,188.1,"6,002,395"
GLD,12/21/2023,189.43,"4,619,995"
GLD,12/22/2023,190.27,"7,176,292"
GLD,12/25/2023,,
GLD,12/26/2023,191.72,"4,502,664"
GLD,12/27/2023,192.59,"5,813,295"
GLD,12/28/2023,191.47,"6,171,506"
GLD,12/29/2023,191.17,"4,612,349"
GLD,01/01/2024,,
GLD,01/02/2024,190.72,"6,025,646"
GLD,01/03/2024,189.13,"8,661,568"
GLD,01/04/2024,189.32,"4,416,743"
GLD,01/05/2024,189.35,"7,481,883"
GLD,01/08/2024,187.87,"6,214,968"
GLD,01/09/2024,187.93,"4,437,269"
GLD,01/10/2024,187.5,"4,504,726"
GLD,01/11/2024,187.87,"6,831,086"
GLD,01/12/2024,189.71,"6,833,678"
GLD,01/15/2024,,
GLD,01/16/2024,187.91,"6,548,068"
GLD,01/17/2024,185.84,"8,643,163"
GLD,01/18/2024,187.37,"4,685,239"
GLD,01/19/2024,187.93,"5,719,650"
GLD,01/22/2024,187.22,"4,397,522"
GLD,01/23/2024,187.95,"5,040,771"
GLD,01/24/2024,186.4,"6,085,437"
GLD,01/25/2024,187.14,"4,651,026"
GLD,01/26/2024,187.01,"5,064,774"
GLD,01/29/2024,188.33,"5,629,695"
GLD,01/30/2024,188.59,"4,976,467"
GLD,01/31/2024,188.45,"7,886,115"
GLD,02/01/2024,190.41,"10,278,129"
GLD,02/02/2024,188.61,"7,337,573"
GLD,02/05/2024,187.57,"5,436,062"
GLD,02/06/2024,188.55,"4,866,122"
GLD,02/07/2024,188.5,"6,276,879"
GLD,02/08/2024,188.33,"3,873,445"
GLD,02/09/2024,187.6,"4,412,654"
GLD,02/12/2024,187.11,"4,706,253"
GLD,02/13/2024,184.53,"9,525,794"
GLD,02/14/2024,184.42,"7,031,562"
GLD,02/15/2024,185.66,"6,228,859"
GLD,02/16/2024,186.34,"6,518,526"
GLD,02/19/2024,,
GLD,02/20/2024,187.47,"5,531,152"
GLD,02/21/2024,187.48,"5,789,951"
GLD,02/22/2024,187.56,"4,550,823"
GLD,02/23/2024,188.62,"6,827,271"
GLD,02/26/2024,188.2,"4,491,937"
GLD,02/27/2024,188,"5,165,376"
GLD,02/28/2024,188.34,"2,824,131"
GLD,02/29/2024,189.31,"6,848,639"
GLD,03/01/2024,192.89,"13,410,997"
GLD,03/04/2024,196.01,"12,216,341"
GLD,03/05/2024,197.19,"9,672,210"
GLD,03/06/2024,198.81,"10,459,292"
GLD,03/07/2024,199.94,"8,403,737"
GLD,03/08/2024,201.63,"13,540,110"
GLD,03/11/2024,202,"7,329,560"
GLD,03/12/2024,199.79,"9,436,586"
GLD,03/13/2024,201.19,"5,929,990"
GLD,03/14/2024,200.35,"6,865,044"
GLD,03/15/2024,199.71,"4,556,710"
GLD,03/18/2024,200.03,"7,206,823"
GLD,03/19/2024,199.8,"4,657,527"
GLD,03/20/2024,202.18,"9,593,754"
GLD,03/21/2024,201.97,"7,396,540"
GLD,03/22/2024,200.35,"6,918,508"
GLD,03/25/2024,200.99,"4,034,750"
GLD,03/26/2024,201.64,"5,752,677"
GLD,03/27/2024,203.1,"6,040,980"
GLD,03/28/2024,205.72,"9,194,473"
GLD,03/29/2024,,
GLD,04/01/2024,207.82,"13,677,114"
GLD,04/02/2024,210.89,"13,421,070"
GLD,04/03/2024,212.74,"11,416,226"
GLD,04/04/2024,211.52,"12,307,274"
GLD,04/05/2024,215.14,"13,382,720"
GLD,04/08/2024,216.48,"10,331,406"
GLD,04/09/2024,217.67,"13,079,306"
GLD,04/10/2024,215.61,"13,317,492"
GLD,04/11/2024,219.8,"11,415,224"
GLD,04/12/2024,216.89,"30,898,775"
GLD,04/15/2024,220.95,"13,238,952"
GLD,04/16/2024,221.22,"10,746,123"
GLD,04/17/2024,219.59,"11,521,054"
GLD,04/18/2024,220.34,"6,496,885"
GLD,04/19/2024,221.03,"8,688,967"
GLD,04/22/2024,215.57,"13,404,253"
GLD,04/23/2024,215.04,"10,730,332"
GLD,04/24/2024,214.64,"5,741,072"
GLD,04/25/2024,215.92,"6,606,512"
GLD,04/26/2024,216.62,"6,268,504"
GLD,04/29/2024,216.18,"6,409,870"
GLD,04/30/2024,211.87,"11,248,615"
GLD,05/01/2024,213.79,"10,373,880"
GLD,05/02/2024,213.13,"6,286,967"
GLD,05/03/2024,212.96,"8,679,910"
GLD,05/06/2024,215.2,"6,840,477"
GLD,05/07/2024,214.21,"5,660,735"
GLD,05/08/2024,213.58,"4,462,736"
GLD,05/09/2024,216.95,"7,732,469"
GLD,05/10/2024,218.71,"8,700,917"
GLD,05/13/2024,216.26,"4,896,343"
GLD,05/14/2024,218.09,"4,662,679"
GLD,05/15/2024,220.89,"9,297,715"
GLD,05/16/2024,220.03,"4,301,652"
GLD,05/17/2024,223.66,"10,481,937"
GLD,05/20/2024,224.56,"5,990,860"
GLD,05/21/2024,224.23,"4,002,615"
GLD,05/22/2024,220.11,"8,903,115"
GLD,05/23/2024,215.72,"9,537,911"
GLD,05/24/2024,215.92,"4,212,379"
GLD,05/27/2024,,
GLD,05/28/2024,218.19,"3,809,677"
GLD,05/29/2024,216.16,"4,184,972"
GLD,05/30/2024,216.57,"3,071,290"
GLD,05/31/2024,215.3,"5,617,183"
GLD,06/03/2024,217.22,"6,172,606"
GLD,06/04/2024,215.27,"5,509,361"
GLD,06/05/2024,217.82,"5,479,226"
GLD,06/06/2024,219.43,"5,283,914"
GLD,06/07/2024,211.6,"12,195,073"
GLD,06/10/2024,213.54,"4,219,641"
GLD,06/11/2024,214.15,"4,004,085"
GLD,06/12/2024,214.72,"5,911,883"
GLD,06/13/2024,212.97,"5,861,099"
GLD,06/14/2024,215.73,"7,076,496"
GLD,06/17/2024,214.61,"3,877,671"
GLD,06/18/2024,215.47,"4,921,415"
GLD,06/19/2024,,
GLD,06/20/2024,218.16,"7,290,516"
GLD,06/21/2024,214.78,"8,935,399"
GLD,06/24/2024,215.63,"4,626,923"
GLD,06/25/2024,214.56,"3,847,694"
GLD,06/26/2024,212.58,"4,690,348"
GLD,06/27/2024,214.99,"4,977,837"
GLD,06/28/2024,215.01,"3,955,080"
GLD,07/01/2024,215.57,"3,797,921"
GLD,07/02/2024,215.56,"4,921,672"
GLD,07/03/2024,217.99,"5,055,313"
GLD,07/04/2024,,
GLD,07/05/2024,220.93,"5,950,550"
GLD,07/08/2024,218.19,"5,790,811"
GLD,07/09/2024,218.56,"3,904,495"
GLD,07/10/2024,219.36,"5,556,185"
GLD,07/11/2024,223.25,"9,323,981"
GLD,07/12/2024,223.11,"5,179,297"
GLD,07/15/2024,223.83,"5,719,339"
GLD,07/16/2024,228.29,"11,070,663"
GLD,07/17/2024,227.23,"8,620,511"
GLD,07/18/2024,225.78,"5,485,459"
GLD,07/19/2024,221.73,"8,665,956"
GLD,07/22/2024,221.8,"5,334,060"
GLD,07/23/2024,222.58,"4,435,700"
GLD,07/24/2024,221.8,"6,838,783"
GLD,07/25/2024,218.33,"9,777,054"
GLD,07/26/2024,220.63,"6,328,784"
GLD,07/29/2024,220.32,"4,665,057"
GLD,07/30/2024,222.52,"4,939,531"
GLD,07/31/2024,226.55,"7,316,552"
GLD,08/01/2024,225.77,"7,217,224"
GLD,08/02/2024,225.34,"11,109,387"
GLD,08/05/2024,222.48,"8,939,011"
GLD,08/06/2024,220.7,"14,362,267"
GLD,08/07/2024,220.55,"5,287,817"
GLD,08/08/2024,224.01,"6,327,054"
GLD,08/09/2024,224.56,"4,441,017"
GLD,08/12/2024,228.41,"5,561,259"
GLD,08/13/2024,228.06,"6,740,238"
GLD,08/14/2024,226.2,"5,462,495"
GLD,08/15/2024,226.91,"5,273,310"
GLD,08/16/2024,231.99,"11,924,536"
GLD,08/19/2024,231.61,"5,164,817"
GLD,08/20/2024,232.46,"9,073,611"
GLD,08/21/2024,232.15,"5,337,388"
GLD,08/22/2024,229.37,"5,765,369"
GLD,08/23/2024,232.02,"5,418,171"
GLD,08/26/2024,232.76,"3,151,384"
GLD,08/27/2024,233.39,"4,435,606"
GLD,08/28/2024,231.75,"4,961,482"
GLD,08/29/2024,232.95,"5,524,161"
GLD,08/30/2024,231.29,"5,742,963"
GLD,09/02/2024,,
GLD,09/03/2024,230.29,"6,417,918"
GLD,09/04/2024,230.43,"4,695,980"
GLD,09/05/2024,232.35,"4,838,112"
GLD,09/06/2024,230.63,"6,315,824"
GLD,09/09/2024,231.6,"3,548,806"
GLD,09/10/2024,232.62,"4,378,349"
GLD,09/11/2024,232.25,"4,637,312"
GLD,09/12/2024,236.33,"9,944,986"
GLD,09/13/2024,238.68,"7,455,078"
GLD,09/16/2024,238.66,"4,713,541"
GLD,09/17/2024,237.34,"5,257,119"
GLD,09/18/2024,235.51,"11,081,114"
GLD,09/19/2024,239.17,"6,108,226"
GLD,09/20/2024,242.21,"7,737,416"
GLD,09/23/2024,242.68,"5,426,166"
GLD,09/24/2024,246.07,"8,386,348"
GLD,09/25/2024,245.73,"7,393,448"
GLD,09/26/2024,246.98,"7,041,063"
GLD,09/27/2024,245.02,"8,329,633"
GLD,09/30/2024,243.06,"6,919,352"
GLD,10/01/2024,245.61,"10,605,494"
GLD,10/02/2024,245.66,"6,798,783"
GLD,10/03/2024,245.49,"5,674,503"
GLD,10/04/2024,245,"5,951,628"
GLD,10/07/2024,244.17,"3,849,026"
GLD,10/08/2024,242.37,"7,669,807"
GLD,10/09/2024,241.05,"4,120,486"
GLD,10/10/2024,242.82,"4,792,690"
GLD,10/11/2024,245.47,"5,789,546"
GLD,10/14/2024,245.07,"3,922,892"
GLD,10/15/2024,245.92,"5,640,831"
GLD,10/16/2024,247.15,"5,431,939"
GLD,10/17/2024,248.63,"5,176,170"
GLD,10/18/2024,251.27,"7,833,614"
GLD,10/21/2024,251.22,"9,258,590"
GLD,10/22/2024,253.93,"5,756,321"
GLD,10/23/2024,250.87,"8,080,958"
GLD,10/24/2024,252.8,"5,962,188"
GLD,10/25/2024,253.32,"4,424,475"
GLD,10/28/2024,253.33,"4,029,110"
GLD,10/29/2024,256.09,"8,875,470"
GLD,10/30/2024,257.5,"6,386,196"
GLD,10/31/2024,253.51,"9,930,827"
GLD,11/01/2024,252.47,"6,473,012"
GLD,11/04/2024,252.83,"4,581,435"
GLD,11/05/2024,253.4,"6,029,884"
GLD,11/06/2024,245.7,"14,600,217"
GLD,11/07/2024,249.65,"8,821,445"
GLD,11/08/2024,247.96,"6,267,916"
GLD,11/11/2024,242.14,"11,653,848"
GLD,11/12/2024,240.05,"10,145,510"
GLD,11/13/2024,237.63,"8,431,694"
GLD,11/14/2024,237.01,"8,262,426"
GLD,11/15/2024,236.59,"7,299,482"
GLD,11/18/2024,241.09,"6,512,986"
GLD,11/19/2024,243.25,"6,579,103"
GLD,11/20/2024,244.62,"6,630,737"
GLD,11/21/2024,246.66,"7,646,429"
GLD,11/22/2024,249.84,"7,502,963"
GLD,11/25/2024,242.48,"10,733,109"
GLD,11/26/2024,242.95,"4,945,897"
GLD,11/27/2024,243.49,"6,930,587"
GLD,11/28/2024,,
GLD,11/29/2024,245.59,"2,708,494"
GLD,12/02/2024,243.44,"4,765,001"
GLD,12/03/2024,243.93,"3,557,819"
GLD,12/04/2024,244.67,"4,608,584"
GLD,12/05/2024,242.86,"4,806,206"
GLD,12/06/2024,242.95,"3,540,698"
GLD,12/09/2024,245.36,"4,711,536"
GLD,12/10/2024,248.59,"4,641,963"
GLD,12/11/2024,250.96,"11,033,776"
GLD,12/12/2024,247.28,"10,149,585"
GLD,12/13/2024,244.29,"6,602,591"
GLD,12/16/2024,244.88,"3,310,036"
GLD,12/17/2024,243.94,"4,421,339"
GLD,12/18/2024,239.26,"8,015,848"
GLD,12/19/2024,239.6,"8,113,568"
GLD,12/20/2024,242.1,"9,527,805"
GLD,12/23/2024,240.96,"5,835,498"
GLD,12/24/2024,241.44,"2,421,008"
GLD,12/25/2024,,
GLD,12/26/2024,243.07,"4,651,778"
GLD,12/27/2024,241.4,"4,728,440"
GLD,12/30/2024,240.63,"3,522,539"
GLD,12/31/2024,242.13,"2,522,102"